match_id	username	uid	vid
0	Kimble	2	5
1	Verto	3	1
2	interceptor	5	10
3	iSellPizza	7	16
4	ENZO	8	18
5	d33poutside	9	12
6	BooMstick	11	24
7	LudoTilMortem	12	28
8	Bigmeesh	13	30
9	MrMouse	14	26
10	WhenInDoubt	15	25
11	yummy5656	17	44
12	TheDearthStar	27	57
13	unknownfame	36	71
14	SuperRyanSmith33	38	77
15	themostseekrit	44	90
16	plasticA	50	105
17	nun1zz	51	96
18	Johnhunt	65	127
19	obelix	72	139
20	Anonamouse	77	142
21	Scattermind	81	152
22	Mammon	84	160
23	DanAnon	91	179
24	greenpercent	105	206
25	rrelite	108	213
26	makikaki	110	218
27	prozac	115	230
28	anonbearzinho	123	244
29	IronHeart	128	222
30	Brick	139	267
31	anony	143	274
32	bestamazonaccts	144	281
33	auntym	148	289
34	andigatel	153	299
35	alpha02	157	307
36	amando	159	303
37	SniperFox	160	309
38	thaiii	163	316
39	Easy_B	167	327
40	jokowi	169	329
41	sillyrascal	171	338
42	ray-mon	178	337
43	Xperia	183	164
44	fake	185	363
45	ucard	187	364
46	psyclerdude	192	381
46	psyclerdude	11638	381
47	Gold	199	409
47	Gold	23418	409
48	TitusPullo	204	341
49	afsr	207	420
50	450braiseit	211	429
51	GH0ST0WL	226	458
52	LaDeeGsus	230	482
53	HSCOWHJ	231	465
54	The_Real-PF	234	493
55	Bullionaire	240	512
56	Johnathanbates	243	519
57	jokr	248	525
58	luxo	250	278
59	cardiedavid	263	545
60	secret_hash	264	541
61	Evolution	269	527
62	ibuy456	271	61
63	DoubleT	277	568
64	forsaken103	281	573
65	susp3kt	282	576
66	LUIGiTheGreat	283	138
67	howlingmonkey	300	602
68	pepero	306	636
69	FliP	307	639
70	raskelly	312	166
71	3dollar	316	658
72	Ideal	317	663
73	Willpower	319	665
74	test02	320	627
75	the_dude2	322	652
76	juliabela	323	675
77	FreeFox	327	187
78	frapedaki12	328	687
79	cashreaper	331	695
80	CashCash	333	376
81	brulz8	340	710
82	Banker	342	715
83	CardingPDF	356	447
84	CiatronicSR	358	742
85	CowBe11s	359	653
86	jahoda	361	688
87	quailmast	368	757
88	uzar	372	232
89	imahuman	373	760
90	mopteam	376	421
91	nukefile	382	780
92	speedy	389	774
93	morgandunn	390	792
94	FRIM	393	759
95	clear	398	764
96	Altair	399	806
97	SierraRomeo	401	788
98	Dr_Acula	407	817
99	railguycc	411	826
100	Devil	423	843
101	angeleyes	425	24890
101	angeleyes	4316	24890
102	Cocainecowboy	437	846
103	lotus78	457	923
104	NealCaffrey	459	926
105	ukcigarettes	472	956
106	ezpz	474	959
107	n0unit	479	173
108	Vepyr	480	972
109	a6n89	483	680
110	BabyBlue	484	975
111	mlin	487	215
112	yesman	489	983
113	201679996	493	625
114	Tw1st3d	496	995
115	only	497	1001
115	only	497	6062
115	only	1857	1001
115	only	1857	6062
116	amg2014	501	998
117	DrRitchofen	502	1008
118	konstantinbrayko	521	1050
119	sterlingsilver	539	1087
120	felicia32	543	1099
121	asphalte	544	1100
122	decepticon	551	1115
123	serialnumbers	556	496
124	jesse_pinkman	562	17
125	scorpio	572	1170
126	godfather	573	227
127	NW-Nugz	575	1175
128	Kuello	593	1202
129	rellyromero83	597	335
130	juancos	599	310
131	clydesdalepig	600	209
132	oczykobry	603	334
133	hello_world	605	1224
134	poopmachine	606	980
135	abcd	607	721
136	Totothedog29	609	1229
137	Gorbaz	613	1245
138	mikedelacruz	617	1233
139	t3hk4hn	620	1252
140	HFacre	647	1339
141	skimascot	653	611
142	heisenberg	663	1155
143	crystalclear	666	1375
144	TehRah	668	1379
145	allyourbase	676	1394
146	flacko1313	681	1409
147	UKrime	683	1411
148	darkunion	689	1393
149	tesla	692	1430
150	wolfproduction	696	1408
151	RC4Everyone	700	1445
152	Xeth	702	751
153	DrEarnhardt	703	1456
154	Camill	705	1276
155	zoyd	710	52
156	IsellCC	712	207
157	Cypher	719	678
158	trabbadoo	723	1368
159	anonpsychosis	724	1516
160	Doisti74	733	1484
161	getm0n3y	734	1533
162	kovkov75	738	1550
163	osokrazy77	743	1551
164	silverapples	744	1554
165	Bot13579	746	1358
166	hax0r	747	1556
167	mediterrano	756	1590
168	Samson	767	510
169	hacking	768	1607
170	ppman	782	1288
171	sharky	784	1569
172	balo77	788	1669
173	Container45158	792	1680
174	Secilon	807	1707
175	sparrowkiller	811	1687
176	Beachside	819	1603
177	MEGA_PHARMA	822	1731
178	bjason	829	1747
179	userabuser	840	1758
180	irockfm2	841	1764
181	Yasuo	842	1767
182	eyesonly456	844	1750
183	Coin	846	1783
184	BlakBird	849	1589
185	DonHector	877	1850
186	pdxblack	880	1744
187	sonics	885	1860
188	mrwaterhands	893	1796
189	smart666tiger	904	1833
190	RoxiRevolution	908	1896
191	Rubix	909	229
192	jupyx	916	1924
193	MachineElves	919	1938
194	TheKushLife	921	1945
195	Idman	922	1948
196	SmoothCriminal	924	1950
197	Demonfifa	928	1962
198	deltaconnection	935	1973
199	heosuavn	937	1978
200	ginetto	949	587
201	CheapPP	951	2018
202	Utopia	966	2043
203	cadman1	968	1799
204	JulesWinnfield	991	2089
205	Silky-Smooth	1023	2157
206	WoHeLo	1033	2174
207	CashKing	1037	2185
208	TatyThai	1042	2195
209	safetybets	1049	1006
210	frugo	1053	2214
211	bouyaka	1054	1827
212	newlife	1056	1789
213	GermanySupport	1063	2238
213	GermanySupport	14537	2238
214	moneymoney2020	1072	2231
215	krakenwagen	1074	1042
216	selectraz	1076	1705
217	gilevich	1079	2262
218	monkey	1086	2299
219	pl3r	1093	2308
220	StillTerminal	1107	2351
221	ds0699	1116	971
222	conradhann	1118	2375
223	sterling	1124	2389
224	stoney	1132	2409
225	und3r_	1134	1220
226	Cannaseed	1138	1325
227	0x33	1156	546
228	DunDeal	1171	2543
229	l3gion	1173	2551
230	bigjim	1179	2107
231	PurpleLotus	1181	2576
232	Skippy	1182	2585
233	realias	1183	2581
234	toffler	1186	888
235	mdparity	1188	98
236	alphawolf89	1190	2596
237	surmano	1196	2219
238	maxhavelaar	1197	2605
239	infotrade	1199	2392
240	kill_the_noise	1200	2608
241	transcendence	1207	2627
242	cl3verm4n	1209	1588
243	rdpking	1217	2659
244	sissosisso	1230	2700
245	stealthman	1240	2725
246	eucards	1243	2701
247	MLCExpress	1250	2764
248	SamWalton	1252	113
249	Timmy	1256	2785
250	klosterbier	1258	2718
251	kesh	1268	2818
252	T0gS5t1n	1282	2848
253	shopstungun	1288	1754
254	0Cool	1291	2835
255	Red-CCC	1292	2882
256	bas30	1293	2623
257	yourfraudfriend	1303	1221
258	Ch3mist	1326	2983
259	theonly	1332	2998
260	kimera	1335	2927
261	groupok	1336	2260
262	MasterHax	1338	3010
263	Sacky	1341	2723
264	aquarius	1346	3036
265	RICH_KUKLINSKI	1349	3058
266	WilliamShatner	1358	3081
267	42FE0212D6-Store	1359	3082
268	BrazilSeedCo	1373	3119
269	Themoneyman	1377	2073
270	kmczboy	1379	2092
271	jpinkman	1381	3138
272	wefinance	1382	3123
273	BlackLabel	1383	3149
274	ihackdarkweb	1387	3165
275	begood	1393	3172
276	Stimulust	1399	3185
277	TurtleTime	1401	3051
278	cabbie786	1407	3205
279	Obsidian	1410	3208
280	GreenThumb	1411	2771
281	dupont	1421	3270
282	Loki71	1422	1787
283	optdread	1424	3073
284	helpyoustudy	1430	3302
285	JoeBloggs	1434	3316
286	CrystalCastles	1450	3327
287	mizikurov	1459	3360
288	fun-gee	1463	3392
288	fun-gee	1668	3392
289	THCXpert	1465	3394
290	magikkitty	1473	3424
291	tow-u1	1475	962
292	sn88p	1487	153
293	MedIndia	1490	3461
294	izzywicked	1493	3147
295	HighQuality	1501	3275
296	DRshrooms	1503	3507
297	Daxx	1505	1936
298	1timefooled	1506	3533
299	trey3rd	1509	2303
300	TheNetherlands	1523	2571
301	zabbebi	1532	2838
302	MadReefer	1537	3646
303	titlvr	1543	3667
304	ARGOS	1545	3670
305	KeepCalmItsMe	1548	3000
306	gripper	1553	3523
307	jojikon	1555	3467
308	iBank	1560	3742
309	lokmannen	1564	3733
310	Pandoor	1565	3746
311	Moniker	1578	3815
312	justincase2k15	1581	3827
313	dutchhaze	1593	3877
314	crystal_castles	1596	3852
315	Veeker	1600	3901
316	kratas	1613	556
317	EZTest	1615	3974
318	masterlinx	1624	348
319	theguru	1625	159
320	Tzuntzu	1630	4083
321	TheBudFather	1635	4100
322	VietJoker2004	1639	4101
323	paulx	1643	4143
324	DeadlyData	1648	4167
325	kalashnikov	1649	4165
326	mrbob	1650	1559
327	PIMP	1653	4131
328	flawlessfakeids	1656	4198
329	pinkPANTHER33	1670	4259
330	cashout289	1671	3708
331	AnonUserTitle	1675	4293
332	panino	1677	3554
333	pocketscale	1679	4132
334	criminalmind	1681	4258
335	DrDimento	1699	2529
336	TheTORAgera	1701	4386
337	queen	1703	4388
338	MasterSplynter2	1707	4393
339	Design	1708	4398
340	pierdole	1713	2865
341	BenzoBro	1714	4422
342	VerdeLimon	1717	4428
343	SexUnderTheSun	1728	4433
344	statesmann	1731	4469
345	i34e3ni	1742	3748
346	skinwalker	1759	3863
347	Crazy-Eights	1760	4554
348	cannawholesale	1763	4603
349	SuperStealthSam	1766	4629
350	konthaar	1774	4196
351	PESL	1783	4715
352	Texas	1787	694
353	Musafa	1788	4502
354	shadowreference	1789	4744
355	gideonstargrave	1791	4750
356	delmar813	1795	4249
357	WickedWolf	1798	4863
358	selector	1799	4797
359	titta	1809	5005
360	Dark_Mart	1810	5013
361	cerberus	1814	2436
362	GoodieGumDrops	1827	3864
363	CrystalShip	1828	5284
364	happyday	1830	5321
365	PillfirePharmacy	1832	5368
366	disframe	1838	2661
367	Hesh	1839	5591
368	StrattonOakmont	1840	4475
369	PHARMCONNECTION	1847	5845
370	SuperInk	1855	6015
371	xyrius16	1856	4901
372	theanchor	1862	6201
373	UniqueTreesInc	1863	6227
374	HimalayanBlues	1866	4716
375	torteamster	1867	5352
376	SaulSilver	1873	6174
377	RaulGallardo	1874	4192
378	SaltnPepper	1879	6234
379	obliviron	1886	6399
380	terabithia	1897	6556
381	God_Seller	1902	5338
382	CARLOS	1915	6788
383	PartySupplies	1928	7101
384	Bungee54	1935	7208
385	madd0g	1945	7360
386	BTCquick	1948	7384
387	freak4weed	1949	1123
388	mazuba	1960	7165
389	freshvybz	1970	7216
390	AnonOps	1975	7597
391	Luxor	1977	5317
392	SmokinSome	1979	3855
393	meatmaster	1981	6881
394	iSellShit	1982	3096
395	zypper	1988	6009
396	cashoutking	1990	3789
397	crazycroky	2000	7525
398	OxyMan	2006	7845
399	iSellInfo	2008	2475
400	quayvn	2010	7709
401	rvrefugee	2018	7880
402	AlbertHashMan	2026	7452
403	szad	2027	1448
404	Vindication	2037	8054
405	LMHTVietJoker	2051	7298
406	bitbybit	2052	7937
407	weed10	2058	2127
408	roxas	2065	8264
409	gotROOT	2067	5747
410	MiniDeal	2069	8305
411	ReDEyE	2071	8322
411	ReDEyE	19877	8322
412	tobicc	2074	8273
413	instagrams	2075	8337
414	haine-zoo	2077	8185
415	highlander	2084	4753
416	aus_gear	2085	8153
417	solobin	2088	8450
418	DeSnake	2094	8470
419	maxdoc36	2111	6911
420	joedirt	2115	8743
421	businessdude	2124	4911
422	Whitenose-UK	2131	8957
423	onesalient	2133	8840
424	futureway	2141	8704
425	cyberponk	2143	9077
426	ciornas07	2144	8732
427	SiCk_In_Da_HeD	2149	3991
428	fanmanstan	2150	9117
429	stewmaker	2161	7137
430	privatepete	2162	9232
431	theblossom	2179	9101
432	AngelOfDeath	2180	9377
433	ambra	2184	7881
434	WinstonWolfe	2188	9425
435	wethepeople	2191	9460
436	brazilfuck	2192	9465
437	Newnewportpls	2193	9452
438	partygibbon	2195	8267
439	CLONED	2213	5308
440	Green_eggs48	2215	9558
441	TheDruMonSer	2216	9556
442	iarbaheroina	2218	9629
443	Honey_Badgers	2223	9656
444	damatter	2226	9689
445	K4KS	2231	9719
446	casher5050	2232	9761
447	highflyer	2239	7489
448	007inG	2247	9904
449	RighteousOne	2253	10009
450	SeedsUSA	2260	9791
451	Honestseller	2278	5118
452	Loginpro	2287	10281
453	conscript	2320	4454
454	nakamoto	2327	10540
455	kagar_	2336	6703
456	Phedro	2363	7003
457	MrSheep	2364	10609
458	Android	2367	10872
459	mikinosonja	2381	10127
460	blueberry	2382	10975
461	FalzorElectron	2383	10722
462	casperhaxx	2385	11005
463	CashoutKings	2387	10966
464	VendingSolutions	2388	10831
465	OneDirection	2392	9120
466	CasualCarder	2393	10724
467	aidoneus	2396	11058
468	FerrariBlack	2415	2860
469	PerfectScans	2420	11173
470	idealpills	2421	10958
471	tonysoprano	2432	11292
472	lulxcrypter	2439	11257
473	pacificpremium	2450	11485
473	pacificpremium	7952	11485
474	johnspaypalstore	2457	1958
475	TrapHouse	2469	11680
476	fakeasanything	2477	11766
477	nobash	2479	11828
478	stanman1	2491	11920
479	Calibud2014	2494	10156
480	Walmart	2497	11937
481	ribelle79	2500	4157
482	ADHD	2503	6581
483	hubble	2507	12052
484	Highroller	2512	12122
485	noxom	2518	12075
486	elmachico777	2521	1422
487	tesco	2524	3269
488	First	2525	12201
489	reds5	2527	12206
490	Mr-A-Mazon	2530	12231
491	uglyduck	2539	12394
492	CAGIVA25001	2544	12317
493	coriolis	2546	12473
494	SourceX	2551	12525
495	livinglarge	2554	11836
496	CCStore	2556	4066
497	red8	2558	7264
498	ammoshopen	2562	12623
499	gonz324	2564	12634
500	hackthegibson	2582	12761
501	novocaine	2586	12819
502	haribo2014	2595	12751
503	bluemovietheater	2607	9645
504	bamiblok	2609	9331
505	BestOn3	2611	12816
506	NotNull	2612	10111
507	drjekillmrhaze	2613	13104
508	TheBlackGod	2621	11697
509	kaliProducts	2633	12729
510	TustHak78	2636	11082
511	doctormoney	2642	2928
512	superstrains	2643	11462
513	melxx	2644	13306
514	AliceInHolland	2646	11528
515	coinwizard	2658	12711
516	freefree	2664	12026
517	penissmith	2672	13753
518	Daffy1324	2675	13796
519	RefreshYourself	2684	13754
520	mexarious	2686	13923
521	GrowerSupreme	2689	13990
522	deeporder	2695	14032
523	luxury4less	2703	13980
524	cardghost	2709	13866
525	OrderOfPhoenix	2710	14164
526	MSRv010	2714	14147
527	balkanshop	2718	14192
528	dannymore	2724	11149
529	meebo	2732	14159
530	Miaa	2778	2114
531	boris	2804	4802
532	DiegoMaradona	2806	7785
533	snaketrain	2810	9925
534	chemicalprincess	2812	13137
535	AussieRX	2815	14418
536	Steel	2818	14750
537	Sally_me	2819	14403
538	coolcoolcool	2820	8882
539	Msneeditnow	2826	13643
540	The_variable	2846	14868
541	DarkMark	2889	14913
542	darkcd	2891	14592
543	str82sun	2919	11805
544	zioni	2920	15094
545	Godspeed	2923	9090
546	saguaro	2926	10606
547	synaptic	2931	15169
548	santiago1	2945	14862
549	Spinifex	2947	15337
550	UKHighGrade	2951	15377
551	Deceptikon	2952	15412
552	blaxton	2955	15441
553	MrSaturn	2956	15452
554	cocteau	2965	15487
555	melaro	2985	12876
556	elkingo	2987	14086
557	LetsSellDrugs	2992	15420
558	AfriKanSun	3004	15595
559	elvis	3009	15263
560	kemykems	3017	12803
561	ECCCannabis	3020	15611
562	FatherTed	3021	14345
563	Linda	3029	15768
564	Assassin308	3032	15287
565	SleVen	3037	13474
566	Scarz	3041	15839
567	went_fur	3042	15460
568	PICADILLO	3046	15101
569	Shin	3047	15833
570	The_Plug	3058	15980
571	kinger	3059	15983
572	leorable	3060	15769
573	8bkh2nbv	3064	16030
574	themagpie	3065	4054
575	theTreeShop	3066	16039
576	beiijing	3070	16046
577	savagehenry	3075	15386
578	Quag	3079	13825
579	WalmartSC	3084	16173
580	BURGLED	3087	10364
581	Fatality	3089	16228
582	aussiequality	3092	15847
583	OzCron	3101	16288
584	lafloche	3113	5057
585	Rexx_	3130	16557
586	thebudbrokers	3136	3187
587	boogaloo	3137	15790
588	vonPlatypus	3143	16185
589	ronaldo20	3151	1073
590	Etuna	3156	15448
591	dibbo	3160	14756
592	dazzler	3161	16890
593	mkkm	3162	5520
594	edition	3165	10918
595	monellosik	3169	4250
596	MollyPocket	3178	17039
597	TheWhiteShadow	3185	16171
598	doctorstoner	3186	15425
599	allchem	3190	16655
600	Febbraio2468	3191	17168
601	OrgaChron	3195	16751
602	BossCaliBud	3196	17151
603	DigitalShop	3198	17212
604	D_PUSHER	3200	17215
605	peteypablo	3203	16727
606	BogoDomino	3205	17246
607	ShroompaLoompa	3212	17252
608	budbrother	3213	17107
609	noquarter	3218	17343
610	UKsupply	3234	16598
611	shvrz	3239	17175
612	AlbertHeijn	3245	17538
613	Monegrosfestival	3252	17584
614	jerseycow	3254	17585
615	Goldexpert	3255	17605
616	EuroDrugs	3256	17612
617	ohjohnsells	3257	17280
618	HelloUS	3258	17620
619	Sportlife	3259	17621
620	DeepMeds	3263	13981
621	Asphyxiated	3278	4951
622	WeRoll	3279	7585
623	conservativejew	3285	12490
624	rumi	3287	17844
625	Apollonian	3290	17855
626	JosephMengele88	3292	15644
627	RandomDude	3294	17892
628	frank-lucas	3296	15564
629	ItsJustGuns	3298	17927
630	grimes	3321	18118
631	taptoc	3323	18125
632	BillyBobJoe	3327	18099
633	1937omerta1937	3333	18303
634	mickaldinho	3372	14089
635	keno13	3373	18182
636	JohnnyAlpha	3378	18396
637	DewbNewb	3384	16693
638	Bisto	3389	18188
638	Bisto	6621	18188
639	ghostmobbb	3415	18497
640	Omnix	3429	17248
641	neuroguy	3432	18576
642	theMentor	3435	18554
643	nomad	3444	18629
644	Lenin_Cat	3445	18681
645	Cannabis	3446	18689
646	canadiandrugs	3454	18331
647	Quade	3460	18392
648	SunnySouthAfrica	3467	3436
649	kidrainX	3468	13109
650	MorphineDr	3469	16842
651	the_firm	3471	18874
652	lizardtub	3472	18835
653	Guns_Ammo	3480	18935
654	blackedition	3483	9202
655	Drops4you	3485	18969
656	bloodyrednose777	3487	14191
657	Double-Helix	3488	16475
658	WeedConnect	3490	18763
659	dragoncove	3493	17804
660	Exer	3505	19105
661	Intoxicated	3506	19085
662	Spencer	3507	14243
663	cheapsmallweed	3509	19032
664	CaliforniaDreams	3513	16774
665	m3ko	3514	15908
666	DutchMasters	3515	3442
667	hatchet13a	3516	2802
668	bulkbuzz	3522	19168
669	PhoenixPharms	3534	18786
670	KittenHuffer	3539	17646
671	malakoff	3541	19352
672	Belfort	3544	19072
673	Straightbiz	3546	19366
674	SilkyJohnson	3551	19318
675	DOLLAZ	3555	19441
676	cheguevara	3563	17736
677	Mandrax4all	3564	19505
678	pure12	3569	16187
679	Elaborate	3582	18850
680	Neah	3583	19294
681	robinhood	3585	19346
682	drganji	3604	7108
683	UKWHITE	3615	19826
684	ebayseller	3624	19846
685	TutorialMaster	3630	19724
686	Prof_W	3636	4260
687	hollywoodbc	3639	19337
688	SubsRgood	3641	19923
689	capncompound	3646	18727
690	erb12	3661	19997
691	dqdutchquality	3672	19425
692	tesco-codes	3681	16949
693	SyntaX	3682	285
694	boomers	3690	20176
695	ChinaChem	3694	17400
696	timeismoney	3697	12767
697	d0pem0use	3698	20099
698	GentsChoice	3702	21118
699	DanishGold	3703	20310
700	Swaziland	3704	19544
701	MasterOfDarkness	3705	16896
702	Battista	3706	20316
703	princess420	3711	20033
704	HappyBirthday2U	3720	20249
705	AussieCrystal	3722	18873
706	darlapie	3723	3770
707	MountainBuds	3725	19928
708	Machine_Elf	3730	19281
709	GetBTC	3732	20600
710	Page_Not_Found	3737	20650
711	vbmanpf	3749	20527
712	Kyohkain	3751	14174
713	BlackStorm	3765	20992
714	fairtrade	3766	20331
715	OZTEAM	3771	21031
716	kobrivoje	3784	18932
717	CamiloCienfuegos	3785	19342
718	PhishermanFriend	3786	21071
719	badboy420	3790	20274
720	0t4c0n	3793	4272
721	modalsol	3798	16794
722	BinJammin	3802	18759
723	ShaunDasSchaf	3807	13011
724	Markovich	3809	9920
724	Markovich	3809	21036
725	NewMind	3810	21306
726	SiriousHevol	3815	12983
727	Sadik	3816	8167
728	madscientist	3819	21116
729	GermanWeedStore	3827	20448
730	SWEETS	3834	8974
731	Narasimha	3836	18644
732	AlexSosa1KG	3848	21578
733	autodidakt	3849	17560
734	camaleonte	3850	20292
735	cashmoney	3857	15103
736	When	3858	21649
737	ulfberht	3869	21740
738	NOWTHATSTHESTUFF	3870	20470
739	JustSmuggledN	3873	21364
739	JustSmuggledN	7460	21364
740	MaximusDecimus	3875	21770
741	formula1	3876	21625
742	OzDomestic	3889	17841
743	methaqualone	3897	21904
744	Rotweiler	3898	21667
745	upsidedown123	3900	20005
746	DionysusLabs	3915	21998
747	MrAcab	3916	21774
748	addguy	3921	19496
749	Alexandrea	3926	22073
750	fnugs	3927	21272
751	ukxtc	3938	22121
752	unodos	3942	14094
753	ArmingTheWorld	3943	22187
754	emeraldgemini	3944	22185
755	popadoppalus	3949	2919
756	ukmedsdiazepam	3953	22279
757	Netfix	3960	17425
758	bcdirect	3967	17543
759	btcshop	3971	21094
760	PegasuS	3972	22416
761	CalmBlueOcean	3973	22418
762	haisenberg	3974	22419
763	rapidisimo	3978	20647
764	anonytrenton	3980	22472
765	Milkify	3982	21365
766	marchal	3990	22432
767	PURPLEPURPLE	3993	4633
768	Atheist666	3997	17891
769	LuckyDolphin	4003	22606
770	kalaba	4004	21057
771	ImperialRussia	4006	22622
772	UK-Kezzle	4023	22725
773	Diamonds	4025	18489
774	MushMouth	4027	22547
775	ingenious	4028	12295
776	mlody2	4030	8489
777	justxanax	4035	22822
778	MrGreenGuy	4040	11992
779	Cerati	4042	21270
780	Grandeur	4046	22927
781	Waitrose	4058	17874
782	DieselOnly	4062	15848
783	misterrogers	4078	18592
784	DiazNL	4121	23059
785	yessimessi	4123	20707
786	getbase	4124	29
787	REALRX	4126	12610
787	REALRX	4126	19434
788	ronaldo68	4132	23191
789	mania	4137	23261
790	Cardservice	4139	23541
791	BlueLagoon	4145	22843
792	187ACAB	4146	23483
793	greybee	4148	23325
794	Benihana	4157	23435
795	Dough	4160	23368
796	Conciliare	4162	23546
797	WU-snake	4163	23665
798	amsterdam7uplier	4167	20451
799	jrunny	4168	23595
800	BandUp	4172	18035
801	photoscan	4174	23584
802	carlos_lopez	4175	23655
802	carlos_lopez	4175	42136
802	carlos_lopez	31664	23655
802	carlos_lopez	31664	42136
803	iSellCards	4182	23420
804	UKmandyMAN	4188	23865
805	Baal	4190	5058
806	GoingPostalGroup	4195	23931
807	evorutions	4198	21980
808	whiteyford	4201	14207
808	whiteyford	12072	14207
809	motorhead10103	4202	23999
810	TheLittleGuys	4203	15429
811	lightsmoker	4206	14203
812	AlbertHoffman194	4208	24070
813	TheBusinessMan	4212	24072
814	Visafreetravel	4214	24105
815	luxiferisgay	4221	23846
816	Acre	4223	20398
817	ZX4785	4232	24085
818	br3aker	4239	24248
819	noobsguide	4243	23424
820	OpenSource	4250	23553
821	ReadySetGo	4253	17829
822	BitStorm	4255	24397
823	FrankSuper61	4257	24099
824	chemicals_4u	4260	24438
825	ilikedrugs4life	4262	16513
826	MaxPrince	4263	24287
827	-ThePakistani-	4266	24098
828	DanTheMan	4267	7748
829	keydemon	4271	23323
830	aymo	4284	24629
831	dimitri	4287	24650
832	potentstoned	4298	24742
833	jeanobed	4299	5243
834	evilgrin	4307	4308
835	TaobaoTeam	4317	12614
836	RandyM	4322	24979
837	NewTime	4323	21356
838	BITW	4327	25041
839	DrVapor	4338	25100
840	bobandmargaret	4340	22443
841	HAPPYholland	4344	12574
842	CouponKing	4354	23428
843	CandyShop	4359	25262
844	SpotSupply	4361	25309
845	cashandcoke	4365	21754
846	Samtung111	4369	25381
847	falken1989	4371	25385
848	Transcendental	4377	23579
849	CocaParis	4382	15121
850	Rainman322	4383	25420
851	frank	4385	25410
852	RCBKUSA	4386	25478
853	MR-H	4390	25506
854	DrPlatypus	4393	24472
855	Hypnotoad	4394	24341
856	info4u	4401	25589
857	kriminale	4411	24344
858	apexbean	4414	25645
859	YouGetVerified	4415	25680
860	vovka	4417	25671
861	LabSupply	4419	25427
862	smoogh	4420	25235
863	bumblebee_uk	4422	20111
864	hihipaul	4428	25271
865	dbaggins	4430	21785
866	greenfactory	4435	25827
867	JuzJenny	4436	25840
868	thedarkcarder	4437	20959
869	badoctorwho	4443	20213
870	onionseller	4445	25317
871	MeltingBliss	4450	25944
872	ambitiouz	4451	25732
873	cannabisking	4456	25466
874	Cartel	4457	26615
875	mercurius	4459	26546
876	isellssn	4460	26745
877	FattusCatteratus	4465	26800
878	Aracay	4467	21653
879	DrWhite	4488	24662
880	BINGFLAMINGO	4490	27253
881	BHOSale	4491	25808
882	healthyhigh	4492	23500
883	DarkNetInsurance	4493	27461
884	happydappy	4498	26234
885	NYer420	4502	26666
886	johnnyanybody	4503	27699
887	QuikConnect	4506	27782
888	MegaMandy	4508	23398
889	SpreadingLove	4515	19292
890	CharlesBrown	4518	28227
891	fuzzyduck123	4519	23067
892	epicpillz456	4525	28270
893	sj1982	4527	24953
894	barrenDay	4528	28323
895	fakeidmarket	4535	20914
896	oldskool	4536	22728
897	makhter	4551	28360
898	julian99	4552	28794
899	SprakleShack	4564	20070
900	onlineshop	4569	29074
901	Neophi	4571	25264
902	Dr-Oz	4585	24959
903	rockyroad14	4590	29353
904	5entanyl	4592	20841
905	talkingelmo	4607	28900
906	RefundGuy	4609	29944
907	ukweed	4610	29883
908	JessicaRabbit	4614	29658
909	PearlyWhites	4618	29329
910	HOCs	4628	30691
911	HYPER2Cube	4629	30181
912	Pauly300	4631	24487
913	gimmeYAmoney	4632	30732
914	europedrugs	4633	18851
915	bannedebooks	4642	23339
916	Skiffle	4647	29897
917	Camden	4652	31248
918	cashmoney1	4667	31222
919	carloslopez	4668	30422
920	Sfxwizz	4670	20792
921	stillinger2_0	4674	30716
922	ArgentinaLove	4683	32189
923	TheBlackCompany	4685	25988
924	SatoshiDice	4705	27226
925	HappyHerbs	4709	19735
926	subterfugeteam	4711	22206
927	IrishConnection	4712	32772
928	deliciousweed	4728	26863
929	fitnessNherb	4729	33560
930	navyseal1	4732	25195
931	magicshop	4744	34000
932	Kushman	4746	34046
933	rubymoonlight	4747	30514
934	medicalfirm	4749	34232
935	coinocopia	4756	3743
936	The-Krakon	4757	23947
937	CheapestPills	4759	34402
938	USDomestic	4761	25236
939	l1ttlef1nger	4766	34725
940	tictactoejack_	4768	34758
941	littlenicky	4769	34759
942	Superdrugs	4773	34964
943	ChiTownMafia	4784	34697
944	product	4788	9432
945	HiSpeed	4789	34949
946	GermanOpioids	4791	35439
947	AnimalPlanet	4798	31795
948	swazigold	4799	35676
949	Willowsmom	4803	16763
950	MisterDynamite	4807	35786
951	deloat	4810	35833
952	spectrum	4811	35835
953	swecan	4812	9307
954	sw4g	4816	35889
955	SpeakEasyUK	4817	35890
956	SkypeMan	4818	35885
957	Stallin	4819	35915
958	AgAccounts	4821	18859
959	TrickleDownInc	4844	27435
960	Godlike	4849	36172
961	flappydfoc	4850	36207
962	TheBTCRaffle	4859	36123
963	pomahirop	4870	36048
964	Emerald_organics	4875	31074
965	CryptoQu33n	4879	36389
966	babidi96	4881	30972
967	FAKE50EUROSGUIDE	4884	36429
968	Westpac	4885	36433
969	gargamella	4889	36372
970	mamboking	4896	22507
971	mikegonna11	4898	24088
972	howardhughes	4902	34732
973	Sidious	4905	35115
974	rondpunt	4907	36292
975	DonkeySausage	4910	36600
976	Heartless	4911	36609
977	chemsnmore	4913	36602
978	vallum	4915	25985
979	Skas	4935	33819
980	Omni	4937	36878
981	DIRK	4946	36121
982	sneeky	4949	20775
983	secretbuds	4961	36601
984	OMGADD	4967	36474
985	Capri-Sonne	4971	8517
986	snowball_II	4973	18436
987	lovol	4980	11529
988	theben	4985	37558
989	sickofseattle	4987	37242
990	d4rqc4rd3r	4989	36978
991	prometheus	4990	36481
992	alchemist_hermes	4991	25978
993	Derek4Real	4999	24692
994	dilo28	5006	9455
995	dukefield	5012	21822
996	snapback	5013	3235
997	paris_hilton	5014	37945
998	Krypton	5016	22434
999	Stayinglow	5023	37659
1000	Phil_Ivey	5026	37951
1001	post	5029	38133
1002	stackcash	5031	38009
1003	RaZoR8	5032	38227
1004	Blank000	5038	38263
1005	X-Men	5042	25889
1006	fitzgibbon	5061	38582
1007	ChipChipperson	5072	38144
1008	berrian	5076	38721
1009	DutchPride	5086	22180
1010	jnenfrancis	5093	37735
1011	TeknoSmoke	5101	6686
1012	thebigbawls	5103	20208
1013	DoMoreTryptamine	5107	20296
1014	Plunderdownunder	5114	36537
1015	EvolTwin	5116	37701
1016	walkers	5120	8339
1017	michiamomini	5126	29342
1018	fyrestorm	5127	39357
1019	effeDRON	5134	31741
1020	Epan	5141	28077
1021	ukmedsnew	5143	39525
1022	CannabisCompany	5145	39564
1023	festerbester	5149	38975
1024	coco	5151	8670
1025	BudsBuds	5155	37693
1026	beaver	5160	30371
1027	Interways	5165	39819
1028	BulKKing	5166	37133
1029	hashandweed	5177	28398
1030	j0ker1	5181	37981
1031	party_supply	5186	39965
1032	CMammal	5190	39992
1033	sawmanau	5195	40113
1034	FOX-15	5199	25848
1035	Auscoke1	5203	40197
1036	KALACHA	5205	40199
1037	jeko	5211	14323
1038	bundymunman	5216	38832
1039	t3h_fonz	5220	34424
1040	evopee911	5230	12748
1041	artash	5233	36444
1042	goosehash1	5234	40453
1043	cryptobud	5235	39862
1044	HUNweed	5246	40589
1045	safe4u	5253	25644
1046	wanderlei44	5260	6284
1047	westcoastconnect	5261	40421
1048	AmazonRefundsUS	5268	40774
1049	NORWEGIANcom	5270	23063
1050	tramadol	5275	33218
1051	fredthebaker	5296	22952
1051	fredthebaker	5296	39108
1052	hackerman	5301	41033
1053	ChemNerd	5311	41012
1054	AmsterdamConnect	5332	40721
1055	ching	5337	41341
1056	barnes1	5338	41374
1057	lhommemasquer	5385	29607
1058	FlyingDrugsman	5387	41669
1059	AddyBoBaddy	5392	41574
1060	Meatball	5393	41676
1061	manobra	5403	36682
1062	badhabit	5408	38739
1063	elgeneral768	5409	38886
1064	fahr	5416	40658
1065	CarlitosGarcia	5435	21041
1066	escape	5447	21354
1067	victorinox1234	5448	41834
1068	digitalpossi2014	5451	15313
1069	iSellGuides	5455	42208
1070	charlesmf	5465	42065
1071	macin	5467	42455
1072	BlackMask	5478	42651
1073	ViBE	5492	42862
1074	The_Pr03	5497	17415
1075	DEweed	5498	36703
1076	holycomic	5502	42912
1077	highasakite	5505	25179
1078	alchemycd	5515	43147
1079	flaxceed	5520	43209
1080	geronimo	5525	43274
1081	Overstock	5526	43281
1082	trolltergeist	5528	43305
1083	MedRight	5532	42986
1084	eur0hash	5537	42317
1085	Thirtyrox	5538	43271
1086	andreas	5542	24607
1087	g1n63	5546	42798
1088	Mr2011	5553	12768
1089	SCIdmt	5556	133875
1089	SCIdmt	13960	133875
1089	SCIdmt	26573	133875
1090	quickfix	5558	43019
1091	MagicHat	5567	42127
1092	BorkinBorks	5591	43753
1093	FredsMeds	5594	43432
1094	DanteRandal13	5602	40416
1095	PaypalVCC	5618	44191
1096	Najtek	5619	44184
1097	KennyPowersDNM	5623	44210
1098	SpyMax	5629	10499
1099	NoName21	5639	20824
1100	btcthc	5651	43157
1101	Whackamole	5657	44002
1102	Vendor0107	5676	44274
1103	rainbowbear	5683	36627
1104	thisnthat	5684	25771
1105	SMOOTHCRIMINALnl	5691	42134
1106	Joe0709	5699	42122
1107	MissTripz	5702	44760
1108	DespicableMe	5717	35884
1109	vicious86	5719	25142
1110	Hank	5727	3086
1111	KushDepot	5728	45248
1112	elixer	5733	25818
1113	ThePartyDepot	5737	45448
1114	stichguysells	5742	42029
1115	books4theug	5754	6661
1116	DarkVendor	5763	43456
1117	earljarlborg	5801	45801
1118	everywhere	5817	44015
1119	QuickSubs	5822	38218
1120	MedicalRC	5824	46012
1121	TripWithScience	5851	45402
1122	bleak	5868	41360
1123	stoeprand	5874	46299
1124	ohman1988	5903	32462
1125	dutchdiehard	5922	18994
1126	lsdooski	5925	40731
1127	ESLight	5945	47175
1128	Skyvype	5970	15537
1129	boonzick420	5971	43741
1130	SiGGy	5974	47943
1131	Tehjamie	5975	18087
1132	willgaines	5987	40121
1133	aussieprime	5996	12953
1134	AdventureTime	6003	114035
1134	AdventureTime	11908	114035
1135	CipherCracks	6010	14115
1136	MarcelKetman	6029	16900
1136	MarcelKetman	6029	47526
1137	EgoEchoes	6033	36498
1138	Magicalthings123	6061	49191
1139	TopHacker	6069	36042
1140	psychotropix	6085	39201
1141	MISSH	6088	25876
1142	digitalpunk	6092	17721
1143	themoneymaker	6103	3944
1144	carteldelnorte	6112	17535
1145	azuthus	6113	18416
1146	isus80	6120	11897
1147	dogpile14	6123	28871
1148	RetailPharma	6125	48331
1149	blackbazar	6152	13031
1150	eXe_eXe	6153	36073
1151	NotoSeller	6176	16581
1152	xxxll	6180	50920
1153	rockyroad88	6191	50115
1154	Medibank	6201	38815
1155	johnnybravo818	6244	41084
1156	DrugWizard	6247	49649
1157	nancybotwin	6250	8248
1158	Ergota	6256	52002
1159	Sensi	6260	38643
1160	DarkLikes	6282	35707
1161	eKriminell	6290	52412
1162	WhiteChapel	6296	36067
1163	JohnDavis	6306	52168
1164	projeccao	6311	17690
1165	jabberwocky	6334	40599
1166	VoucherExpress	6372	48468
1167	Doritos	6379	52684
1168	rabbithole	6380	53388
1169	Drugs4you	6391	53629
1170	Heizenberg	6393	12648
1171	Study_Buddy	6400	44357
1172	GoombaShop	6409	29189
1173	infinitum	6411	42646
1174	ImportDirect	6416	53640
1175	Qd6Yo9C	6419	40442
1176	RickyFittz	6424	30123
1177	sdaf156e	6429	21420
1178	TrevorPhilipsInc	6446	16575
1179	VamonosDab	6448	4090
1180	TheOxyKings	6480	39947
1181	soulrebel	6481	54852
1182	FakeMarket	6500	25709
1183	GoingPostal	6504	55201
1184	MXE_Dealer	6507	49238
1185	Ebook-Er	6535	23829
1186	privateqe	6546	42224
1187	ArnoldPalmer	6559	55941
1188	idontknow	6561	13733
1189	turkish_barber	6563	55097
1190	DrugsLover	6580	17810
1191	cashtrade	6581	53106
1192	tescoboost	6582	19371
1193	HonestCocaine	6584	45374
1194	hqdope	6589	56051
1195	thekaz	6668	13378
1196	Adhrann	6707	26783
1197	HerbsHeaven	6710	40738
1198	whitenight	6711	57782
1199	Catweazle	6719	57872
1200	and123	6721	51389
1201	TopShelf420	6726	57891
1202	Constantinople	6734	47489
1203	SK-11	6748	58153
1204	HerbalRemedy	6788	55829
1205	pupca972	6897	6501
1206	santa	6908	40170
1207	DIMONDMall	6934	43690
1208	food	6935	24544
1209	identity	6945	59420
1210	creambeans	6957	59693
1211	domopost	6959	60755
1212	lynx_industries	6965	59421
1213	blackmarket	6972	60922
1214	Deadizen	6986	60338
1215	messi	6990	61115
1216	budman	6993	60339
1217	redheadedhippie	7011	23988
1218	carlo	7020	46083
1219	FatSam	7024	61571
1220	Boddah	7036	61678
1221	OXYQUEEN	7067	61146
1222	limitless69	7078	58573
1223	Ozzyz	7082	61249
1224	ToTheMoon	7093	62315
1225	FreeZoRR	7117	59139
1226	HappyCamperz	7119	62639
1227	Phaethon	7123	61119
1228	PROAMFETAMINE	7126	48541
1229	Prodope	7133	62149
1230	TheVault	7147	27764
1231	PurpleChemists	7158	63142
1232	AusXTC	7162	11544
1233	gonein60	7204	25377
1234	Platinum	7222	55936
1235	loopy_lu	7244	58463
1236	cheapEuros	7319	64630
1237	Gobotal	7321	39975
1238	Toyota	7339	61675
1239	Incident	7383	56177
1240	SuperSpeedBros	7393	11121
1241	CapeCrusader	7404	65597
1242	LAHWF	7442	66120
1243	StarDockGaLiX	7446	64203
1244	NorthwestNuggets	7461	2687
1245	axablends	7491	66337
1246	stickyhash	7502	66641
1247	DutchDrugz	7521	46718
1248	jamejamejame	7547	67518
1249	TheSandMan	7548	40568
1250	WhiteOwl	7557	67091
1251	MD-UK	7561	32481
1252	jean_valjean	7565	49531
1253	TragicallyHip	7583	2887
1254	ValleyBB	7610	67712
1255	TheTwinz	7622	68737
1256	raz_	7636	42379
1257	Trippyy	7639	68938
1258	rocky-shardy	7641	65247
1259	BayAreaBudz	7642	21833
1260	Dutchtrade	7661	69130
1261	PartyFavors	7680	69258
1262	PillsAndDrugs	7711	48308
1263	mr_towelie	7724	56205
1264	AgMilk	7750	69921
1265	TradeWinder	7760	70086
1266	DutchTeamRising	7772	64426
1267	sevendwarves	7795	66774
1268	WildFox	7799	27368
1269	zendym	7819	56789
1270	ItalianMasters	7831	64813
1271	GanjaMerchant	7833	58436
1272	METHiosie	7855	41684
1273	DutchMagic	7863	61527
1274	Marleys	7879	25324
1275	InsideTheWhale	7886	66042
1276	Amnesias26	7892	25320
1277	PureFireMeds	7900	49348
1278	E36M3	7917	37947
1279	FlyingDutchmen	7922	69780
1280	SpeedFaktory	7930	70178
1281	Deeko	7978	9292
1282	lamachine	7988	70518
1283	Zela	7999	72436
1284	vibes	8030	66519
1285	kwikeemart	8032	5880
1286	dutchsnowflake	8040	51989
1287	eMDMAzing	8049	65041
1288	weedology	8060	63866
1289	LABGRADEPHARMA	8067	66193
1290	northernconnect	8068	63768
1291	burning99	8073	14360
1292	ferrari	8080	73272
1293	kidguwop	8084	50485
1294	DakotaFred	8090	48913
1295	Rambe	8099	25285
1296	TheOutlets	8102	73333
1297	ehehas	8114	70539
1298	faerie	8135	71836
1299	fastbreak01	8162	48130
1300	bambyla888	8175	53170
1301	travelguru	8178	74022
1302	KryptykOG	8250	73626
1303	DevilWeedSeeds	8254	71497
1304	EnthusedUK	8267	74969
1305	CannaXpress000	8269	74881
1306	buddys	8279	61959
1307	Meds2Buy	8298	56870
1308	Organix	8308	75491
1309	asiayoda	8310	74298
1310	Mephman	8339	73246
1311	Holland-Kitchen	8350	63884
1312	QKarunika	8360	76168
1313	Pilkingtons	8362	76178
1314	kingsup	8363	73746
1315	MoreSpace	8367	56434
1316	benzoseller	8374	70451
1317	quantik	8406	76454
1318	TopTuts	8408	18315
1319	JipTraVolta	8425	302
1320	BISTRO	8468	77425
1321	OsamaBinFraudin	8477	77555
1322	theboss00	8500	68281
1323	chopin	8520	19959
1324	patriotcow	8564	21113
1325	WALLSTREETx2	8579	1717
1326	HeisenbergMontna	8599	20863
1327	NelsonMuntz	8684	79860
1328	nationchemz	8685	79900
1329	StealthBomber	8698	40627
1330	CustomCandy	8765	62683
1331	rxchemist	8771	70508
1332	stringerbelcldn	8777	80710
1333	EscrowLand	8787	80791
1334	mushroom	8790	55006
1335	synester	8796	35480
1336	T-S-C	8818	81047
1336	T-S-C	10024	81047
1336	T-S-C	28172	81047
1337	FRANKMATTHEWS	8828	57261
1338	BMW750LI	8830	81298
1339	owklein	8831	20621
1340	Hera	8849	81026
1341	Overdos3d	8908	81156
1342	multiman666	8940	40667
1343	momoncz	8946	673
1344	thetoyouteam	8956	17564
1344	thetoyouteam	8956	22969
1345	MrWhiteFolks	8958	3137
1346	WalkHard	8965	79953
1347	GrandWizardsLair	8997	46961
1348	MissJessica	9013	27870
1349	koptevo	9037	44219
1350	SunWu	9040	42712
1351	fuckotheclownesq	9077	72041
1352	Funnytrips	9098	83742
1353	killerbong	9100	42661
1354	amazonprime	9125	84016
1355	psystorm	9126	65144
1356	AmonBlak	9130	83615
1357	_light	9136	40313
1358	skatingpot	9137	4626
1359	mroxy	9141	84244
1359	mroxy	11902	84244
1360	Drugscout24	9143	84444
1361	IsolatedWarrior	9151	47014
1362	LustigPeter	9181	78952
1363	n0body	9189	83006
1364	urbanmasked	9195	64556
1365	Shiny-Flakes	9221	35843
1366	PureHeaven	9224	84933
1367	markedone	9227	21867
1368	alpha-ceph	9256	28847
1369	Hackyboy	9265	5230
1370	Future	9296	22110
1371	RCsupplier14	9316	29979
1372	QualityWeed	9319	70431
1373	Mirkov	9324	78615
1374	GreenSkunk	9367	86945
1375	Mollypoppins	9368	70158
1376	micmedical	9380	53112
1377	Blackcaptain	9387	87096
1378	dosensuppe	9411	86487
1379	DrFu	9412	20297
1380	theofficialdroid	9420	81119
1381	SanaDiversion	9434	87591
1382	budbroker	9437	87425
1383	FAKBEN	9490	88136
1384	nykron78	9528	83625
1385	DebbiesDelites	9575	85235
1386	Study_Buddy1	9601	87284
1387	Purelala	9606	87743
1388	SolidSeller	9617	47979
1389	xRedBullx	9627	89467
1390	Neroburnscities	9643	81105
1391	blackhand	9657	45432
1392	MagicTed	9676	90056
1393	ggg123	9695	89131
1394	colombiaconnect	9699	27869
1395	stefandl	9715	18888
1396	Klaymen	9742	90682
1397	spoofly	9747	22061
1398	AmishMafia	9761	42574
1399	VGer	9771	68400
1400	MethForDummies	9785	20135
1401	WienerPoop	9807	91580
1402	RogerTheAlien	9810	91311
1403	fastandsafe1234	9846	45085
1404	TheStimGuy99	9871	91446
1405	mahamudra	9874	55026
1406	coastalconnect	9875	91996
1407	CushtyKush	9881	89340
1408	themoneyteam	9903	83057
1409	Q_BlackWidow	9904	16358
1410	ghost831	9915	13183
1411	BudsNRoses	9931	93053
1412	Schwarzkopf	9946	91498
1413	GreenStreet	9956	91811
1413	GreenStreet	37428	91811
1414	Alvi321	9972	93719
1415	hugochavez	9973	93806
1416	bddudl	9978	91449
1417	AusDomesticDrugs	9987	56006
1418	SpecialDelivery	10017	65075
1419	zues	10027	92724
1419	zues	37327	92724
1420	skylerpinkman	10034	31714
1421	faysalthedevil	10036	91594
1422	YourOxyQueen	10039	89030
1423	Amnesia	10092	95079
1424	VenSh0p	10099	92104
1425	MrHigh4Life	10110	89090
1426	Nibbler	10121	19348
1427	OrganicBudz	10135	92850
1428	tzzht	10141	95516
1429	uncle_buck	10167	80183
1430	need4speed4	10172	25570
1431	blackj	10208	17325
1432	Meerkovo	10246	96912
1433	SkyHighDelivery	10266	95993
1434	hooliuk	10273	46802
1435	nobodytobe123	10277	76947
1436	eightoeight	10280	66567
1437	Pharmington-Rex	10283	97338
1438	DocCheck	10295	96863
1439	amsint	10309	15982
1440	b4rb4r4	10349	93677
1441	Nikita	10389	98068
1442	purebase	10397	56569
1443	TheWolfOfDarknet	10401	98179
1444	FRCONNECTION	10458	59531
1445	Abdul	10461	99202
1446	Reeferman	10479	42658
1447	canadianforger	10499	79553
1448	Diamondzz	10514	99923
1449	ULTIMATEGUIDES	10531	8940
1450	zeltasgarden	10532	39159
1451	XXXDVDXXX	10533	99942
1452	MickeyKnox	10541	94858
1453	secretsquirrel	10562	39514
1454	Azures	10579	3542
1455	DrDooms	10582	98199
1456	thaistuff	10595	93576
1457	Conyaso	10606	38342
1458	Hashbaker	10609	100738
1459	Voxis_Team	10614	100765
1460	pp03pp	10671	23588
1461	fighttilldeath	10674	15216
1462	south-storm	10690	21102
1463	copperheadroad	10702	101620
1464	twice	10739	102042
1465	SmokeScandinavia	10745	17003
1466	NouveauEst	10747	53050
1467	BlackFriday	10792	102471
1468	DynamicSales	10816	42878
1469	legalrx	10817	99949
1470	Temple	10827	102431
1471	rayzzz	10831	46994
1472	Battalion	10840	102950
1473	Marvel-Labs	10869	63887
1474	SpanishCream	10872	99611
1475	CrystalBurns	10903	84478
1476	MILF	10914	103570
1477	MollyManiacs	10919	96216
1478	stringerbell353	10920	19184
1479	ThinkingForward	10930	103771
1480	SuitedVendor	10955	99935
1481	gunseller9	11003	104416
1482	onyx64	11016	84573
1483	LaBelleDeMai	11021	99473
1484	Essential	11024	104548
1485	evodeal	11033	40377
1486	ShadowMen	11084	103027
1487	SafeAsFuck	11095	40026
1488	skrillpapa	11096	28424
1489	peejay77	11129	77826
1490	roll_on	11211	106116
1491	LeCorbeau	11227	24676
1492	JackNHoff	11270	82354
1493	waitressUK	11288	107543
1494	Vintorez	11308	107456
1495	marlodz	11338	41352
1496	firstclasspost	11422	108068
1497	DrRx	11423	92994
1498	optiman	11465	64820
1499	TheGreatGatsby	11471	105281
1500	zaswq	11483	14984
1501	HumboldtFarms	11488	109642
1502	HQ-EU-MEDICATION	11513	109339
1502	HQ-EU-MEDICATION	12536	109339
1503	frosties2014	11553	107770
1504	Mister_Mittens	11582	110363
1505	sleepwhenyoudie	11604	82352
1506	weeddragon	11609	93868
1507	Anstivoung45	11643	23715
1508	RCS4YOU	11669	110791
1509	SatoshiNakamoto	11675	111294
1510	Packstation24	11678	110884
1511	hydrotherapy	11691	111156
1512	TeamLotus	11722	105498
1513	BulletToothTony	11746	8788
1514	SpaceGhost-CTC	11753	46477
1515	Thesecretsociety	11755	49294
1516	supremepaper	11768	112317
1517	whodat47	11769	112348
1518	RealEyesPharma	11771	112357
1519	hellomatey	11788	99901
1520	pharmageorge	11802	80716
1521	WestSide_COnnect	11837	113309
1522	etimbuk	11872	112632
1523	bouli	11958	43855
1524	profesorhouse	11973	3194
1525	technohippy	11974	88174
1526	TheDrowsyRabbit	11986	100288
1527	hawaiizfynest	12048	113960
1528	goldendumps	12061	115481
1529	godfatherNL	12108	20057
1529	godfatherNL	12108	23717
1530	Steadfast777	12110	112572
1531	sadhill9900	12112	36534
1532	syntech	12113	109172
1533	ZigZag	12123	116449
1534	TheSecretGarden	12125	115766
1535	Trump	12142	116615
1536	washup	12180	100781
1537	satoshishop	12212	117105
1538	mushroomelves	12214	24846
1539	thesteal	12227	117577
1540	DiagonAlley	12230	114326
1541	theonlysource	12245	113718
1542	MsStoner	12264	24360
1543	lilflip184	12266	29873
1544	-BIGG-BALLs-	12275	118137
1545	HashishUK	12291	117615
1546	bobsmarket	12295	104640
1547	Powders	12305	116730
1548	H-Berg	12337	118550
1549	theDam	12343	116297
1550	NewGenCrew	12358	95033
1551	listonishere	12383	119057
1552	ChemicalLiberty	12389	117424
1553	DoctoreXXL	12401	111087
1554	10cc	12420	168
1555	gogoguides	12432	13716
1556	Rebel-Alliance	12454	91207
1557	tentmuffins	12477	115946
1558	nimportecomment	12479	95665
1559	worldexperience	12510	107468
1560	SirPickelhaupt	12533	120826
1561	Dracaufeu	12537	83972
1562	crookscastle710	12561	116451
1563	EscapeService	12566	116174
1564	goldcanada	12571	120735
1565	stormshadow	12576	121317
1566	chinaCCB	12602	104344
1567	Buddy356	12603	32495
1568	FaceParty	12638	120914
1569	abuhasan	12658	121014
1570	420KING420	12670	115326
1571	JackBlue	12683	57737
1571	JackBlue	16027	57737
1572	rook	12694	86715
1573	Tr4derJo3	12700	23094
1573	Tr4derJo3	12700	60314
1574	Premiumgear	12721	17031
1575	NiceDrugs	12731	121399
1576	MJsKitchen	12737	114305
1577	gammagoblin	12768	110528
1578	jazesseso	12774	81066
1579	Epicurus	12776	122763
1580	levistrauss	12778	23452
1581	swissrcs	12836	33453
1582	Perron	12871	121820
1583	zx88	12884	124676
1584	Z0l4f	12891	43588
1585	ErichHartmann	12914	40680
1586	cheaptuts	12925	29419
1587	9THWonder	12946	124319
1588	holograficshroom	12950	111372
1589	SweetGreenUK	12958	125546
1590	TomFordd	12965	124945
1591	DrBlackHat	12974	113714
1592	bestcalibudz420	12978	125865
1593	Opusx	12987	125987
1594	cashoutmoney	13029	126315
1595	Jabam	13046	8508
1596	CannaConcentrate	13070	115197
1597	NurseJoy	13078	126701
1598	Pharmacare	13131	7389
1599	bostongeorgeuk	13157	127372
1600	ukbestbud	13167	127467
1601	mycoberg	13173	127729
1602	taffyy	13234	128337
1603	Ethanol	13235	127616
1604	Baron	13237	85296
1605	Skandalabz	13260	76861
1606	BlackNBlue	13263	128852
1607	TravoltasCrew	13265	128464
1608	MarijuanaMasters	13356	118902
1609	KeepItClean	13361	114940
1610	siberia	13408	130761
1611	AdderallGirl	13440	94329
1612	Sunline-Inc	13453	129863
1613	lunatic-insomnia	13458	124124
1614	yachtclub	13467	67342
1615	HouseLannister	13500	131844
1616	kitt3n	13522	131541
1617	trip	13540	8068
1618	RedSon	13577	132722
1619	goodfornothing	13580	12995
1620	Trinitario	13643	1045
1621	Nobodyy	13651	133537
1622	DreamWeaver	13692	130721
1623	daydreamer77	13707	133997
1624	reckless2030	13779	120435
1625	safetyfirstest	13859	133196
1626	funkyunicorn	13866	128016
1627	Forma3Mentis	13869	125099
1628	128bpm	13901	18176
1629	COLES	13944	93724
1630	xxxplosivee	13963	131138
1631	e569178	13976	27697
1632	AmicoFriz	13997	10935
1633	KamagraHU	14009	136370
1634	TheDemonic	14013	133900
1635	smallpenis	14028	117927
1636	Phoebes-Touch	14059	137151
1637	ozchronic	14062	134094
1638	bluelagoonLSD	14085	137305
1639	BOME	14102	137209
1640	LosCaballeros	14133	137879
1641	McDrugs	14167	111069
1642	TimothyLeary	14191	137636
1643	agrowthlabs	14196	12670
1644	Ausjailia	14212	138447
1645	Gillette	14240	139175
1646	coin4coin	14289	133176
1647	RandomPerson	14302	113964
1648	virtualzombi	14304	14983
1649	thepokerguy	14318	106378
1650	Filasi	14330	21381
1651	megadrive	14331	24992
1652	vobinator	14347	140661
1653	vendorz	14360	133663
1654	pureluck	14371	141143
1655	BlackDuke	14375	139743
1656	FlyingKangaroo	14382	76447
1657	Davenjah	14383	140820
1658	Apotheke	14418	36355
1659	DutchLine	14458	109131
1660	steaksngravy	14477	19052
1661	stuffcvv	14500	139944
1662	elPacko	14549	138354
1663	bonappetit	14582	137207
1664	GangSTAR	14586	138906
1665	Dutchies	14626	46015
1666	Apotheker	14634	138345
1667	PerfectGreen	14652	121961
1668	lionwaretrading	14667	92115
1669	ahah-ang	14700	144958
1670	psychochem	14759	145352
1671	l33ter	14766	142379
1672	c63amg	14843	143484
1673	starbuy	14881	99353
1674	Zomboid	14891	116107
1675	Dsmile	14945	23358
1676	wiggles	14953	136185
1677	Sublime	14979	144561
1678	swampdonkey	14992	145001
1679	USdank	15016	147837
1680	mrsports	15050	148278
1681	MrAsia	15092	141386
1682	Chronic_buds	15104	148490
1683	CrystalBuddha	15154	130204
1684	DMT_Daffy	15170	146563
1685	CrazedChemist	15211	150313
1686	cali_kush	15223	150450
1687	alleasy	15243	97284
1688	samrour	15255	16094
1689	SILENTSUPPLY	15299	139487
1690	usa2usadutchxtc	15308	151407
1691	NeoNino	15327	151638
1692	emily	15355	43315
1693	Shrooms	15363	42390
1694	MjJo	15364	35694
1695	mrbank	15481	153608
1696	domesticMOLLY	15502	146792
1697	AlienTHC	15506	5785
1698	pharmacy_land	15513	42091
1699	PaulSimon	15514	148576
1700	SinghSinghSingh	15515	153652
1701	Eleonore	15544	154359
1702	Lloydsbrothers	15590	151290
1703	CptPlanet	15596	153068
1704	bookiereport	15601	155030
1705	laflamablanca101	15621	155157
1706	ajaxlaboratories	15625	152760
1707	thefunkster	15653	154075
1708	OzExpressTeam	15657	155127
1709	stann588	15666	155550
1710	PPExpert	15678	155661
1711	BULLSEYE	15680	82860
1712	oxymorpheus	15681	16257
1713	Warlord5000	15684	49735
1714	ozbanker	15688	155794
1715	TravelKing	15692	155795
1716	Paul95	15752	115999
1717	StarSeed	15755	156048
1718	karmasyndicate	15791	156791
1719	sthompson	15811	17375
1720	DoctorZoidberg	15816	153352
1721	Soldier	15839	51653
1722	HouseOfCarders	15852	157390
1723	subuway	15886	156312
1724	tinacmarks	15897	141786
1725	MyPrivateGarden	15923	67048
1726	scaptain	15942	158408
1727	blacktulip	15976	158791
1728	skalla	16014	126800
1729	ukush24	16068	153181
1730	neth	16074	159223
1731	CaliMade	16084	159912
1732	scriptsyndicate	16089	159423
1733	Rector	16107	160462
1734	DOCTOROZ	16133	123181
1735	CONvenience	16145	148995
1736	rc4me	16168	73888
1737	Backfromreality	16194	113930
1738	GetMotivated	16232	157658
1739	lucardi	16267	161491
1740	FIVE_STRINGS	16276	162622
1741	chemicals_spain	16346	129533
1742	harley1	16367	128521
1743	FestiGear	16384	163619
1744	gandesh	16397	162995
1745	levelhead	16404	148724
1746	OneStopUK	16407	161734
1747	MissKissMyLips	16414	153495
1748	DouweEgberts	16425	163614
1749	Praetorian-MDMA	16440	164463
1750	mrBIGtime	16466	164600
1751	vudu	16469	163112
1752	Frejagods	16499	161448
1753	Cali-Connection	16526	158428
1754	vouched	16551	160367
1755	Simply-L	16553	165039
1756	mrniceguy2all	16565	163864
1757	yosemite	16587	154953
1758	sexyhomer	16624	62536
1759	highgrade	16729	167417
1760	Otaku	16746	95273
1761	sbraser	16751	19924
1762	transcendpro	16782	160227
1763	probus	16800	168138
1764	Trust-In-Us	16839	96973
1765	RaisingTheBar	16849	168652
1766	smallshoppe	16850	75100
1767	plusmatic	16874	149927
1768	Vitaminstore	16877	162256
1769	suren555	16885	18216
1770	halloholland	16889	21544
1771	giannini	16909	169494
1772	MrPEF	16911	168635
1773	snuggle-pals	16924	169288
1774	americansupply	16957	169964
1775	omgpointslol	17013	170578
1776	MsMolly	17015	170587
1777	INDANKWETRUST	17033	137736
1778	borisretro	17040	170299
1779	XINHAI	17044	9032
1780	El-Bambino	17046	170898
1781	AUSCAN37	17058	169298
1782	Underw3bFullz	17084	170787
1783	hqbho	17085	170863
1784	lot_007	17086	170131
1785	MrQuality	17093	153296
1786	boggalertz	17124	160704
1787	brightescobar	17151	164152
1788	Phiber0ptik	17180	171787
1789	harrycharms	17183	51704
1790	Silente	17224	171522
1791	aus_postmanpat	17225	172800
1792	hidew	17241	173066
1793	marcos1	17242	157524
1794	Ganesh	17363	174194
1795	bigfootbuds	17373	173465
1796	iSupply	17391	174507
1797	butch1200	17406	80872
1798	theaddyman	17408	174547
1799	BlueHighSky	17420	174431
1800	ThunderWiz	17422	172857
1801	France	17430	90834
1802	CaliCool	17435	174986
1803	kpronos	17440	136538
1804	DutchCat	17454	173439
1805	ezekiel2517	17461	10189
1806	Humboldtfinest	17476	175385
1807	Somecvvvendor	17483	175338
1808	tesla1212	17488	166608
1809	FreeCity	17509	121109
1810	TheImportStore	17520	144401
1811	FeelGoodUK	17522	148036
1812	charlesX	17530	168481
1813	blackstar88	17567	122073
1814	DutchTouch	17572	157056
1815	Quake	17578	55470
1816	UKNextDay	17589	12337
1817	cpro51	17609	170811
1818	svnsly	17628	135544
1819	DiamondSkies	17633	170962
1820	Freshest	17658	144272
1821	HighTimes	17689	11210
1822	NextGeneration	17698	177718
1823	Xanax2You	17701	173800
1823	Xanax2You	21596	173800
1824	JRJRJR	17788	15890
1825	fbgduck	17791	9940
1826	TomorrowlandAU	17800	172802
1827	worldwideweed	17855	48246
1828	kushman710	17944	114684
1829	bobobobs	17947	180093
1830	SALTSnSUCH	17956	179695
1831	TescoDirect	17977	180694
1832	Dutchbroker	18008	125174
1833	BestWEEDseller	18021	160485
1834	KingConcentrates	18043	181366
1835	TwistyTheClown	18048	181349
1836	trepanation	18058	181533
1837	Atmel	18106	14980
1837	Atmel	18106	139801
1838	Courvoisier	18110	181578
1839	n0days0ff	18118	177544
1840	nswgreat	18132	161435
1841	RoyalDutch	18149	74226
1842	-NHS-	18155	182756
1843	GermanShop	18160	182822
1844	EuroSupplyTeam	18166	19341
1845	ILOVELEGOS	18180	182591
1846	Avon	18212	183620
1847	VanillaSky	18217	137086
1848	Caslava	18234	75070
1849	Sunshining	18244	182541
1850	aussiegear	18284	11748
1851	DSR_Syndicate	18293	47759
1852	xbutterflyx	18303	161974
1853	DutchConnection	18332	184823
1854	plutopete	18334	184313
1855	midwestmedical	18341	128440
1856	CookieMonstah	18353	185267
1857	UnitedNations	18365	77431
1858	FoxHoundNorway	18376	60318
1859	Oxy-RX	18384	182664
1860	YouOnPills	18388	184270
1861	checkpoint	18401	25105
1861	checkpoint	18401	70166
1862	dgslabz	18403	185598
1863	malvax	18415	136326
1864	Lucid_Gentleman	18449	129377
1865	AgentSmith008	18458	25283
1866	Llama-Socks	18466	29551
1867	krimson	18543	7927
1868	ashylarry	18566	188242
1869	OxyMonster	18601	188736
1870	genericvendor	18606	145263
1871	snowcap	18607	186444
1872	comeback111	18660	180659
1873	DrugsEu	18678	104418
1874	MrKidX	18690	152959
1875	campcandy	18691	189981
1876	NordicShrooms	18738	179326
1877	bachirisdead	18771	93702
1878	ZenGarden	18774	129992
1879	MariosGramShoppe	18785	3183
1879	MariosGramShoppe	18785	186745
1880	RealRichPorter	18804	191446
1881	ferrisbuellerEVO	18820	129134
1882	Goodfella1	18824	187461
1883	maligan	18846	150549
1884	AddyLad	18860	191965
1885	DutchForce	18862	192264
1886	Empathica	18864	149319
1887	ticfent	18892	163533
1888	wendyxx81	18896	181378
1889	icardi	18920	192323
1890	multiexciter	18937	24921
1891	OsloCity	18954	170966
1892	rokgrok	18968	169146
1893	Cyclone	18980	193574
1894	TmobileGuru	19027	180759
1895	TheCouncil	19050	19146
1896	supersolid	19066	194744
1897	partyknugen	19068	182823
1898	CodeineLovers	19102	194016
1899	CaptainChronic	19122	166022
1900	fromamsterdam	19129	195529
1901	ChinatownChemist	19131	195750
1902	ThreeKings	19183	22385
1903	TimHortons	19194	78651
1904	Heinrich	19200	196428
1905	UK_Rails	19201	195446
1906	Angelina	19203	196477
1907	QueenPadme	19212	195766
1908	BlueViking	19226	11071
1909	GucciBUDS	19264	159708
1910	goodguydealer	19273	194618
1911	rage66666	19276	171656
1912	Dreamtime	19288	186690
1913	ThePinkPanther	19303	79123
1914	PurityStandard	19350	189768
1915	PharmaPhil	19366	198445
1916	Speedy_J	19371	196224
1917	iCards	19380	198656
1918	rhastaman	19405	198176
1919	CDreams	19408	187380
1920	TiffanyandCo	19436	150782
1921	ShroomStore	19442	198727
1922	ramon35	19460	179993
1923	Space-Echo	19469	197675
1924	labelverte	19517	183074
1925	mrspence	19528	72650
1926	sAf3wA4	19551	192452
1927	paulreubens	19568	199184
1928	Mountain-Fresh	19578	148437
1929	SilkyKush	19588	154284
1930	StoneIsland	19618	19290
1931	ModernLove	19625	188641
1932	wakeside917	19642	45683
1933	thedarklord	19643	162166
1934	boosie5150	19683	14133
1935	ClarKent	19706	130197
1936	pablo-ijscobar	19730	105689
1937	DrugBaron	19774	203405
1938	ozexpress	19816	24574
1939	blackbullet	19862	142475
1940	Armo	20051	204843
1941	Code	20062	206740
1942	DrBenzo	20063	204807
1943	hennessycrew	20100	206486
1944	CallMeJoe	20133	83100
1945	5236707	20157	171434
1946	fromnetherlands	20196	178221
1947	mr_maserati	20203	207998
1948	4realdeal	20239	167873
1949	AllTheAdderall	20249	181465
1950	BookFace	20254	172979
1951	thegifter	20261	208612
1952	LucyandMolly	20290	146127
1953	berserk	20311	206966
1954	HerbanLegends	20337	209108
1955	swisshound78	20347	209255
1956	UniccShop	20353	208896
1957	p3nd8s	20377	209416
1958	TheResistance	20388	184316
1959	mpower	20401	183111
1960	biggbuddha	20419	209735
1961	The-Dabbler	20420	205483
1962	cocktails	20434	208948
1963	dotzvuss	20468	165750
1964	HappyMonk	20475	210689
1965	Papashoto	20484	207619
1966	eggfriedreece13	20520	163613
1967	Cocacolamaster	20537	211117
1968	gotmilk	20542	14305
1969	hogstandard	20562	57876
1970	Reximusmaximus	20594	116465
1971	GlassWerkz	20595	192073
1972	ukwhite	20618	25487
1973	medsguru	20630	211414
1974	myceliummarket	20634	197349
1975	Genie0fGoodie	20650	212242
1976	vanilla1c3	20713	175788
1977	LDN-UNDERGROUND	20714	203180
1978	MsBliss	20718	212934
1979	pureforsure	20736	149088
1980	aussie	20761	152025
1981	PharmaLion	20768	211974
1982	weedybusnis	20811	102690
1983	utopic	20855	20007
1983	utopic	20855	195141
1984	Pon3	20877	197744
1985	Falcon	20894	3489
1986	salsify	20949	115438
1987	TopShelfBuds	20951	216329
1988	Zable	20963	42619
1989	ecp3000	20995	214583
1990	WaltDisney	21029	85419
1991	torcaine123	21045	199581
1992	VendorCare	21085	217236
1993	QualityDomestics	21132	153709
1994	Liveincontainer	21193	209475
1995	montey6456	21195	16068
1996	CharlieRock	21197	184862
1997	smokinglife	21221	219052
1998	Bestofbritish	21228	215519
1999	I-MetzgerDD-I	21244	190992
2000	TOR-Mafia	21269	218429
2001	Superb	21270	212952
2002	ComicSans	21334	220437
2003	VanVogt	21373	210220
2004	SUPERMARIO-EVO	21378	220777
2005	ogbryan	21379	186179
2006	fattuesday_13	21423	106177
2007	AbleArcher	21429	221297
2008	HarlingMays	21460	206336
2009	mrcart3rr	21474	215499
2010	SafeWay	21487	18841
2011	Anonymous-Narcs	21505	218279
2012	CaliBud	21523	221442
2013	Saraleea	21531	213140
2014	Mcman	21558	222431
2015	StarDrugs	21563	216610
2016	TeamHC	21575	221400
2017	Worldopen	21584	220790
2018	indianpilldaddy	21626	173764
2019	RideTroughGalaxy	21653	175517
2020	HiddenHands	21666	212727
2021	HederalExpress	21674	47853
2022	420express	21679	194019
2023	TheIEsource	21736	214869
2024	Houba	21751	222085
2025	43v3r	21772	36127
2026	UKGoodiez	21789	224718
2027	StrayasFinest	21791	224682
2028	shades_on	21799	224607
2029	BeastBarsExpress	21806	224926
2030	DMTexpress	21813	217516
2031	Bloyal	21845	224307
2032	TarNation	21886	159130
2033	TheHappyGuy	21970	214488
2034	tex4days	21973	226349
2035	FirstClassFix	22003	161053
2036	SeattlesBestWeed	22058	84885
2037	cheapsex	22072	227540
2038	HeatherFeather	22073	227569
2039	MrPostmanPot	22092	222572
2040	DoubleCupLove	22095	223238
2041	dwight	22096	227800
2042	SleepForever	22164	228499
2043	wesellbenz	22245	225926
2044	ELITEGSM	22271	229848
2045	ColumbiaMagic	22273	224309
2046	RevenantChild	22323	217441
2047	zeroflight2014	22328	230370
2048	spainchem	22340	199672
2049	HorusNorway	22375	199775
2050	Yaoming-uk	22432	129793
2050	Yaoming-uk	27044	129793
2051	710SuperStore	22434	231348
2052	EvilGrin	22449	222299
2053	fuqu	22473	115767
2054	boobear23	22490	218491
2055	casinoincome	22507	230306
2056	Bamsefar	22524	224856
2057	Saint-Nic	22598	141643
2058	AllAboutCarding	22610	34615
2059	StudyDrugsUK	22660	233016
2060	BudLust	22736	233835
2061	medicalmj	22805	223192
2062	SWSESE	22856	214626
2063	purplemoon	22965	228546
2064	trinity101	23026	226616
2065	AussieShard	23040	226529
2066	LegalHighz	23068	236272
2067	LightSpirit	23076	233042
2068	DealerDex	23112	235675
2069	edwestwick	23176	175504
2070	ForeverStrung	23228	237556
2071	thomascheer	23251	226474
2072	phenethylamine	23252	236630
2073	AmsterdamExport	23255	228928
2074	ZetaOC	23260	237819
2075	Heisenberg-meds	23270	68745
2076	dhlab	23300	173447
2077	COLOR	23306	219103
2078	XWestCoastX	23330	234147
2079	Wilhelm_Tell	23334	233491
2080	SergeiP	23447	239481
2081	onionguy	23448	165853
2082	DeeDMT	23458	239558
2083	Wingmanishere	23488	24656
2084	ortonlawrance	23578	173857
2085	LegalEyez	23593	24725
2086	Dark-Venom	23608	241126
2087	Top_Gear_UK	23691	13481
2088	HappyIndustry	23696	241959
2089	DutchPharm	23709	242103
2090	NapalmUK	23712	235989
2091	FastFooduk	23755	242286
2092	InternetDealer	23757	242603
2093	UKMJ	23780	168807
2094	illuminatus	23862	228663
2095	vladoff	23883	243729
2096	DoctorFreedom	23907	157877
2097	CleanU	23945	237294
2098	AesopNoble	23968	105624
2099	DL15EBanomaly	23970	244874
2100	uppertrend	23993	182802
2101	aussiehits	24009	190082
2102	DoctorZero	24016	234335
2103	stonednsmilin2	24019	9760
2104	NewItalianMafia	24022	130058
2105	boozza	24038	208522
2106	TestService	24054	245903
2107	Biznesmen	24059	196904
2108	Trichometry	24128	245262
2109	HighENDD	24198	226376
2110	mangetout345	24239	226389
2111	FoxyGirl	24250	202681
2112	InfiniteCom	24316	246198
2113	amil	24331	248074
2114	sexyTime	24350	248253
2115	cristiecrunch	24353	221087
2116	MedForThePeople	24366	246586
2117	MrCrane	24376	248555
2118	VIPSPOT	24380	244996
2119	FriendlyTeacher	24388	247397
2120	ThaiSun	24414	239138
2121	Scar	24429	248968
2122	Leelooz	24454	249022
2123	LocalWeed	24459	249245
2124	BhoKingz420	24515	152218
2125	5o_DoLLAR_BiLLS	24517	249908
2126	LONEGUNMEN	24551	249561
2127	NatuXo	24561	240704
2128	DiamondDust	24594	250249
2129	NorskApotek	24622	250040
2130	printerpam	24694	239905
2131	Northmushsupply	24704	232381
2132	Theonlydumpman	24722	251667
2133	theOCguy	24731	204569
2134	SC_Connect	24747	227662
2135	ukedibles	24754	252107
2136	grandpajoe	24776	240231
2137	BenzoBlotters	24844	253051
2138	samif00l	24945	239346
2139	severeADD	24951	235922
2140	GrinDVL	25006	192756
2141	Shulginist	25010	216409
2142	GreenMachine	25034	87638
2143	tuffgong	25050	253368
2144	MedTechSolutions	25058	147692
2145	PartyflockNL	25062	230625
2146	virtualazerty	25098	205457
2147	Potency	25114	255729
2148	Packstati0n	25125	156611
2149	ashmoneys	25127	237165
2150	SPEEDFREAX	25143	253506
2151	TheGift	25147	255902
2152	Dabaroo	25148	255992
2153	Relaxion_Room	25159	255696
2154	CaptainBeard	25205	254803
2155	UltraViolet	25340	237510
2155	UltraViolet	26990	237510
2156	Stiax	25395	257949
2157	sheartin	25439	202969
2158	YoroZuya	25440	257744
2159	sarahparker	25487	257243
2160	Family_Medellin	25505	257369
2161	YumDrugs	25544	259204
2162	EtiKing	25640	258141
2163	topnotch	25661	25759
2164	freetrade	25706	260934
2165	madona	25820	257687
2166	kushsaiyan	25839	253382
2167	NowOrNever2015	25850	262180
2168	threewisemen	25861	13135
2169	darkcomps	25880	60306
2170	m1g1r1	25906	26806
2171	DexterMorganCVV	25944	263778
2172	ICANTMTT2	26056	232031
2173	SuperBowlxlix	26081	265298
2174	hashishin	26092	65564
2175	Etizolam	26206	265770
2176	IDboss	26289	267126
2177	Pablokirk	26322	265134
2178	harveynorman	26327	261581
2179	FeelGood	26329	266305
2180	dxm-warrior	26351	237037
2181	Sargon	26354	265536
2182	RaveKing	26409	229584
2183	Ompong	26427	259179
2184	zphc	26456	264607
2185	DruglordExpress	26468	226210
2186	MoneyMan851	26469	269306
2187	SouthPole	26501	249053
2188	Bestdrugs	26505	266990
2189	Panoramix	26574	261723
2190	Lockstock	26632	271619
2191	iDEAL-EXPRESS	26658	270372
2192	viper112	26662	236567
2193	SharkCocaine	26689	209752
2194	IntelDirect	26725	272716
2195	Scamith	26807	273653
2196	happyclouds	26826	273772
2197	bestaussiegear	26956	67562
2198	kaikkikaupan	27119	276890
2199	Red-Cross-AUS	27155	277574
2200	MedDoc	27157	221342
2201	MrHolland	27183	277226
2202	VitaminKings	27196	277467
2203	Daz_Alley	27201	278226
2204	TheKushSaiyan	27219	275757
2205	EricCardman	27225	278534
2206	Silkkikauppa	27240	276998
2207	IceHouseSk8Shop	27247	248828
2208	DumperBoy	27250	278710
2209	super354	27288	148465
2210	TrippyKitty	27326	256574
2211	budikauppias	27357	274995
2212	BudCentral	27380	115453
2213	Mercedes-Benz	27386	278624
2214	DEconnect	27473	280486
2215	BioCanna	27566	26273
2216	Saroka	27569	282394
2217	ritewhereubelong	27589	254435
2218	sugarbuds	27603	282126
2219	Arcesilaus	27612	283486
2220	redstore	27689	278392
2221	A1CRACK	27698	268785
2222	MisterBiggles	27740	284997
2223	PurpleLab	27763	280387
2224	romanlapever	27778	160903
2225	SteroidWarehouse	27779	267632
2226	Raspi	27814	285120
2227	WeeTMedsUK	27868	285737
2228	BagOfWeedUK	27907	286982
2229	Lawskie	27915	285322
2230	gerry2000	27933	122042
2231	oscarmayer420	27935	259421
2232	AgentQ	27957	139431
2233	doracard	28014	286939
2234	PureandUncut	28017	286327
2235	Raiders30	28031	197952
2236	MikeAndMolly	28032	230830
2237	remedyplus	28074	154665
2238	turcs	28113	282450
2239	TessellatedLSD	28114	289609
2240	WeedyGuy	28168	186468
2241	carnagepills	28212	155129
2242	Sugar-Fix	28236	287542
2243	TheSmokersClub	28319	291725
2244	OnlyRetail	28335	290417
2245	funWithCodes	28383	292462
2246	BRILL	28491	293929
2247	ukcheesey	28534	292767
2248	Unlimited	28538	92173
2249	BongosSales	28541	293606
2250	BlackOnyx	28551	292679
2251	CocaHermanos	28580	182201
2252	ajaxfc	28602	295566
2253	EmeraldTriangle	28614	129611
2254	Frygirlswirl	28699	298054
2255	downandup	28705	278384
2256	ChinaReplica	28717	269922
2257	Evopharma	28725	277759
2258	Dwaze	28732	298538
2259	Team-Nightmare	28872	129118
2260	steadfast	28882	41398
2261	FR-Deep	28897	300815
2262	3-Leg-Racer	28918	261359
2263	MDMAmphetamineUS	29024	177857
2264	MrN1ce	29030	302341
2265	psybient	29032	295387
2266	TheUsualSuspect	29063	300119
2267	cratzvendor	29083	302845
2268	KickitAndRipit	29086	288358
2269	MasterYoshi	29153	298072
2270	Nicolesmith	29156	303925
2271	Marijuana1472	29190	190515
2272	MDMA-USA	29248	304556
2273	Glitterbomb	29253	305039
2274	DocSugar	29303	261978
2275	b1g1mpact	29308	69218
2276	BudIndustries	29319	286561
2277	YellowCaseCoca	29347	305834
2278	Xtremenutrition	29383	224513
2279	L0UP	29401	306550
2280	temistocle	29421	247578
2281	montfort	29424	85242
2282	topnotchpills	29453	285141
2283	DarkLordBuffy	29457	155178
2284	fraudster	29538	307310
2285	DoctorWhoo	29581	285102
2286	TheGrenade	29592	290668
2287	UK-BRICKS	29598	306934
2288	INTERSHOP	29639	309319
2289	FLAXX	29656	306961
2290	abcgo	29702	273201
2291	Profess0r	29739	253818
2292	WeedSamaritan	29790	303632
2293	Logs	29809	311579
2294	DoctorMeth	29870	201520
2295	Top-Shelf-Nugs	29871	298115
2296	RightSecurity	29874	290544
2297	billhicksau	29877	311882
2298	EastCoastCo	29926	309026
2299	LucyUK	29933	312731
2300	budgetstoreUK	29945	194166
2301	JoogMan	30001	307993
2302	BTCGOLD	30021	312581
2303	truplug	30024	304737
2304	DankOfAmerica	30032	313610
2305	johnnycanuck	30036	311418
2306	MartyMcHigh	30071	192750
2306	MartyMcHigh	32240	192750
2307	frede1	30096	25413
2308	Torcarders	30117	312622
2309	FocusedFred	30164	307480
2310	Punchbear	30172	309025
2311	KnowledgeGod	30181	255136
2312	alldaylike	30237	273574
2313	norman666	30258	252405
2314	DarkOxyKing	30309	232398
2315	herbivore	30323	243613
2316	samadha2015	30402	316771
2317	SniperSell	30416	317101
2318	Doritos_Doritos	30442	316822
2319	EverythingMoney	30445	318346
2320	Dr-Ez	30511	294873
2321	Perception	30529	279289
2322	Otto_Normal0	30566	269057
2323	paloalto	30612	305319
2324	DrugsIncAus	30736	321344
2325	HighQStuff	30737	321348
2326	ukboby	30764	321380
2327	MyPharmacy	30785	319917
2328	lamborghini	30862	322616
2329	F_Abagnale	30865	308748
2330	Management	30910	323251
2331	flyingdutchmann	30919	255790
2332	CanadaCandy	30959	51628
2333	BigRalphExpress	30961	302550
2334	theguest	30975	317835
2335	TheRumseyDiaries	31030	324170
2336	gandalf777	31040	320501
2337	DarkSeeds	31054	268077
2338	Graphic_Service	31055	324884
2339	dutchsuppliers	31085	325233
2340	THE-fr	31113	201396
2341	DopeEuphoria	31163	99527
2342	creamknowledge	31178	326093
2343	ShpongleStarship	31260	213678
2344	MrDPRGomes	31266	295095
2345	QUICKFIT	31271	325683
2346	uktopseller	31304	325849
2347	Master_Marlboro	31320	327665
2348	PartyDrugz4You	31355	327320
2349	SheepyUK	31387	249084
2350	heroking	31404	181200
2351	Jacky78	31432	294757
2352	TWIXBARZ	31492	300529
2353	51Store	31498	328687
2354	vendordirect	31504	325481
2355	SouthsideCartel	31573	310078
2356	solid	31618	36008
2357	KarmaLab	31634	330571
2358	Phoenix_uk	31680	223739
2359	YinYangWeed	31755	323571
2360	MMA_	31811	317741
2361	GoodCitizensOZ	31850	311957
2362	hqcns	31986	273038
2363	purpxanz	31988	334113
2364	SvenDenzel	32023	302584
2365	MNGFS	32039	225659
2366	Hortonomi	32045	304988
2367	AlphaDawg	32078	299951
2368	PrintMasters	32086	284373
2369	SmileyPostman	32124	331003
2370	AlanSugar	32151	307165
2371	Jamesbonner	32162	337342
2372	Dutch-Meds	32165	333899
2373	plusfour	32241	339501
2374	simco	32280	337510
2375	PercMarket	32295	336534
2376	FrenchSmuggler	32303	334578
2377	CostaDelChems	32304	312783
2378	Godd	32324	340827
2379	CocaNut	32369	341407
2380	addys4less	32370	275344
2381	SamSpade	32373	340456
2382	Theebookguy	32417	339911
2383	easytree	32446	133370
2384	fdic	32459	342403
2385	Zirbeldruese	32475	325075
2386	PinkPussyDrugs	32516	342434
2387	TheIndigoChild	32555	107948
2388	Canaboss	32579	317315
2389	HEMA	32606	318582
2390	nowayback	32644	220123
2391	kingstef007	32647	305230
2392	diacetylmorphine	32716	346081
2393	YourBuddy	32749	304069
2394	TheHeissenberg	32865	348121
2395	AstroHaven	32866	214315
2396	Mlansky	32872	348358
2397	RealPharm	32874	215136
2398	heroking007	32958	349686
2399	dubntuff	32986	256299
2400	EuphoricDynasty	33009	350168
2401	feedmykids	33019	342321
2402	MollyLovesLucy	33031	347749
2403	Meeercy	33060	350834
2404	kepler10b	33062	215957
2405	GuMbA1	33081	351332
2406	plumsauce	33084	351387
2407	Korganis	33102	351467
2408	SPARTANZ	33105	348997
2409	warped	33192	299269
2410	MegaTrip	33205	353026
2411	ChinaDank	33206	222138
2412	Leafly	33261	353669
2413	notthepoppa	33309	328938
2414	donpusher	33316	260385
2415	DomesticMonster	33365	354142
2416	SPIDWORDS	33409	354990
2417	BertieAhern	33434	355548
2418	morphinista_uk	33457	226793
2419	refundsmith	33460	355847
2420	drdabs	33527	25270
2421	twirket	33547	356022
2422	Objekt	33554	354818
2423	UK-DOCS	33564	351521
2424	BlackWorld	33614	330853
2425	nobsgc	33627	355683
2426	William-McCoy	33653	358120
2427	FractalDrift	33725	332616
2428	Profit	33826	345254
2429	HieronymusBosch	33844	127071
2430	TorCollective	33853	169897
2431	Lunacat	33876	350521
2432	Alice4you	33878	360329
2433	ghosting	33892	47006
2434	OverstockDOTtor	33895	355655
2435	moneymakerone	33900	360525
2436	DomesticXanax	33923	360745
2437	MetroCarder	33929	358629
2438	thcgold	33992	312026
2439	CodeineKush	33997	354718
2440	IrvingRosenfeld	34019	322925
2441	JokerPos	34022	343654
2442	WeekndAtBernies	34029	322208
2443	Kusuri	34033	357520
2444	SAGreat	34101	46367
2445	uwRPeVsw	34118	362875
2446	BeeVomit	34167	361379
2447	qualitytime	34231	344980
2448	MarleysMainMan	34259	185572
2449	bulkteam	34311	327613
2450	RinseFM	34346	365359
2451	The_L	34484	365951
2452	hlym	34529	362587
2453	CuteBitch	34578	353846
2454	Galindoi	34629	369025
2455	carding	34672	3579
2456	Holiday	34693	12766
2457	Priority	34713	369771
2458	acme	34776	257068
2459	GreenRushHeaven	34831	319273
2460	kobe	34867	195427
2461	Camped	34886	372133
2462	DutchSpace	34889	369948
2463	brownjames	34975	185922
2464	SeaweedTrader	34997	371694
2465	mezzolin	35097	168751
2466	BlurredLines	35102	370034
2467	Cancerpills	35137	374913
2468	ElPeriquero	35149	374918
2469	farmacist	35187	226445
2470	MrBigMama	35257	324702
2471	UKChemicals	35285	376137
2472	ADIDAYZ	35302	110206
2473	MrClean2015	35362	370785
2474	0420	35367	377645
2475	abdi88hki	35374	353744
2476	passman	35426	448
2477	kramer_cosmo	35442	346327
2478	Cappadonna	35492	309744
2479	CaliPro	35510	369012
2480	LilDroppy	35514	144789
2481	TerraGreen	35519	321414
2482	DomesticAdderall	35534	375713
2483	MoonSugar	35593	292945
2484	C0lonelSanders	35603	380243
2485	RealDumps	35611	380550
2486	ROCKETCHEM	35621	347414
2487	GoldenKush	35623	269651
2488	BlackBalled	35624	380651
2489	galaxytreez	35705	381412
2490	Adderall_Queen	35747	229301
2491	IrishPaddy	35822	382342
2492	TomBombadilo	35865	382727
2493	MastersNotes	35883	381871
2494	sodawater	35918	128142
2495	YLBD	35950	202825
2496	vendor007	36010	375878
2497	CMadeline_Kiosk	36019	368703
2498	MerckKGaA	36040	384507
2499	Notrax	36085	383365
2500	VenDeep	36124	385395
2501	MortGoldman	36145	383920
2502	BlackOnline	36180	383850
2503	DiscipleMordecai	36313	377706
2504	NextDayValium	36323	24960
2505	420wholesale	36400	353395
2506	UKFruits	36411	387610
2507	CannabisMan	36429	244796
2508	dubiouz	36525	376695
2509	DankNL	36559	389436
2510	Fentastic	36560	384897
2511	RechardSport	36626	331744
2512	Harlaut	36684	389994
2513	iFullz	36694	372933
2514	TevaAdderall	36700	187269
2515	Nazzo	36733	180335
2516	weednation	36812	34639
2517	micks85	36826	40654
2518	BroomBroomVends	36878	393107
2519	HonestBuck	36924	204296
2520	WeightWatcher	36929	391756
2521	Sir_Symbiosis	36952	362704
2522	PowderRangers	36961	345151
2523	Peaceful	36998	104947
2524	TheBlotterShop	37000	394338
2525	Psymama	37010	110497
2526	PhilHarris	37027	380093
2527	rumpelstilzzen	37096	262941
2528	FrankLucas	37119	219692
2529	AlanGreenspan	37134	395334
2530	Limited	37192	345920
2531	JetGreen	37221	396061
2532	partytimesupply	37238	380604
2533	bodyinaction	37283	1993
2534	TheGreenery	37290	396877
2535	luckygromer	37339	397321
2536	WhiteAMEX	37401	392888
2537	Shatterproof	37439	63425
2538	leaves	37456	390744
2539	OpioidGodII	37496	385869
2540	Ellis_D_Graham	37504	398855
2541	Dralban	37560	205324
2542	Thrills	37603	367478
2543	EuroRX	37667	296943
2544	HollandDutch	37753	24479
2545	HighsNLows	37763	398960
2546	Xelon	37766	82484
2547	lablogistics	37774	378300
2548	lloydspharmacy	37898	394704
2549	PrincessLeah	37913	402322
2550	USAbulkMDMA	38017	403211
2551	goodandcheap	38070	404004
2552	BorderWalker	38084	402676
2553	Soviet	38090	404183
2554	WHOAMIME	38102	404300
2555	Farmassist1	38145	402063
2556	elucidate	38178	401996
2557	Ziplokk	38199	353679
2558	TheAmethystCrown	38204	405264
2559	Medic	38213	405350
2560	MGACoke	38244	371327
2561	GuyOfTheGuides	38360	337858
2562	Got_Bulk	38408	406868
2563	misstery	38432	359018
2564	BestPutin	38433	407060
2565	love2xlr8	38492	387851
2566	Cajamarca	38548	353869
2567	waxgrayham	38558	341609
2568	hazexpress	38614	408774
2569	paradize	38647	347327
2570	1-Stop-Shop	38757	395016
2571	Mantrid	38759	406768
2572	nizerial	38768	398803
2573	TheBlacklist	38837	407797
2574	Kaesefritz_GER	39013	78048
2575	TrivialEngineer	39197	414281
2576	BigPenis	39201	414328
2577	Voodoosaint	39257	327228
2578	kimlan	39291	242132
2579	TheLeanZebra	39295	317884
2580	RollingStoned	39513	417788
2581	Solomun	39606	419024
2582	lindalovelace	39619	58316
2583	ShanSa	39633	416042
2584	swisssellers	39728	286707
2585	Arbeitsamt	39811	42084
	---jfdk---	36777	
	--FUK-TEH-BACONZ	27441	
	--Lenjin--	33681	
	--gasp--	4080	
	-0Solarflare	36202	
	-2-8-x-3-s-x2136	38350	
	-3LB-	19693	
	-556	11057	
	-A-I-	26974	
	-CLASSiCS-	37928	
	-En1gma-	16321	
	-FBWDR-	30373	
	-MacGyverism-	16063	
	-N1Theo	11635	
	-Sm0k1nAces-		7898
	-TPE-	5968	
	-_-1	14207	
	-aku	32674	
	-roK	39640	
	0000oo0000	7013	
	0000z000z00z	20980	
	000jay	30295	
	001100	24055	
	0011001	37572	
	00600	5411	
	007Stealth	32987	
	007xx	30204	
	00980	13259	
	00approval	20960	
	00nddt88	38639	
	00qwerty00	23295	
	00x87234	25995	
	00xxburnxx00	16653	
	01000	38934	
	0100110010	13575	
	0101010	16749	
	0112358	18018	
	01596p	104	
	037D8A76	18255	
	03devildog17	13159	
	03welle		98980
	04071977	34232	
	05096	29609	
	063nnab	8221	
	064Cidny	14171	
	067715076959	25368	
	06BringitBack	30177	
	07bro	38884	
	08148692	23902	
	0815user	33069	
	08tnman	27823	
	098765	17758	
	09876543	20868	
	0987654qwert	22687	
	0Day	10637	
	0FucksGiven	2342	
	0N10N	15387	
	0SP0y9KroVEJrPTn	39215	
	0ab123	25331	
	0cean	27033	
	0cey	22913	
	0ffthebrick	20017	
	0gaoywbb	32934	
	0john832	1684	
	0johndoe0	38952	
	0ldb0b0		208607
	0mundis0	35380	
	0n3journey	26320	
	0ne3y3	16229	
	0nsat	4995	
	0nyx	36843	
	0prime89	21541	
	0qHCMuz3y4	18762	
	0rPh3uS	24937	
	0rbits	36620	
	0riginalgangster	37320	
	0ronoiIRo	30072	
	0ssaciP	24402	
	0t0wn	24090	
	0town	14505	
	0x00	17661	
	0x0x	21662	
	0x22B	13488	
	0x31f	1122	
	0x47	14221	
	0x5x5	29972	
	0x777	24326	
	0xamlou	27634	
	0xb44d	21603	
	0zelot	5516	
	0zymandias	22438	
	1-Up		148883
	1000_Needles	32591	
	1000horsepower	36297	
	10010	28411	
	10012233	8770	
	1001650	38623	
	1002938	39241	
	100Pro-bio-DEU		134182
	100Studio	19394	
	100lighters1024	16300	
	100million	23684	
	101020	15378	
	101245	25904	
	1017	9501	
	1017topdawg	19955	
	101c	12263	
	101penguin	37965	
	1043328	19653	
	10661	19148	
	10Bears		402074
	10Qcumagain	31655	
	10r031033	38868	
	10rotavator01	36526	
	10secondrules	23912	
	111011011	6680	
	11161829149114	32455	
	111hashhero111	34044	
	111one111	4398	
	11Butterflies	14585	
	11GT34	38089	
	11bbbtrust	12415	
	11binfantry	6953	
	11potato	20318	
	11rick11	38519	
	11slack3r11	17008	
	11turbo	7820	
	11withehead	30562	
	11woq3	23951	
	11zerozero	23089	
	1200mics	11001	
	121212	9639	
	12303172	17711	
	123094	36309	
	1230985467	33984	
	123123123		8001
	1234321	21737	
	12345678910	11789	
	123456asdf	10659	
	1234TEMP	19644	
	1234cougar	21130	
	1234qwerty1234	27335	
	1234xxxx	34303	
	12369	38161	
	1236912369	29539	
	123hackwithme	39043	
	123john	516	
	123mikal321	8752	
	123ped	23631	
	123pedd	27311	
	123qwe123qwe	14511	
	123qwertyuiop	17000	
	123tombe	35372	
	123torrione	21735	
	123user321	10753	
	123wantRC		17177
	1278bigD	7899	
	1292FOR	17574	
	12acrebrow	19777	
	12bis12	11855	
	12eldnac	24598	
	12p4rty	33040	
	12point6	30634	
	12three	18856	
	12zx32cx	26217	
	1300elmwood	7003	
	1337_person	23802	
	1337de	3780	
	1337evo	1443	
	1337sauce	1700	
	1337xaxaxa	39493	
	13Aces	7499	
	13D6F7I	10209	
	13knight	35672	
	13monkeys	28767	
	140776	33136	
	1443b	24452	
	1458796	699	
	147ak	19705	
	14n5k7	31350	
	154klm	18745	
	156481	33704	
	15948	19333	
	15Nov345	19581	
	15fox	731	
	15only16	39008	
	169482720	14994	
	16CT52014	22363	
	16bitz	29256	
	16candles	925	
	16mekan16	16638	
	1746589385768495	33881	
	1776	35042	
	177611531	11115	
	177sl	32046	
	17fzac	27743	
	1800fbi	22670	
	1878blues	29427	
	1884b	34813	
	19-hchavez-60	16312	
	19010705vvv	25869	
	1904brooklyn	12872	
	19701114	30343	
	1977197719771977	10601	
	1982ollie	6365	
	1987Matty1987	8082	
	1990	34905	
	1998five	13617	
	19hh	32997	
	1A222319844	7708	
	1Defiance1	7497	
	1Herbs420	4410	
	1IZYT	32784	
	1Truman1	15880	
	1adelesung0	5436	
	1aff1nGrav33	12041	
	1c3pr1nc3	11002	
	1c3pr1nc355		24620
	1ceburgslim	2090	
	1chance	34288	
	1dEad2Panda3	27041	
	1day8	22321	
	1dboladay		326344
	1jtgood100067	22863	
	1junglist1	31272	
	1manuel1	27810	
	1nationP2P	15418	
	1nc3ption	28563	
	1nceptions		7538
	1ngum4	11653	
	1ntothew1ld	17967	
	1nva9	4194	
	1ofaKindCarding	35856	
	1ozdab	7757	
	1paaweel	8021	
	1q2w3e4r5t6y	12148	
	1qa2ws	25835	
	1ruleplaya	17139	
	1son	13742	
	1stthing1st	16004	
	1uca5	26087	
	1unchbox	14892	
	1vaderdarth	17190	
	1w345ghyr	39138	
	1weedplz	6195	
	1xsMt6OtF	25885	
	2010WK2014	6319	
	2014y	2645	
	2015	26294	
	203621	31107	
	21376218	28018	
	215sok	32621	
	21DeNoN13	24287	
	21centuryman	23523	
	21dragons	31003	
	2206794103	34356	
	22328	26833	
	223561	14223	
	22Streetpass	34041	
	22hohum22	23391	
	22moves	10228	
	22oncology	19561	
	2387fgv7hb23GGF	22877	
	23SODAMAN	12795	
	2429178T	22014	
	24anon24	868	
	24high	36427	
	25Trips	21489	
	2600	10767	
	272kev	24447	
	27windows	15648	
	28015010	13420	
	28DDUK		96048
	28JimBeamFatMack	9409	
	29568	34421	
	29nemdam	9887	
	29rolla	15980	
	2BudBrothers3		159640
	2CRAP1YO	36225	
	2EZ1	22099	
	2EZE	4780	
	2Fast2Furious	27212	
	2Footsteps9	32030	
	2Honest2Trust	34528	
	2Kooli0	26237	
	2Kormex	26767	
	2MuchBacon	21490	
	2PACCC		54138
	2Xak47	7747	
	2ader	33572	
	2bits	17832	
	2brokeboys	6342	
	2brokegirls	36902	
	2cbking		402238
	2cblowyaheadoff	13868	
	2cents	9155	
	2cvcv	16507	
	2d704146bca0	11560	
	2deal	16893	
	2dogsfucking	27534	
	2dogz	5517	
	2dot	32174	
	2eFTefnw	31127	
	2em310948	19281	
	2fast2long	30842	
	2fat	12192	
	2fat2fish	19278	
	2flybri	31595	
	2fmaenth	32826	
	2footballguy4	6587	
	2fresh01	33113	
	2low50	11336	
	2manydregs	23901	
	2michaelj82b	30085	
	2n2222	24365	
	2nakala	34222	
	2ndof4th	23730	
	2pac_evo	14256	
	2pacstolemybike	69	
	2phix77	6406	
	2polar	13111	
	2q2q2	8212	
	2rare2die	36608	
	2register	17853	
	2suineg1	39175	
	2tough	31643	
	2tracks		184471
	2zd9mq3mqd	9686	
	3-petitcactus-3	36450	
	300580ric	36532	
	30303	11092	
	30430	1533	
	309sloks	25083	
	3111984	1069	
	31169572b6fde0d2	8624	
	31337	383	
	315by10	15549	
	3210	14463	
	3268926	1748	
	328DeNiro2394	20899	
	32fight	29623	
	33-G	13581	
	3307215670729	25721	
	33113216	34030	
	3326895	20693	
	336cao6Fi0g6	5302	
	33LQ6R	21511	
	340k	6259	
	346564354	9214	
	34Marcel	22907	
	34hex6	21593	
	34lovestories	33671	
	35AzDf	39550	
	360alltheway	34391	
	37402	30464	
	3828n	12131	
	39ekki	29100	
	3F0rce	10822	
	3FNlrRmeLsD5JhhX	28132	
	3Hennessy	15685	
	3KBhpz8YsQAtavG	32388	
	3ZAAZabS1H	8773	
	3anax	7193	
	3aslya	17028	
	3asyb3atz	29498	
	3chainzyolo	18175	
	3gaufnase	35563	
	3hunnasosa	31747	
	3i014R5t8U	29688	
	3inyourdroplip	5453	
	3njoy91	25674	
	3p1cRed	12395	
	3p1l3pt1c	36174	
	3r3b0s	35520	
	3rdcoastboy	35297	
	3ree6ixty	5329	
	3sgte	28789	
	3sidesUK		370770
	3sneaky5you	29932	
	3tacocombo	19539	
	3vobal	35046	
	3x3x	23763	
	3xeyes	11165	
	3xtcdvd	5178	
	3xtheChocolate	16687	
	4000	7018	
	400912600198	21438	
	401ajustguy	22937	
	40grandboi	38686	
	40kshoebox	32125	
	412423875234652	25373	
	412opiie	1567	
	41320Ng	33987	
	413XD333	19796	
	414571	20702	
	41632584	7841	
	416618	36529	
	41Legolass	12659	
	420420her420	22383	
	420DE		37551
	420Juggla	20474	
	420TMS14	30497	
	420TQC	32862	
	420UK		186757
	420activist	34896	
	420beachbum	11900	
	420blazeitup	35703	
	420blazeityolo	24083	
	420bluntman	24095	
	420blzit	30256	
	420crystalkush	32922	
	420dudester	31361	
	420forever	2794	
	420friendly	34485	
	420fun91	8720	
	420guy	15128	
	420itoke	32043	
	420kushmasta	33662	
	420life	25644	
	420med4u	25720	
	420money	31996	
	420noscope	19352	
	420y	30393	
	421420	2656	
	423asdas312sd	11860	
	4242	25374	
	42424242	28991	
	4245242452	21394	
	42876394	22840	
	42By42by	25042	
	42n81	4134	
	4311a8008s	39413	
	43211234Qwerty	34107	
	439534	33018	
	43oifhfhu43f45f4	12176	
	4442237	19330	
	4445	2591	
	4488	10647	
	44North	980	
	459023	16106	
	45PpG6	22548	
	45weed45	26117	
	4653112	28005	
	4684	15094	
	469254kb	38062	
	46and2	23313	
	4732470	15056	
	4737Carlin	36414	
	4743031	13733	
	48Lawrence		8409
	49982	32770	
	499eupheme--	21649	
	4HGY7KDUT9	23639	
	4LOM	19224	
	4LXM64	15864	
	4P4X0020	18223	
	4a9502bf	37592	
	4baIIz	890	
	4ballz	338	
	4chan	11937	
	4chinz	36691	
	4dimension99	22247	
	4eUEAa	22347	
	4elements	33957	
	4evertaken	36032	
	4fdh8a8h	34043	
	4fera	34540	
	4gulliverextreme	3133	
	4kingaztec	5803	
	4l13n7722	32895	
	4ncb	7998	
	4nub15	14929	
	4realz	27546	
	4runner	35905	
	4sakeme	11756	
	4shadow	8319	
	4sinton	11006	
	4ss4ss1n	21882	
	4stuto	3105	
	4thkind	35399	
	4tron	23144	
	4uioerijo	15217	
	4wdprod2111	20734	
	4x3volution	1121	
	501ST	24533	
	50CENTS	24640	
	50Cent	3026	
	50calfiio	16706	
	50shades	28894	
	52BlueMelvin	8768	
	53rv1c3f0ry0u	20331	
	542isgood4u	23766	
	54321		32650
	545j	24615	
	54696999	6479	
	5588		117371
	55ghester44	20277	
	55heist13	15489	
	57548345435		4246
	578562hjk	21011	
	5a0ir53	31793	
	5cent		11692
	5d893ww	5839	
	5dbGain	36787	
	5dollars	24152	
	5gfor50bucks		36052
	5h33n	33719	
	5hayman	22970	
	5horizons	14321	
	5jd1vl7bk679K2z2	12794	
	5karma	38900	
	5l1m3	33042	
	5mwbbily	5297	
	5n8py	5011	
	5piff5	1833	
	5s1404diqr4	30690	
	5starGawd	4458	
	5thcorpscharikar	28150	
	5tr3l0k	2091	
	5wmC5wzhSn	10658	
	6161726f6e	10150	
	647015	6106	
	64king	32424	
	6626E34	26235	
	666pitchfork666	38506	
	666thehell666	33441	
	66775544	14154	
	676641832	12196	
	67887d	35341	
	67invest	29594	
	68qAuQ2KES1v	30052	
	69491	13513	
	69darkpaste	20830	
	69phanthom	32659	
	6B9223694	24717	
	6cTU8o2X	22818	
	6fSDp5YU	26644	
	6ghostz	2639	
	6olibaum	25583	
	6p00	14182	
	6picture6	9571	
	6quick6silver6	10918	
	6singfried6	7414	
	6yc5e92g	26665	
	710HookUp	38442	
	71nchr0M00n	12649	
	7351A	21288	
	73grandam	25969	
	7456312589	21199	
	7463584	26666	
	7474Lover	32756	
	7474Lover1	33530	
	74DAZ74	36689	
	74shadow	16628	
	75423189	28372	
	75b2s3gn	25741	
	7710971810	30799	
	77275	31258	
	77777777	30914	
	777REDEEMER777	32618	
	777X	6944	
	777eleven	1704	
	77tyler77	12574	
	77viking	24397	
	77zyzz77	17594	
	7823sadjk2348	36448	
	786491	16742	
	789654	18683	
	79637	25402	
	7A3xzdrogd	28993	
	7AYWAN	4210	
	7KPkT2ZG3c	31903	
	7coPedro	15822	
	7crew7	15572	
	7e7e7	10583	
	7eleven	6117	
	7figure	36727	
	7h3D4g5t3r	21486	
	7kVc523yyc8	9276	
	7lifes	566	
	7loveevolves2	35518	
	7right7	35511	
	7seas	39074	
	7vR3DVXDkQjV	10645	
	7vision	5524	
	7xdgh6z2WGo6W3f	4565	
	7yN34nl3	31153	
	7yfr49l4HD648p	38371	
	8-pietsahad-8	27958	
	800torkingp	11790	
	806dollars	25554	
	80HD		399619
	810offsuit	21189	
	811byfive	6858	
	81ura	38749	
	82poker	25054	
	8370292	5848	
	8374hurf32w	19164	
	837742531	6694	
	8426	31459	
	84268426	33470	
	853d3r	30091	
	85971259	9208	
	85jaybird	25517	
	8675309Hutch	29995	
	873642264	10244	
	8780	1441	
	87xx	7007	
	88605667	24173	
	8887	30689	
	888999	31138	
	89ocGT25e	14777	
	8BB88BB8BB8B8	32158	
	8Lipst	23490	
	8Tzu	18063	
	8VgfzHFODH	22738	
	8atback	15088	
	8ball		14787
	8ballz	10752	
	8bitslacker	19252	
	8bytes	26769	
	8cgr	31133	
	8equalsD	26452	
	8minder	21817	
	8orSick	20393	
	8thwonder	9911	
	8ting	1500	
	9082382	22807	
	909hitmeonetime	26845	
	90pop90	28062	
	92RDD	2269	
	93821	8326	
	938475986	2309	
	939375465	32057	
	945getrightnow	17580	
	94d6d9g	31805	
	94tjt85qp0	28198	
	95648913	27856	
	9857456458	2705	
	98biloxytheman	20055	
	994run	3054	
	9989779988	18074	
	999heavy999	5965	
	999mwp999	12132	
	999soldier999	4730	
	999wpo999	34611	
	99Flowers	33534	
	99cents	13666	
	99fivelove	39592	
	99luftballoons	17374	
	99mph	10867	
	99pptry	38174	
	9anfoud	12969	
	9ine	19454	
	9ja1	7597	
	9milljill	31434	
	9mrvC0kcCL	12211	
	9sd5s98dh59s86dh	15330	
	9sledo	9632	
	9spectroscopy	36175	
	A-Bonasera	8002	
	A-E-F		80314
	A-WATT	33956	
	A13x	7977	
	A1Capone	22297	
	A1FBG		11790
	A1eyedea	9089	
	A349	20519	
	A420	35665	
	A519	34901	
	A51F	1267	
	A5htraY	5295	
	A9987768	142	
	AArkan	10230	
	ABCPUSH4U		36709
	ABTKbvBlQqYcj7	12357	
	AC-Coral	610	
	ACTAVIST	3362	
	AChinThing	14413	
	ADAM30	3618	
	ADRIGPW	19107	
	ADeLarge	31200	
	AES256	36510	
	AFONSOHENRIQUES	22451	
	AGP-EVO		221629
	AGrande	34348	
	AHappyPanda	38275	
	AIOff	23533	
	AIucard	35449	
	AJmo6024	13475	
	AK81Business		344822
	ALONZO69		251960
	ALPHA-CENTURI	9663	
	ALT33TLT	11695	
	ALiEn4	15713	
	AM123	20639	
	AM47	13741	
	AMBRUS	29710	
	AMUVHD12U	37893	
	AN0N024	24820	
	ANONgfix	14849	
	ANRK	2874	
	ANT8U	14906	
	AOStanleyIII	21078	
	AOfH	24494	
	APACHY666	12210	
	APopularVendor	38633	
	ARBRE	16745	
	ARFHAZ	7012	
	ARFHAZZ	16430	
	ARGLOVE10	4770	
	ARGLove	4767	
	ASAPDell	18553	
	ASBATTYFART	10256	
	ASIAN	32420	
	ASM112	11613	
	ASMRL82	34720	
	ASOKI	895	
	ASSuo	9546	
	AShulgin	9254	
	ATObro	35795	
	ATuring	20601	
	AU-E	6465	
	AUSImportsonEVO		305263
	AUSSIE_CARTEL	10983	
	AUSSome		259403
	AUsTORe		170315
	AV12588	29862	
	AVG778	32991	
	AVIDYA	34994	
	AXXA	13376	
	AZZY	6716	
	A_Chacon	15294	
	Aadison		37098
	AaronAble	8532	
	Aaronj	7789	
	AbCd123456	24748	
	AbaddonTDS	8445	
	Abagnale	14036	
	AbandonAllHope	25813	
	Abdula	9592	
	Abdulah	12772	
	AbeLinkinPark	29698	
	Abelman56	34431	
	Abendigo1	35900	
	Abintra	1944	
	AboutBlanc2	35769	
	AboutTor	18822	
	AbovePressure	26386	
	AboveTheClouds		10703
	Abram123	23159	
	AbsoluteFire	11632	
	Absoluuut	33037	
	AbuBakr6	21141	
	Accelerator	8464	
	Accerac	15800	
	Account33	23683	
	AccountXS	73	
	AccuFays	37723	
	AccuSource		275740
	Accur8		35858
	Ace5	7940	
	AceB	30973	
	AceDoc		79148
	AceFKAPE	15192	
	AceKingSooted	25799	
	AceOfHearts	35473	
	AceOne	15561	
	AcePaste	18351	
	AceXll	36049	
	Ace_128of_Hearts	38419	
	Ace_Of_Spades		92580
	Aceed	20019	
	Acesm	6216	
	AcidDreams		37434
	AcidJim	20651	
	AcidLove	25233	
	AcidXpress		7115
	Acid_Traveler	26197	
	Acidlove1	28924	
	AcidmanInK-hole	11300	
	Acof_dfex	32879	
	Actavis	825	
	ActionSloth	32460	
	Actis	25150	
	ActiveDose	23667	
	AdamBryan	12004	
	AdamRed	20402	
	AdamSmith	13972	
	AdamStewart	27331	
	Adam_Selene	21073	
	Adaptability45	33880	
	Adaption	6463	
	AddanDeith	37123	
	Adderall		36400
	AdderallFiend	35679	
	Adderall_Alex		8690
	AddieAnnie		9906
	AddiesAndXans		128272
	AddiesUp		308778
	AddyFace	37629	
	Addyshack	9952	
	Adebisi	8507	
	Adebisi55	25252	
	Adesi	5096	
	Adolf	3689	
	AdolfHitler	1743	
	Adrat0R	3826	
	Adrenaline28	5692	
	Adrenochrome	26964	
	Adrhien	32256	
	Advanced1960	23854	
	Adventuredubs	23641	
	Adviser	30670	
	Adwords	3398	
	Aeacus	17913	
	Aed1130c	14230	
	Aegis25	31899	
	Aero-Zephyr	8838	
	Aeronos	33656	
	Aerovenon	26563	
	Aestheticism	2944	
	Aexone	21895	
	Afaa123	16917	
	Afanasi	324	
	Affhous1	1488	
	AfghanRock	7282	
	Afhaalchinees	34838	
	AfricaSuperStar	37615	
	AfroManiac	31440	
	Afrodude	23536	
	Afrozen777	29515	
	AfterShop		348813
	Afterglow88	29858	
	Afterparty99		5293
	Aftershave	8388	
	Afterskill	7826	
	Agent007	21644	
	AgentCodyBanks	13784	
	AgentSmith88	34014	
	Agora	3528	
	AgoraSa7	18360	
	Agorafacts	9966	
	Agoraphobic	23331	
	AgorawhorexD	21181	
	Agroindustrial	22317	
	Agyebandz	11385	
	Ahiles	15804	
	Ahiles880	15806	
	AidenP	7131	
	Aigana	19062	
	Aighta	28061	
	AikenBiphase	6761	
	Aint-Goin	30088	
	Aintmyjob		16665
	Aiolos	4888	
	AirCanada	25576	
	AirDEATH23	26395	
	AjaxTheGreater	30672	
	Ajja17	18859	
	Aka_X	30851	
	Akachi	32624	
	Akbar	14234	
	Akita	19209	
	Akulisz	14515	
	Al-Qadhafi	15640	
	Al-Qaida	10459	
	Al-Sharpe2	19759	
	AlBassam	18821	
	AlCapone564	22296	
	AlCapown	19146	
	AlCapuccino	26703	
	AlCoCh117	15497	
	AladdinSane	9146	
	Aladin	4387	
	Alan1	3530	
	AlanGreenspard	7455	
	Alarik	11883	
	AlaskanIce	6179	
	AlbaBudSmoker	8402	
	Albert1102	11463	
	AlbertaBlue	11487	
	Alberto	1978	
	Aldebaran17	31835	
	Aldowe160	20299	
	Alei	9001	
	AleksandrM	9589	
	Aleksy	1911	
	Ales	25479	
	AlesKlar		11922
	Alex-SosaNL		23423
	AlexCheeseman	10641	
	AlexMD81	20308	
	AlexSosa	3233	
	Alexander76	17635	
	AlexanderDumas	26944	
	Alexandrus		186486
	AlexicT	26113	
	Alexiuscz	32686	
	Alexxian	25104	
	AlfaOmega		48444
	AlfonseSimone	23751	
	Alfr40Jd	14034	
	Alfred	9112	
	AlfredHitzkopf	8506	
	Alfred_B	130	
	Algebra-II	13177	
	AlgoRhythm	10293	
	AliMit	25526	
	Aliar	5637	
	AliasCash	9613	
	Aliasaka	15488	
	Alice_Dee	17751	
	Alien889	15011	
	AlienBugBoy23	31019	
	AlienSoldier	30178	
	Alienpeople	25194	
	AlienwareX52	4002	
	Alison	4805	
	Alkalinoplus	15979	
	All-SeeingEye	4833	
	AllAboveAll	26298	
	AllHailEris	24186	
	AllInTheCards	37881	
	AllSeeingEye	5257	
	AllTheLights1	21222	
	Allandallen	17174	
	Allardice	20835	
	Alliezig	6534	
	Allure65	6218	
	Almasa	11804	
	Almo	12800	
	Aloka	29405	
	AlovelyTrip	22397	
	Alpha02Moka	20463	
	Alpha02Mokas	22505	
	Alpha12345	21413	
	AlphaBetaChi	21795	
	AlphaGuide	19902	
	AlphaGuides	22116	
	AlphaMushroom	29513	
	Alphago	353	
	Alphaphi	22440	
	Alphase	23421	
	Altabix	30130	
	AltairII	794	
	Alternator	10085	
	AltoN	9659	
	Alutaax	12804	
	AlvinBarclay	11390	
	Alvinchipmunk	24111	
	AlwaysAnon		293125
	AlwaysBuilding	12507	
	AlwaysFunny	33690	
	AlwaysGone	5115	
	AlwaysGottaSmile	7516	
	Alwaysbuyin	4841	
	Alwayshigh2	7660	
	AmaPro	15152	
	Amazeballs	11145	
	AmazonSE		24828
	AmazonSuperStore		35017
	Amb68	12738	
	Amber1990	8046	
	AmberAngel	8478	
	AmberSup	24806	
	Amberson	12549	
	Ambertos	7560	
	Ambidextre	26555	
	Ambrosia666		177470
	Amcuc	4733	
	AmennaB	14980	
	American1	13994	
	AmericanDream	7105	
	AmericanDrugs		24444
	AmericanHitman15	35685	
	AmesJazz	13929	
	Amethys94	31705	
	Amexican	7283	
	Amigdala	17499	
	AmnesiaSynes	1914	
	Amot925	20986	
	Ampedlift	20328	
	Ampmoney	32549	
	AmsNL	18104	
	AmsterdamGood		15605
	AmsterdamProduct		53632
	AmsterdamUnited	4586	
	Amsterdamquilty	25482	
	AmusableXI	7059	
	AmyCarver	14409	
	An0n	8430	
	An0n848	26758	
	AnEbOlOs	38691	
	AnEntity	482	
	AnSir23	35701	
	Analphabet	39532	
	Ananda	25254	
	Anarchija	29204	
	Anarchist	19623	
	Anarchoraver	33236	
	Anastasio	7196	
	Anastrophy	18533	
	AncientMariner	12927	
	AndCo		364030
	Andarial	31812	
	Anderson22	6265	
	AndiixAndii	35140	
	Andman17	32035	
	Andolini	16540	
	Andreas89	16684	
	Andrebrown04	26968	
	Andreitapor	14850	
	Andrew	5979	
	AndrewBell	20509	
	AndrewBellar	20507	
	AndrewLyons	33887	
	Andro718	15740	
	Android_Au	252	
	Andronical	2352	
	Andrzej	32026	
	Andut1960	24930	
	Andy23	26963	
	AndyHook	21149	
	Aneons	14350	
	AngelusLapus	23677	
	Angiom	22757	
	AngryBird	17171	
	AngryBirds	4220	
	AniceTrip	9069	
	AnimalFriend	39648	
	Animatek69	24318	
	AnimeGod	3192	
	AnkhMorpork	8291	
	Anlil	24136	
	Annuler		103624
	Ano1234	33374	
	Anomie742	38690	
	Anon1900	12356	
	Anon21	7323	
	Anon4111	4189	
	Anon43	12124	
	Anon4658	39798	
	Anon4ever	14079	
	Anon6793	30484	
	Anon9333	14965	
	AnonBuddy	8730	
	AnonDr		396425
	AnonDrugUser	32575	
	AnonFruit	17916	
	AnonHacker	6432	
	Anonberg	18030	
	Anonmagic	1765	
	Anono14	4233	
	Anonuhmoose14	11061	
	AnonyBro	25219	
	Anonylink	4346	
	Anonymdarkdark	37959	
	Anonymityy	33517	
	Anonymous1812	19949	
	Anonymous2921	1683	
	AnonymousBuyer	3719	
	AnonymousGringo	30647	
	AnonymousID	3428	
	Anonymouse420	19960	
	Anonymousguy8520	27332	
	Anonymously	907	
	AnorexicOrange	2105	
	AnotherMarketyay	31349	
	AnotherPage	28053	
	AnotherUser80	22076	
	AntHacker	12366	
	Antagonymus	31862	
	Anthin	26482	
	Anthony4450	21310	
	Anti-Hero	3091	
	AntiMatter	2577	
	Antl3r	4330	
	AntoinePT	18990	
	AntoninusPius	33471	
	Antony7high	13427	
	AntozN27	30469	
	Antx	12785	
	Anxnymxus	2362	
	Anybal	32511	
	Aone	29138	
	Aoxomoxoa	16642	
	ApacheBlitz	32394	
	Aperfectsquare	3991	
	Aperture27	29109	
	ApexPredator000	24149	
	AplMkt	6744	
	Apollo50	11531	
	Apollo701	5466	
	ApolloSupply		9236
	Apotheke1	34729	
	Apothekerst	31591	
	AppleCan	12964	
	AppleCar12	14351	
	AppleIDs		90781
	AppleJacks98	1180	
	AppleMaster		1309
	AppleTitties	32081	
	April	5805	
	Apteekki24h		300999
	AquaPanda	730	
	Aqua_Regia	19223	
	Aquabat0622	12231	
	Aquarillo	9163	
	AquauqA	15106	
	ArGuE-ttb	15798	
	ArOk	8281	
	ArZz348	7620	
	Arachidonic	728	
	Araknatelle	15448	
	Aram6765	27772	
	Arbeloa	36500	
	Arbok	30264	
	Archick	7311	
	Archimede		196975
	ArchimedesJones	24986	
	Archimedion	38873	
	Architrade	38736	
	Arcticmonk	14053	
	AreShy3y42xZp	18791	
	Area51-Market	7656	
	Arfa	23435	
	Argilson	34690	
	Argonaut	27159	
	Arkady	19488	
	ArmaLite	18830	
	Armbeard	34253	
	Arminius	9050	
	Arminn	17938	
	Armory-fr		411154
	Arnachy		84079
	Arnie55	10842	
	AroraBorealis	29473	
	Artaud	35499	
	ArtfulDodger51	32479	
	ArthurSpooner		418314
	ArticChef	4388	
	ArtisticMoney	22793	
	Artus	36147	
	AsOnDs	5162	
	Ascendant	7001	
	Asclepius	12355	
	Ascreen666	4922	
	Asdjkl01	14627	
	AshcanQuarrelsom	19546	
	AsherGG		36368
	Ashitaka	174	
	Asho2345	36232	
	AsiaTropic	17934	
	Asinat	15969	
	Aslone2013	2104	
	Assabba	21094	
	AssassinHef47	35688	
	Assets27	6802	
	Assholio	12152	
	AssiusMaximus	14455	
	Astar	30871	
	Aster75	25242	
	Astheofthat	4109	
	Astorm	36280	
	Astralking	10417	
	Astroid	3369	
	Astrrrr	38970	
	AsyLoveMkat	18795	
	Asylum23	13133	
	Asymmetric	5961	
	Atariheld		223098
	AtheismOnTheRise	1647	
	AthenaX	7228	
	Atheris	900	
	Atila	408	
	Atkaf	17163	
	Atlantic11	3425	
	AtlantisHosting	17697	
	Atlas21	20662	
	AtlasSound	36293	
	AtomicBetty	7916	
	AtomicDelinquent	24894	
	AtroxV	11143	
	Attraxin	17317	
	Audi2016	8536	
	AullyFotto	16445	
	Auntyesther	5543	
	Aureus	6361	
	Aurora99	6665	
	Aurum	298	
	AusCrystal		104093
	AusGas	29445	
	AusImports	8573	
	AusKing		182167
	AusMate		13564
	AusUnderground		26500
	Aussie12345	29894	
	AussieExpress		175076
	AussieMethHead	23850	
	AussieShrooms		143969
	AussieStore		16233
	Aust_Fed_Police	23410	
	AustinPowers	3882	
	Australian-FP	2928	
	Autobahn		298596
	Automator	19033	
	Autopsizi	24067	
	Autosafe	32278	
	Autoset11	22991	
	AvFreak	17573	
	Avatar	7177	
	Avatar22	3267	
	Aventis	18736	
	Avesis	4051	
	Avios	871	
	Avirex	3740	
	AvonBarksdale	20457	
	Avry	189	
	Awake6	17024	
	Ax3r	28021	
	Axiom	9821	
	AyZed_01	11671	
	Aynyar	25693	
	Ayods	39173	
	Ayoola	17126	
	AzureIntent	6044	
	Azurewraith911	11068	
	Azzanto73	38094	
	B-5Alive	6796	
	B0naPart3	33635	
	B10sF	34686	
	B13q7TeY5qEBrMQ	5761	
	B1b0	18969	
	B2OBA	7754	
	B2U2	5454	
	B484ji	25477	
	B4G0L	4484	
	B4G0LL	4511	
	B4RC0D3	20854	
	B73R27b	37083	
	BAMBAMM	3678	
	BANGBROS	4638	
	BAOBAO1	28768	
	BARCLAYSLEAGUE	10549	
	BASICALLY	18940	
	BBZZZ11	6977	
	BBishop	1974	
	BCBOB		215307
	BCBUDKING		84429
	BCBUDKING2	26513	
	BCHardcore		7839
	BCPHARMA	38788	
	BDay2Me	3527	
	BEAM46	13426	
	BEARCLAW69	28452	
	BECKER		193083
	BENDYMAN	3466	
	BERTHA	17418	
	BEinit	33624	
	BEwater	12008	
	BHLCREW		160757
	BJ_Pleese	21578	
	BK201	17903	
	BLACKBUSINESS		130765
	BLH2424	10513	
	BLU3SK1ES	37026	
	BMADDICTED	10371	
	BMAN86	28457	
	BMFK	17496	
	BMJ5000	28612	
	BO000	4177	
	BONOBIS	4954	
	BOOSTERZ	17630	
	BORA		239064
	BPcontrol	4914	
	BROOKLYN	420	
	BROS90	37352	
	BT882106	28568	
	BTCBO33	17168	
	BTCMaster		7651
	BTLM	24621	
	BTRUTH	35469	
	BUFU		88170
	BUSINESSMAN01	35401	
	BX_1000	766	
	BYFF	11277	
	Babara	27429	
	Baboosa	6095	
	Babooshka	18703	
	Baby_Shaker1	24052	
	BabyeScientology	23242	
	Bacchus	511	
	Bach	3418	
	BachuBCH		414222
	BackAttack	18328	
	BackByDopeDemand	16183	
	BackDooredEVO	39847	
	BackToEvoFuture	32563	
	Backbilly	14581	
	Backdraft47	25665	
	BackgroundPony	26498	
	BackuptotheFront	8781	
	BaconVault	13835	
	Baconbits	20233	
	BadAss	6604	
	BadBoi	7418	
	BadDeal	11750	
	Badassmofo	13445	
	Badone	15490	
	Badoonga	1573	
	Badpatxtc	38700	
	Bafo	12217	
	Baggie	7344	
	BagofGreens	13391	
	Bahamas	25815	
	Bakeneko	9303	
	BakerCow	13921	
	Baksteen	33123	
	Balanar	38702	
	Balbinus	2139	
	Baldheadedfreak	22348	
	BaliShag	5928	
	Balintix	31077	
	BalkanArms	2173	
	Balkhole	1694	
	BallInOnABudget		123990
	BallerSauce	34362	
	Balln	13014	
	Ballz_N_All	23034	
	Bamjammin	13731	
	Bamx	37132	
	BananaKing		184330
	BananaMan666	25768	
	Bananaman2269	28685	
	Bananas4Apples	8453	
	Bandicot	35717	
	Bane-X	25646	
	BangBang	1720	
	Bangkok23	5418	
	Bangkok8	17090	
	Banjaxed	35702	
	BankAccSeller		325303
	Bank_of_Canada	2274	
	Bank_of_England	2270	
	Bankerpa	31493	
	BankofQuark	12014	
	Bankroll_alex	28625	
	Bankzy	7809	
	Banned_Again	23182	
	Bannor	1274	
	BarKokhba	11146	
	Bar_Czar	22081	
	BarackObama	1294	
	Barbas	16487	
	Barchef	5484	
	Bardzime	14406	
	BareMonk	8778	
	BarkBark	8042	
	BarkleBee__	31604	
	BarnCat	4378	
	BarnacleBoy	32028	
	Barney017	7712	
	Barneyusa	14125	
	Baron-JOY		411543
	Barone	23792	
	Barrbliss	21433	
	BarryGarlow	25607	
	BarrySoetoro	38121	
	Bart	2238	
	Bart70	6633	
	BasedGod	1229	
	Basement	26207	
	BasilBox	4986	
	Basquiat	14467	
	Bassbase	12300	
	Bassnectar	28756	
	Bastille3344	9802	
	BatBut	20028	
	Batgirl77	6355	
	Baumbart	33262	
	Baxounet	36441	
	BazBiftage		282460
	Bbahd300	7601	
	BeON	11658	
	BeachBoy	13241	
	BeachKindaDay	31954	
	BeamMeUpScotty	31636	
	Bean394	10794	
	BeanDeed	3088	
	Beaphar	35983	
	BeardedJedi	6102	
	Beardroid	5171	
	Bearglove99	26660	
	BeastMode90	38629	
	BeastModeDepot	24385	
	BeatSpacer	9192	
	Beavis91	10139	
	Beckeraw	38626	
	Bedamage	3246	
	Bedsurfer	23292	
	Beedle	6824	
	BeeezZy		15653
	BeefSnacks403	39118	
	BeefSword	13801	
	Beeker	6491	
	BeerGoggles	39558	
	Beigbeder	6915	
	Bel1eveee	30552	
	BelHelios	12100	
	Belal	11925	
	BellyButton	13680	
	Belton	11843	
	Belvita4759	5588	
	Ben8899Dover	16935	
	BenHendo	34656	
	BendenHoward		29256
	BenderRodriguez	11550	
	Bendy	12689	
	Bengali	8017	
	Bengali1	35104	
	Benhoward47	39791	
	Benign	29262	
	BenjaminButton	33228	
	BenjaminFronklin	38071	
	BennieLava	29938	
	Benny	2470	
	Benny360		38320
	Bennyfritz6582	13261	
	Bensoteket		192373
	Bentley	8186	
	BenzGod	22234	
	Benzene	14143	
	BenzoBelgian	11825	
	BenzoMarketUK		303029
	BergerBob	27317	
	Bergo	12600	
	Bernadotte		183820
	Bernard	3361	
	BerryTree	33276	
	BestBLOW		190657
	BestBuds		17849
	BestConnect		260325
	BestPills	1277	
	Bestdeals		158306
	Bestimus	33924	
	Betaah	13534	
	Betablockers	20188	
	Betawood	28207	
	Betax	30008	
	Betsey_Trotwood	23818	
	Betsies	17490	
	BetterThanBarz		333011
	Bezerky563	22233	
	BgWWP4	19401	
	Bibbsy	28620	
	Bickle	35831	
	BierHaus	31384	
	Biffery	21444	
	Big-Baby	35686	
	Big-Kakkle	32878	
	BigAl		29597
	BigBill6778	6931	
	BigBlack	9901	
	BigBlackBear	37988	
	BigBuddah		19670
	BigDFlyKilla	19565	
	BigDaddy77	6937	
	BigDeal0	7563	
	BigDickMofo	7017	
	BigDog309	6127	
	BigDogBlue14	13852	
	BigDogg	35531	
	BigHands	9320	
	BigJonnyBollocks	30219	
	BigLouie	35681	
	BigMamami	13240	
	BigMoneyPoppin	5697	
	BigPappa	25111	
	BigScrote	14246	
	BigTed20	22067	
	Big_Brain	10800	
	Big_Pharma		16259
	Big_Red	39781	
	BigassLoad	24243	
	Bigblackdick	10484	
	Bigblazinbudz	10574	
	Bigbrain	13505	
	Bigbridges	39801	
	Bigdawg	2954	
	Bigdude21061995	17575	
	Bigflip	26757	
	Bigfrench	22509	
	Biggie77	13200	
	BiggieCalls	35200	
	BiginJapan	19104	
	Biglee2014	18649	
	BigmanCEO	7965	
	BikiniBob	10656	
	Bilal	15817	
	BillBoard	19778	
	BillBryson	6489	
	BillCC	8167	
	BillCooper	25513	
	BillGates	6486	
	Bill_Belichick	39582	
	Billbrownx1	1148	
	Billy12345	30057	
	BillyBoB2468	35750	
	BillyBorn	7759	
	BillyBoySpoof	3125	
	BillyBunter	18993	
	BillyKidd	11304	
	Billyb0y	35264	
	Billyballax	16171	
	BillynTed	38618	
	Billythekid1	4434	
	BimboLord98	33850	
	Bimodraft	8417	
	Bimpage	12385	
	BinaryBin	33756	
	BinaryHelixCore	11616	
	BinkyBarnes1979	36807	
	BinkyBarnes1982	4822	
	BioMan07	20759	
	BioMan7	30026	
	Biometrix	22180	
	Birkin	9733	
	Biser	454	
	Bismuth	10242	
	BitGolden	30537	
	BitRoller	13439	
	BitSpender	30031	
	BitchFromUS	9198	
	BitchFuckYay	35360	
	BitchNChips	13676	
	BitcoinMan	37828	
	Bitcoin_Tumbler	21279	
	Bitsausage	13351	
	Bl4ck5ku11y	37643	
	BlaBla11	30561	
	Blablox001	9563	
	Black-Serious		243608
	Black2white	32962	
	BlackBeanTwo	32984	
	BlackBubble	6098	
	BlackCherrySoda	23782	
	BlackDiamond	4128	
	BlackDiamond1	23125	
	BlackGhost99	17704	
	BlackHat	6792	
	BlackHawk	2453	
	BlackJack	478	
	BlackJoe	10014	
	BlackKobra	5605	
	BlackLabelUSD	1142	
	BlackMountains	27691	
	BlackPenguin	8726	
	BlackRider	2208	
	BlackStoReN		6096
	BlackTheBlack	4071	
	BlackWizard	7245	
	BlackWolf1935	21274	
	BlackXS	4600	
	Blackb0b	7406	
	Blackbeard6	23075	
	Blackbrick	5305	
	Blackflaganarchy	29088	
	Blackgold	341	
	BlackhatDRugs		272061
	Blackltdd	1868	
	BlackmarketPete	33498	
	Blackmilk2		26646
	Blackmindshifter	16217	
	Blackschild		386584
	Blacksmoke2014	10314	
	BlahBlahBlah420	29287	
	Blahst12	18947	
	BlankSlate	6579	
	BlarBlarBlar	8428	
	Blarry901	30103	
	Blasphemy	30979	
	BlatantBadMan	24138	
	BlaueAepfel	10625	
	BlazingSaddles	3999	
	Bleach2	12235	
	Bleach69	33655	
	Bleckanddacker	31623	
	Blene1951	23938	
	Blerk	8969	
	BlessedKid	28617	
	Bleuler	12256	
	Bling_Ting	34274	
	Blisterz	10728	
	Blix1955	10627	
	Blkstoner37	31097	
	Blomman		211018
	Blomsterlandet		415791
	BlondBarbie69	20633	
	Blondegirls	28703	
	BlondieWithNose	30288	
	BloodDiamond		214502
	BloodMoney	1530	
	BloodSyst3ms		323914
	BloodandThunder	24470	
	Bloodseeker2	12949	
	BloodyBlackout	22152	
	Bloooolb	8193	
	Blotter-4-BHOmbs	11997	
	Blottershop	12080	
	Bludawg	11159	
	Blue2118	22981	
	Blue4	38835	
	BlueAmber		197901
	BlueAver	23996	
	BlueBanshee	30401	
	BlueBear123	9656	
	BlueBeetle	22231	
	BlueCrane	4894	
	BlueDragon3	21699	
	BlueFeather	16906	
	BlueHat	1529	
	BlueHawk	15486	
	BlueInMotion	8973	
	BlueJean	11440	
	BlueManGroup	11394	
	BlueNeptune	3276	
	BlueNitro	10219	
	BlueRain	15840	
	BlueRuin	5132	
	BlueShadesTM	14004	
	BlueSkies85	33484	
	BlueSugar800	12895	
	BlueVenus	21472	
	Blueberry43	12708	
	BlueberrySwisher	4205	
	Bluebull	9092	
	Bluefaze37h	16134	
	Bluekilo	24	
	Bluemango	36680	
	Bluescrilla	1837	
	Bmancool1	12194	
	Bmoreismore	23215	
	Bnice	32947	
	Bnit	12902	
	BoRg33	15540	
	Boan513	27732	
	BobBarker99	31864	
	BobDylanX2	7703	
	BobKom	1994	
	BobMarley1919	8071	
	BobOne007	37588	
	BobT	36016	
	BobaFet		282909
	BobbieM76	20683	
	Bobby630	29416	
	BobbyDazzla	23393	
	BobbyTheBirdSpar	24226	
	Bobbylicious	10569	
	Bobmarlney	34883	
	Bodhi1946	14037	
	Boedefeldt	3533	
	Boefje1988	29436	
	BoekkiedeBak	20597	
	Bogart	445	
	BogiBogi	1071	
	Bogla	36551	
	BoilerRoom	2799	
	Bokassa	9009	
	Bolnad	28350	
	BombHeadie	21215	
	Bomba	20523	
	Bombad1l		366093
	BonaFide3	7755	
	Bonedry99	24423	
	Bones69	5597	
	BonesKoopa	37152	
	Bongo123987	35748	
	BongoBob	12331	
	Bongonodo	39526	
	Bonik13	39522	
	BonnieNClyde		152556
	Bonsai33	39024	
	Boogieoogie	9187	
	Bookers	29720	
	BoomerDoomer	15186	
	BooomShiva	31978	
	BoostedL	24842	
	Booster_Gold	3940	
	BootiusMaximus	7542	
	Boris556	5989	
	BoscoC9	14262	
	BossB1	37951	
	BossTweed		44232
	Bossboyy121	31056	
	Bossen		416609
	Bossinator6	39775	
	Bossman19	24499	
	Boston	2517	
	Boteuwu		32693
	Bouby	7617	
	Bourbigny	25751	
	Bowlin	5713	
	Bowzer		38022
	Boxoffice2	37616	
	Boybetternotknow	28070	
	Bozekip	24899	
	Bozolovesmolly	17358	
	BrOaMk	34313	
	BradNowell	24158	
	BradleyCooper844	23463	
	BradolphPitler	3039	
	Brahmadry	7511	
	Brahms	25662	
	Brainfood	18352	
	Brainstorm2014	2440	
	BrainyDon	6158	
	BrakeChild	13808	
	Bran88	19734	
	BrandNameGuides5	32404	
	Brandcrow	12590	
	BrandyWhisky	7055	
	BrassArtn0k	7201	
	Braxton	28429	
	BreakOnThrough	22615	
	BreakingBader	30761	
	BreakingBud	13242	
	BreakingDab	24655	
	BreakingSad83	37171	
	Breakingbad	100	
	Breakingbad55	10781	
	Breathe87	4979	
	Breezy101	30098	
	Brendan69	26172	
	Brentwood	4611	
	BretHart	4532	
	BrettFavre44	13270	
	BrickInMyAss	19159	
	Brick_head	8889	
	Brindle	24021	
	Broadband	14778	
	BrockLesnar	17621	
	BrockLesner	29536	
	BrokenFootOw11	19339	
	BrokenTools	7898	
	Brokerage55	4684	
	Bromazepam		225846
	BronkoNr1	21811	
	Brons0n	18207	
	Bronson83	29398	
	Bronsondee	34908	
	Brotherpineus	5923	
	BrownCartel	16840	
	BrownGreyOrange	2593	
	BrownTazzie	11125	
	Browntown		21358
	Brucious	11459	
	Brule	7223	
	BrunoM	6394	
	Bruslys	8525	
	BrutallDiscount		413711
	BsBob65	3619	
	BtcAreBelongToUs	35845	
	Bubblegumyum1	5694	
	Bubbles229	28403	
	Buck999	17482	
	BuckRogers	1045	
	BuckWild99	8223	
	Bucky	16349	
	BudBoss		37083
	BudSeeker421	29200	
	Budderman420	19765	
	Buddhacus	26079	
	BudmanSachs	23882	
	Budnuretyn	14596	
	Buds-R-Us	8096	
	Budulike		38735
	Budzbud	13570	
	Buffal0	27838	
	BuffaloMonin	17068	
	BugEyedBeauty	13675	
	Buggly	7775	
	BugsMcGee	1890	
	BugsyBoner	7264	
	Buhrandon	17049	
	Bulforg95123	26705	
	BulkBarn		314621
	BulkBudUK	32001	
	BulletAnt	16705	
	Bullfrog6288	3108	
	BullionPartners	12886	
	Bullseyed	8701	
	Bulltooth	9028	
	BumFights	13802	
	Bumsbert	33800	
	Bungeebaby13	31771	
	Bunny68	24084	
	BunnyFire	13805	
	Burncity	5206	
	Burrn	11683	
	BurtWhiskers	10628	
	Burzum1312	37557	
	Bushranger	39150	
	BusinessB4		240701
	BusinessBrother	22243	
	Busman	4112	
	BustAnut5	35471	
	BustyChick	15635	
	ButaneFuel	10591	
	ButchCassidy	34332	
	BuxtonPowder	31119	
	BuyCollegePapers		292873
	Buyer230	10173	
	Buzz-buzz-buzz	8448	
	Buzz1234	4596	
	BuzzKillington	28982	
	BuzzMaster	12106	
	BvZmMA8Tx7	22053	
	Bx13	546	
	Bynemeans23	32910	
	Byte10110	1307	
	C00ked		5186
	C0smic	16240	
	C17H21NO4	5027	
	C1PoV32	25622	
	C20H25N3O	7255	
	C2Cgrnd13	442	
	C99ELITE	14325	
	CANNAMIHOL	15845	
	CARNAGE101	4678	
	CARNIVORE		398148
	CAT12345	8377	
	CAT133	13989	
	CAlivin1982	36876	
	CBBC	11601	
	CBBN	6050	
	CBDG	22579	
	CBDSeeker	14228	
	CBNPAVWORKITOUT		22936
	CCDuck80	313	
	CDARWIN		182259
	CDUK		129507
	CEBOLLA	1654	
	CEBOLLAS		4204
	CEuphoria		198866
	CFnotes	6609	
	CGDE3PVB	37059	
	CHECKCASH69	26	
	CHEECH_AND_CHONG		97972
	CHEST	10107	
	CJ4826	29976	
	CLOSE	12397	
	CMBurns	10944	
	CMIYC	301	
	CMPLXX	19772	
	COCAINECOWBOY-SR		183031
	COCOCH	27272	
	COKEBROTHERS	2623	
	COME355	14621	
	CONZHLC	25529	
	CONvenient	26520	
	CORN3LIUS	29040	
	CO_Cannabis	10447	
	CPTJack	1672	
	CRANIUM01	2341	
	CREAMTEAM		14561
	CRING	3131	
	CROSSTHEBORDER	17882	
	CRypt0FerRet	17331	
	CS28	23784	
	CSPDo2	7128	
	CSPDo4	7690	
	CSPDo4	9766	
	CTM1	3082	
	CTRLENTER	12759	
	CTReview	39691	
	CUNTLORD	957	
	CUSTOMERCOPY	36579	
	CVV2Valid		23713
	CZmadeMan		29960
	CZsteve	10779	
	Caambopulita	27882	
	Cable	11712	
	CableFire	24035	
	CableGuy	1471	
	Cacan	14452	
	Cafe_Deluxe		136446
	CaffeineIsKing	25332	
	Cagge111	14319	
	CainPillers	12781	
	CainPillers420		90399
	Cairo	147	
	Cajun	20969	
	CaliGreenCross		135017
	CaliPlug		194880
	Cali_kingdom	19283	
	Caliban	7171	
	Calibro7	7707	
	CalisFinest		200550
	CallMeEagle	13794	
	CallMePeter3	38493	
	Callie29	27624	
	Calne	11347	
	Calyx		35848
	Camelback15	36577	
	Camilll		23851
	CamionLoco	31167	
	Can46	37641	
	CanXpress	2386	
	CanadaIdentity	6367	
	CanadianExpress		10842
	CanadianRX	17116	
	Canadian_Mint	2275	
	CanbVoy	6956	
	CandE	30215	
	CandidoPz	5753	
	CandyKane	25235	
	CandyMan72		367893
	CandyStore		28147
	Candywalls	36076	
	Canefarm	14981	
	CanisLupus246	36146	
	Canjaman	28605	
	CannaTreats		113013
	CannaWorld	20162	
	Canna_Co		384922
	Cannabinoid	13655	
	CannabisDenmark		40764
	CannabisOverdose	36355	
	Cannabun	29380	
	Cannadidate	39612	
	Cannamedic	36536	
	CannonDaisy	4620	
	Canon41	10276	
	CanonballJoe	3547	
	CantBeStopped	10439	
	CantiereDM		17052
	CapDan	2099	
	CapNFraud	34508	
	Capen		131050
	CapnCook	19540	
	CapsuleCorp	10320	
	CaptJaneway	18246	
	Captain0Birdseye	28712	
	CaptainAsshole	27144	
	CaptainB	11696	
	CaptainBetty	37489	
	CaptainCapone	18461	
	CaptainCodpiece	17094	
	CaptainCrunch86	26965	
	CaptainCrystal	21349	
	CaptainCumshot	10422	
	CaptainH	7021	
	CaptainKrunch		15406
	CaptainMurica	11343	
	CaptainNeo69	4196	
	CaptainOzone	23478	
	CaptainPatches	39246	
	CaptainRaniac	16673	
	CaptainSparrow	9525	
	Captain_Fraud	33453	
	CaptainsChronic	15415	
	Capzz	9349	
	Caramello	36183	
	CarbonFiber	16125	
	Carbonnn-12	13225	
	CardKing	11428	
	Carder	10849	
	Carder4u	7146	
	Cardiez	19702	
	Cardshark0120	14579	
	Careless2020	33663	
	Cargreen1	16863	
	CaribouLou	24169	
	Carlos-Lehder		187636
	CarlosGarcia		14805
	CarlosagGarcia	6009	
	CarltonM	4331	
	CarrotFluid	27647	
	Carsten	27623	
	Carthagena32	6242	
	Casablanco	14854	
	Casalesi	25957	
	Cascada-Evo	27699	
	Cash	667	
	Cash22	18254	
	Cash4Coke	25138	
	CashMaster	6444	
	CashOut	397	
	Cashcrop	24652	
	CashoutCartel	22679	
	Casper0815	19980	
	Castel	32915	
	CastorTroy7	6278	
	Casturbation	12005	
	Catdaddy007	6829	
	Catdog3123	22855	
	Caterpilla23	15022	
	Cathouse420	22520	
	Cathunter	10546	
	Catnip	3966	
	Catpowers	5740	
	Cattleherd	5499	
	CatzNBunz	1924	
	CatzZz1	31982	
	CautiousShark94	8743	
	CaveBaby	24644	
	Cavo	1496	
	Caxito		185001
	Caysa	36901	
	Cazz	8550	
	Ccukcc	24825	
	CecilRhodes	326	
	Cecilia	31275	
	CedTheMad	26790	
	CeeCaptain	35231	
	CeeLeeWabbit	2508	
	CeleryStalk	14257	
	Celsior349	11521	
	CelticWreck		219786
	Cenobia	13766	
	CentralLimit	13930	
	Centuryon	16777	
	CeoApple	9768	
	Cerec	13102	
	Ch0kEoN17aNdYe	11857	
	Ch0sen0ne22	3093	
	Chabo_Garcia	8740	
	ChabukuRay	25258	
	ChadSmith	27646	
	Chadalien	19933	
	Chagawaga	7083	
	ChairmanMao	3400	
	ChairmanMayo666	36395	
	ChalkINC		3386
	Champagne_Papi	12349	
	Champs	21712	
	Chanakyayeah	27721	
	Chandramarlight	1797	
	Changemyview	4101	
	Chansey	13460	
	Chanwook	24284	
	Chaos	22392	
	ChaosTheory	28842	
	ChaoticShift	34089	
	ChaoticSnow	2347	
	ChapGuy_87	30005	
	Charbonneau	8963	
	Charles25	13193	
	CharlesBrown14	1802	
	CharlesDarrow	34178	
	CharlesManson	32651	
	CharlesMingus	30756	
	CharlezDoe	16521	
	Charlie4	25053	
	CharlieChap991	35885	
	CharlieMurphy	832	
	CharlieRockRules	38402	
	CharlieSwan	21300	
	ChaserPaper	8259	
	Che321	13301	
	Chealer23	32861	
	CheapEbooks		41000
	CheapestInAus	26890	
	CheapyChem		44207
	CheckMate101		23112
	Checkmate2	3439	
	CheekyBastard	557	
	Cheerios		289651
	Cheese95	3264	
	CheeseNips		19893
	CheeseyQuaverUK	7498	
	Cheetahz	24123	
	Chefcakes	37269	
	CheifBlackhawk	35505	
	Chelios	38364	
	ChemBrothersAU		190383
	ChemCat	18644	
	ChemFury		218552
	ChemicalBrothers		31788
	ChemistDomestic	16681	
	CherryCoke	23834	
	CherryRed	36839	
	Cheshire	6131	
	CheshireKitty	27431	
	Chesire	6048	
	Chevrolet	22604	
	Chi60li04	16964	
	ChiTown		22524
	ChicoCopThose	2933	
	ChiefKief	8845	
	ChillazIR	24762	
	ChillyAddict	29759	
	Chimera	6187	
	ChinaM1direct		20852
	ChinaPower	3028	
	Chinazin	30701	
	Chinchilla4256	25525	
	Chino902	1536	
	ChinoMan	9624	
	ChipDouglas	4319	
	Chipzahoy		165508
	Chlorinee	20789	
	Chocki	14061	
	ChokeTheChicken	24627	
	Chosenone	3050	
	ChrisBee		32687
	ChrisDorner	20824	
	ChrisFinch	27896	
	Chrisbrown2004	7450	
	Christiania		104516
	ChristmasJones	26695	
	Chromatic	34081	
	ChromeExcel	22306	
	ChronicChef		36089
	Chronix	38650	
	Chrono	14148	
	Chronostrigger	11000	
	Chrylo	24062	
	Chuck	870	
	ChuckCross	29451	
	ChuckDarwin	2506	
	Churchshoes	292	
	Chymex	11473	
	Cincinnatus	7513	
	Cinex	26484	
	Cinnob00	35373	
	Cithulu	15141	
	CitizenRenegade	15067	
	Citra		257241
	Citrona	13987	
	CitrusGreens	8476	
	CityBlues		3210
	Cityofgod	4826	
	Civil	6012	
	Clandestine	548	
	Clarity0000	32823	
	Clark007		316544
	Clau	33146	
	ClaudeMonet	13602	
	Claxx	15389	
	Clayster		321519
	ClaytonBigsby	30123	
	CleanTransfers	34610	
	Clever4ever	15924	
	Clickss	28518	
	CliffDawg	25087	
	Clio520	4656	
	Clisaspinna	2964	
	Clitsucker	6742	
	Clitty	37369	
	ClockAndCandles	4836	
	Clockisgod	7357	
	Clockist	25931	
	Clodger0203	11468	
	ClothCork	13819	
	Cloud10	15623	
	Cloud21	8985	
	Cloud7CannaCrew	8301	
	Club_HighSociety		169912
	Clubbesucher	8069	
	ClungeGasher	28544	
	Clyde6	12387	
	ClydeFrog	30794	
	Cnmg	15456	
	CoOrBust	14353	
	CoachSanta		269412
	Cobalt7700	9710	
	Coca-Khan	9107	
	CocaITa	37162	
	Cocahuntaz	27148	
	CocaineMan007		5826
	Cocaking22	38285	
	Cocalero	32492	
	Cock_Knocker	34181	
	Coded_Thought	14208	
	Codeine	15677	
	Codel00l	13615	
	CodenameCarlos	25971	
	Cogui	21915	
	Coil	31531	
	CoinDealer	3772	
	CoinThief007	36541	
	CoinedMan	9477	
	CokeClassic		11674
	CokeHeadSR1	17386	
	CokeMate		75506
	CokeSmurf	38847	
	Cokeyjoe	21815	
	ColForbin	24327	
	ColMustard	7813	
	ColaSnob	18231	
	ColdVictor	12002	
	Coldstyle	4090	
	Colin223	5774	
	CollapsedMaxilla	37495	
	Collectical	32521	
	Colonel-Forbin	22128	
	ColonelMustard	17096	
	ColonelPisser	7702	
	Colono	9774	
	Colorado		101171
	Colorless	12393	
	Coltan	30584	
	Colton333	5778	
	ColumbiaPIctures		201705
	Columbiad	30671	
	Com3t	993	
	CombatLobster	37708	
	ComboMeal		105136
	Comebackhaze48		107235
	Comfortabl3Numb	8429	
	ComfyCouch	6641	
	CommanderShepard	23573	
	Commando	25589	
	Commienerd2	33342	
	Comp13	5401	
	Comp76754	18272	
	CompalSensei	36848	
	Conaco	9861	
	Conan413	5780	
	Concentr8-Dealer		174142
	ConcentratesKing		21687
	Concierge	7029	
	Concierges	11650	
	Confucius	7310	
	Connor123bad	20541	
	ConradJones	2250	
	Constellations		217047
	Contediant	12791	
	ContrabandCrew		212363
	Cookboyz	36249	
	Cookie30	7486	
	CookieCutter	512	
	Cookiez	16443	
	CoolGuy1991	34247	
	CoolRidge01	26162	
	Coont123	33765	
	Coookiee	8111	
	Cooper623	5791	
	CopKiller	23249	
	Copola01	10929	
	Coppa	6811	
	Copypatman	14335	
	CoradoSanna	7569	
	Corazon74	6430	
	Cordelia	14838	
	Corky123	25791	
	Corleone777	11968	
	CormackVendor		30224
	CornPizza	13807	
	Cornelius23	1386	
	CornerFuck	8315	
	Cornholio456789	10429	
	CorporealClegg	7783	
	Corpso665	10931	
	Corruption	32488	
	Corrymachine	29605	
	Cortex	10323	
	Corymbosum	27932	
	CosiRas81	15380	
	CosmicFog	30205	
	Cosmogramma	22821	
	Counsellor		110387
	CounterRange	6141	
	Counterculture	15862	
	Counting2Crows	34429	
	Coupe	4690	
	CousinMolly		97033
	Coyote	4912	
	Cpt4n28k	27739	
	CptP1anet	23222	
	CptnFeathersword	3608	
	CptnHayata		184130
	Cr8Man	21826	
	CrackKings	35870	
	CrackNButter	6075	
	Crackboy19		19816
	CrackerFacker81	23201	
	Crackhead23	17529	
	CraigMiller	29425	
	Craig_Christ	27049	
	CranialKey	27898	
	CrashTestDummie	33321	
	Cravings1	21839	
	Crazy-Train	21367	
	CrazyDavid	9157	
	CrazyT	21758	
	Crazyfool362	12790	
	Crazyj1010	27420	
	Creacc	32496	
	Creative		11957
	Creativera	15550	
	CrimeInc	8666	
	CrimeSyndicate	17064	
	Crimewave	5672	
	CrimiClown	7957	
	CrimsonKing	6797	
	Crinklecutchip	32838	
	CripesAlmighty	12181	
	CrispyCuntCake	8257	
	CrissXCross	11690	
	Croapola	10882	
	Crocoman	31650	
	CronChong	39829	
	CrouchingTiger	14078	
	CroverNap	12720	
	CrumbThumb	25695	
	Crypt4617	17348	
	CryptoSiD	31149	
	CrystaIBurns	26928	
	CrystalBlue	10464	
	CrystalGoods	4936	
	Cstick	19192	
	Cthu1hu	4593	
	CtrlShiftN	9713	
	CubeMan	19205	
	Cubic	39365	
	CuboMaster		10665
	Cubus	35221	
	Cuddles	2961	
	CuddlyPanda	5109	
	CultOfTDeadCows	2570	
	CumbaJohnny	29264	
	Cunning_Stunt209	11134	
	Cuntbag	16836	
	Cupid		5239
	Curioso	7148	
	Curl	13155	
	Cyber94	20617	
	CyberBully	13143	
	CyberCrime	4509	
	CyberNuuB	36706	
	CyberdyneSystemz	28033	
	Cyberops	8052	
	Cyberpunk	23508	
	Cyberzen		50221
	Cyclop	5138	
	Cypherous1	10501	
	Cyphix	26636	
	CyrilGrey	13010	
	Cyrus_the_Great	15406	
	Cytro	7022	
	CzKHydra	5752	
	CzechConnection		211019
	D0d4t3a1	28047	
	D1G1TALw0rLd	17629	
	D1rkD1g1tal	8025	
	D2d5	16303	
	D3M0	13871	
	D3str0y3r-h3z1	15109	
	D3xH3x	32969	
	DA0nionQrangle	29280	
	DA303	25229	
	DAME7282pie	5853	
	DARKONETWO	35615	
	DB1101	17994	
	DBAG135	17768	
	DBuzz	21462	
	DC10	6848	
	DC504	14592	
	DC98	2013	
	DCARDER	36384	
	DCore	15729	
	DDJJFFF	14997	
	DDarkCoin	5735	
	DDcUrd6VvvNmXyd	4764	
	DDuke	21403	
	DDxZ	4792	
	DEActivate	30657	
	DELLZ11	24678	
	DENNISmenace	24333	
	DEUCE04	4853	
	DFGdf7Huu64NNS	14164	
	DHKG1	5291	
	DJC1976	9313	
	DJNar	32065	
	DK989	2957	
	DM7892	13204	
	DMMC	4409	
	DMTbot		197762
	DMTforever	21884	
	DMTlovestore		284966
	DMTreats	20611	
	DMTrobot	32070	
	DMan		110931
	DNLDNL2	25728	
	DNMbuyerX	25829	
	DNMexpert	22667	
	DOCTOR908	26756	
	DOCTOR_DOPE		408539
	DOXTASTIC	12810	
	DQD_		7617
	DRACULA187	23920	
	DREDD	648	
	DRSKRIPT		34394
	DRUGKINGS		38863
	DRUGPUSHER247		14770
	DSSRACING	4073	
	DShop		416305
	DUBSKY	10454	
	DVX_Nobis3	17807	
	DXXXP	15673	
	DaBFB	16215	
	DaBLI	9338	
	DaCu	32012	
	DaDon	3761	
	DaGbo	36287	
	DaHBome		186336
	DaVinci	197	
	Da_Purps	24222	
	Dabble10	15702	
	DabblerDabDab	33490	
	Dabdaili710	32613	
	Dabs4Dayz	25181	
	Dadde18	37323	
	DaffyDick	13674	
	Dafnydays	7467	
	Dafty99	8473	
	DagmarOH	16843	
	Dagrase	5083	
	Dah214		183204
	Dahou	12819	
	Daikokuten	1577	
	Daisy-119	18817	
	Daisy1111	4504	
	DaisyDuck	16824	
	Dajogs	236	
	Dakota	713	
	Dalapa	25600	
	Dalcyber		22685
	Damaris	1859	
	Damiaan	21519	
	Damien2014	26527	
	Damnhigh69	20936	
	Dampkring420	18484	
	DanDan	4170	
	DanDan1	20647	
	Dandelion		34508
	DandelionProtein	15509	
	Danger911	5352	
	Dangerousdog00	7399	
	Danjuro	14354	
	DankEngine	29814	
	DankHunter		226351
	DankShock420	24649	
	Dankness		13607
	Dankrupt	2927	
	Danksy	36989	
	DannyArcher	7352	
	DannyBrwn	3501	
	DannyCool	30050	
	DannyFullz	34218	
	DannyMayhem	7873	
	DannyTheJanny	37372	
	DannyTorrance	21224	
	Dannycarrey	7518	
	Dannydeals	5997	
	DanskMez	10220	
	DanteRandal	9485	
	DanteThePilgrim	24641	
	Dany		30484
	Daoist	3408	
	DaorKlisMunich	9919	
	DapperDarnel	20757	
	Darcy	7748	
	Darcyweed	11469	
	Darice	26884	
	DariusMD	36385	
	Dark-onion	18172	
	DarkAlibaba	24157	
	DarkArtist	6383	
	DarkBZ		35162
	DarkBear	138	
	DarkHorse2014	16773	
	DarkHorseNemesis	18431	
	DarkInferno	26531	
	DarkJenko	4579	
	DarkKongG	11626	
	DarkL	36686	
	DarkMatter	5434	
	DarkMind	5420	
	DarkNet563	16575	
	DarkNetDon_	33002	
	DarkNetNinja	10493	
	DarkNetSurfer	4000	
	DarkNight31	23520	
	DarkShades1	1623	
	DarkShadow	10260	
	DarkShoadow		395678
	DarkSilo	10065	
	DarkSilver	35784	
	DarkVader10	29265	
	DarkViet2004	2042	
	Dark_Lobster	8585	
	Dark_Waves	14146	
	Darkcoot	9453	
	Darkedge	3146	
	Darknarc22	21695	
	Darknew001	10757	
	Darkroom	13354	
	Darksab	13368	
	Darksystem	6713	
	Darrell	5823	
	Darren39	12423	
	DarrylDixon	15953	
	DarthBane7	29940	
	DasItMane	32196	
	Dascash	11515	
	Dash99filter	1314	
	DatNyanCat	8472	
	DataPro	6875	
	DataProV		181607
	DateJust	8839	
	Datgurlgo	6916	
	Datsun240z	35684	
	Dave74	21308	
	DaveDaPrick	17599	
	DaveMurray123	24973	
	DaveStev	15352	
	DaveTheRave	10061	
	Dave_Bowie	16566	
	Davedarave	12046	
	DavesMDMA77	2694	
	David0204	24892	
	David101	3651	
	DavidCockerfield	34449	
	DavidCrocket	14105	
	DavidDK	2282	
	DavidsMarbles	13546	
	DavinciCode007	225	
	Dawi	26667	
	DayTripper227		242941
	Dayrise8	24384	
	DaysDawning	20970	
	Dayson	5966	
	DazZeR	19875	
	Db00001	1494	
	Dboi92	3842	
	DdgVIxpyhW	13559	
	DeLaKing	30732	
	DeLegend	8953	
	DeShawn	11607	
	DeZyne007	11782	
	DeadAgonist	39792	
	DeadByte	15423	
	DeadDefcon	19805	
	DeadDog	32682	
	DeadDrunk	24628	
	DeadFamChemist	21975	
	DeadManWalking	29141	
	Deadlock	12353	
	DeanAmbrose	28984	
	DearOldHateful	18453	
	Dearlucid	10452	
	DeatHDisturbance	14281	
	DeathIsBlessing	5104	
	DeathSt0rm	8292	
	Debbie	5806	
	Debian22	8403	
	Decision	9935	
	Deckard	9682	
	DedeLaBricole	35960	
	DeeLoc	31063	
	DeeMsTer	4016	
	DeeVeeJayCue	28567	
	DeemTree	20206	
	DeemzBeemz		53407
	DeepCyberFlyer	1147	
	DeepDark-Germany	16401	
	DeepDarkDong	25699	
	DeepDotWeb	7397	
	DeepFormWan	12621	
	DeepGroove	20985	
	DeepWebConsoles	5738	
	DeepWeb_Evo	6930	
	Deep_root	1467	
	Deepch1	36480	
	Deeps12		190477
	Deepweb57	8264	
	Deetssosa	13202	
	Deez	10763	
	Defkon264	17738	
	Dekadex		309382
	Dekay		116756
	Deklaration	887	
	DelKIM	14071	
	Delahaze	17996	
	Delicmarket		404035
	Deliverator		9207
	DellmoExpress		18790
	Deltroider	6203	
	Demainlala	14271	
	Demesio	26064	
	DemonMeerKat	30960	
	Demonomania	5462	
	DennisMurphy	35530	
	Denyzero1	649	
	Denyzero1	26201	
	Denyzero2	35803	
	Deprecate	19900	
	DerGutachter	33147	
	DerekJeter11	21404	
	Derek_Jeter	1980	
	Derif85	16130	
	Derpface	24743	
	Derrydave2012	3175	
	Dertigy1010	33675	
	Deryper	24153	
	Desatilake	26465	
	Desert12	33283	
	DesperadoDude	22093	
	Destination23	9888	
	Destiny	7356	
	Destro92	5964	
	DetGlittrar	37622	
	DetailedImages	2137	
	Detian	25339	
	Detta	17237	
	Deus666	37038	
	DeusExMachina	1043	
	Deverse911	11884	
	DevinMartin	29465	
	Deviousxx	7688	
	DexKing		334697
	Dextar	7608	
	Dexter999	10544	
	DexterMorganTemp	35891	
	DexterMorman	3438	
	Dexterman	10033	
	DexterofDabs	26082	
	DextersBank	2249	
	DextroShade	12723	
	Dhaerow	9602	
	Dhaos	7983	
	DharmaB	35357	
	Dharmabum	32349	
	Dhiggs	6619	
	Di0nysus	18252	
	DiVinE	836	
	DiabloZongo	32576	
	Diagonal	34224	
	Diamonddweller		16382
	Diamondfisher7	24738	
	Diav0li	11938	
	DiazNL22	8323	
	DiazNL3	7764	
	DickGayson	13673	
	DickGrayson	23461	
	DickTurpin	13519	
	Dickens	428	
	Dickhead	7647	
	Dicks	33551	
	Didon	12526	
	DieterNorm	19108	
	DigbyWellington	8544	
	Diggger		308845
	DigitalBear	25723	
	DigitalDong	11382	
	DigitalPharma	13614	
	DigitalPharma2		171866
	DigitalScale	22761	
	DigitalSoul	32085	
	DigitalTripper	22767	
	DigitalUnicorn		259219
	DildoDicks	13775	
	Dildospaceboots	14312	
	Dilly2018	29147	
	DimensionalShift		243549
	Dimercurio		25108
	DimethylWhat	10164	
	Dimitry		83810
	Dimshadow33	14378	
	Dingdongmoe	37109	
	Dinggedicht	15334	
	DingleBox	22470	
	DioX	18322	
	Dionysus	1241	
	Dipdote	9046	
	Diphen	32768	
	DipsyCards		5008
	DireWolfAlpha	9373	
	DirectorCoulson	27755	
	DirtCheapMDMA		162812
	DirtRoad	11044	
	Dirtee	8708	
	DirtyCunt	14521	
	DirtyDave	29078	
	DirtyDick	14253	
	DirtyDog84	34454	
	DirtyDyl	35892	
	Dirtyflem	38557	
	DiscoDingo	28748	
	Discount-drugsUK	11577	
	Discover		24638
	DiscreetHealth	18588	
	Dissolved	24106	
	Dissonance424	21208	
	Distilled	1755	
	DistilledWaterz	23052	
	Disturbia	5610	
	Ditzzy	23241	
	DiversionEnds	11991	
	Divine-inter	16609	
	Divine_Trash	39823	
	DixieFlatline	31679	
	Dixon11066791	12616	
	Dizadellia	29625	
	Dj4f	8328	
	Dj_HedFuck	37235	
	Dmabool	17337	
	Dnetservices	28813	
	DntMindMe1	37955	
	DoNotPay	2032	
	DocAnderson	8989	
	DocEkMohor	12380	
	DocGreen	19377	
	DocLove	64	
	DocUnskillful		281665
	DoctaShwartz	35361	
	Doctor-Dread	15421	
	DoctorBean	32047	
	DoctorDoctor2341	28367	
	DoctorDollar		135717
	DoctorDong	13907	
	DoctorMeds		353978
	DoctorNick		24106
	DoctorScans	34104	
	DoctorSnow	889	
	DoctorWho	9006	
	DoctorX	22217	
	DoctorZhivago	11596	
	Dodan	37782	
	Dog86	26358	
	DogProblems	12806	
	DogSpleen	13817	
	Doge	1607	
	Doge678977	13512	
	Dogecoin	6288	
	Doggy_Bone	23879	
	Dogman	66	
	Dogman1	817	
	Dogman1200	36690	
	DojaCat	17586	
	Doken	16077	
	Dolf	12172	
	Dolla4BTC		17801
	DolphinDibble	14107	
	DomesticLSD		16405
	DomesticShizzle	2371	
	DominicVincenzo	5956	
	DominoPizza	39607	
	Dominos	5477	
	Domman58	8038	
	Don123	32236	
	Don348791	28661	
	DonAntonioFringe		235141
	DonDiamond	8311	
	DonNamedJuan	3762	
	DonPabloEscobarX	36852	
	DonPaco	37454	
	DonToure	35571	
	DonTuriddu		74473
	Don_Gato	31919	
	DonaldTrump	7854	
	DonerKebab	33109	
	Donezk	19023	
	DongBongSilvers	31781	
	Dongerinod	37932	
	Donn	635	
	Donnymous	33141	
	Donsen	31761	
	DontSniff	11207	
	DontheDuke	27164	
	Dontstopme	30501	
	DonutsAreMygod	33336	
	Donwan	33100	
	DooDooBrown	5336	
	DoodleDuck	13920	
	DoodlePump	32812	
	Doofi	721	
	Doomsheeper	22779	
	Dopamine21	28811	
	Dope-walker	18159	
	DopeCrew666	16819	
	DopeMaster007		22740
	DopePirat	16739	
	DorianRed	30356	
	Dorobucci19	34185	
	Dorris	608	
	Dorsanam	3750	
	Dosiaa	8007	
	Dossantos	10078	
	DotCoDotUK	13761	
	Dotcouk	4228	
	DoubleCrazy	6210	
	DoubleCup		43008
	DoubleDax84	5527	
	DoubleDutch	13515	
	Doup		326530
	Douppikauppa		273484
	Dovahkiin	7904	
	Downleyboy	9796	
	Downunda	29353	
	Dpitt	36489	
	Dr-Grimspoon	38295	
	Dr-Mindbender	19762	
	Dr-Oppenheimer		166711
	DrChemist	4851	
	DrCox	21063	
	DrCoyote	21272	
	DrCuntHair	797	
	DrDankJr	23398	
	DrDiablo	7328	
	DrDoesLittle	6255	
	DrDog15	28282	
	DrDoolittle_swe	38281	
	DrDrops		23749
	DrFeel	16238	
	DrFeelG00d		175956
	DrFeelgood		36912
	DrFeelgood2015		317719
	DrGonzo	75	
	DrGonzo1980	19570	
	DrGreen330	23287	
	DrGreenthumb		116517
	DrGregoryLark	19524	
	DrGustafBrackman	12598	
	DrGustavo	33265	
	DrHaze	26285	
	DrHille4711	12446	
	DrIce	19694	
	DrLecter	6241	
	DrM&uuml;ller		352294
	DrMax		166023
	DrMobius	11448	
	DrNickje	26250	
	DrOctopus	12499	
	DrPappy	17083	
	DrPepper55	7469	
	DrPhibes	8829	
	DrPhoenixEvo	27615	
	DrQuantum	16119	
	DrSeuss	11845	
	DrSmokey	6568	
	DrSubs	25929	
	DrSuess	11412	
	DrUnderground		355332
	DrXavier		277605
	Dr_Clean	26800	
	Dr_F_Hoffmann	27711	
	Dr_Fear	5191	
	Drac0nem	3548	
	Dracaroire	10294	
	Draconem	31	
	DraculaParc	1343	
	Draculea	965	
	Dragline200	4545	
	DragonBird	26628	
	DragonBitch	13837	
	DragonClaw	8393	
	DragonEmperor		376706
	DragonKnight	6199	
	DragonNoh69	35911	
	Dragonheart	30532	
	DrakeHudson	5440	
	Drakir	27055	
	Draw	22922	
	DrawkwarD		21211
	Drayder	17656	
	Drdemlak	15896	
	DreadNoughtZ	3631	
	DreamTeam7	38266	
	Dredg	34973	
	DrevYza	4244	
	Drex6429	4860	
	Drflotz	2408	
	Dripac	15841	
	DrippyPlasmatis	3939	
	Drizzy_Drake	12351	
	Drjay		32679
	Drodar	410	
	Drog-Mann		83808
	Droganan	18632	
	DroidMAXX	16787	
	Droide	13543	
	Dronemaster5000	2203	
	DrooPie	35248	
	DropjoyDropout	22496	
	Drownmothafuka	37842	
	DrugCzar	14273	
	DrugDen	33525	
	DrugGenie	34728	
	DrugRelated	32821	
	Drugdiscount		9344
	Drugs4everyone21	13291	
	DrugsCompanyNL	35868	
	DrugsDownunder	22136	
	Drugs_Bunny	2495	
	Drugsh0p24		339223
	Drugworks		6937
	Drugworkshop		21261
	Druid_RaGE	12327	
	DrummerAlone	6892	
	DrunkMonk	12288	
	Drunkdude	22229	
	DrunkyMcGee	13684	
	Drut983Kla90	9220	
	Dualshock	7640	
	Duchess	150	
	DuckyDish	13825	
	Duckysucks69	37016	
	Dudael	6233	
	DudeGuy123	11646	
	Dudeguyman	11903	
	Duderino420		137551
	Duffinsmirtz	33472	
	DumbASS_MODS	23367	
	Dummies	11023	
	Dumps44	38755	
	DumpsPinKing	20304	
	DumpsterDAN69	3621	
	Dunabi	16959	
	Dunderhonung		199087
	Dunkz	7211	
	Durban	25780	
	DustinDBowles	36229	
	DustyFloor	12207	
	Dutch-Passion		7513
	DutchComfort		181335
	DutchDam	13000	
	DutchDeal		25870
	DutchDelights		324108
	DutchDope		17229
	DutchDrugsDeals	13465	
	DutchFish	21859	
	DutchSupply		287079
	DutchVendor		311889
	Dutchcowboys		19548
	Dutchdesigndrugs		156534
	Dutchdrop	17659	
	Dutchess	26130	
	Dutchmaster	8348	
	Dutchmaster69	34322	
	Dutchpassion		16054
	Dutchymo	37578	
	Dvpv	27430	
	Dvx3000	10333	
	DwRVXOKU	11587	
	Dwhoneil	5862	
	DwsMZNDy	9893	
	Dzienny	14159	
	Dzoki	32929	
	E-nips	13472	
	EAsports	11374	
	EC27300559324	8240	
	ECB2	1968	
	EClipperson	37626	
	EControl	11040	
	EGamComp	27181	
	EINDHOVEN	38924	
	EJ501XJAsVEzr2w	11074	
	EKgEY	1946	
	EL6U2E84O	37093	
	ELLER81	18183	
	EMILI0	8900	
	ERider	12663	
	ESFive	13338	
	ESSO4866	32676	
	ET999	28656	
	ETC1337	9484	
	EUMDMA	3601	
	EUbank	10906	
	EVERYTHING_CHEAP		126905
	EVILsEYE	17142	
	EVION	4283	
	EVN0TS0N3W	4956	
	EVOprincess	4242	
	EVlLeYES	16918	
	E_BIG	13080	
	E_CIG_BIG	5277	
	EarlsEmporium		240045
	EarthWormPotato	18884	
	Easen	24854	
	EastonNyung14	13593	
	Eastsida187	14189	
	EasyAccess28	23953	
	EasyPoker		2128
	EasyWay		7054
	EasycardChik	13169	
	EatBenson	2625	
	EatShitCunt	35175	
	EaterOfDust	13502	
	EatingPalmTrees		185126
	EauDeToilette	209	
	EbayCaution	16750	
	Ebola_Boy	18492	
	Ebolascam	23686	
	Ebook4Five	10897	
	Eclipse2	8607	
	Eddi7	34742	
	Eddiewouldgo	23017	
	Eddy		24940
	Edeard	7426	
	Edelweis	481	
	Edelwijs	550	
	Edge	4745	
	EdmondDantes	346	
	EduB831	24882	
	Edvin	37529	
	EdwardKenway	16821	
	Eenergy	475	
	Efchoushon	6169	
	Egohuy1	23584	
	Ehizzle	9597	
	Ei8thWonder	30570	
	EidingerWestphal	1572	
	EinVolk	4240	
	Einstein	739	
	Eiseinhover	7677	
	Eisenberg	5119	
	Eisteetrinker	4838	
	Ejfwoddl123	11764	
	Ekafeman42	9081	
	EkliPs	310	
	Ekstaasikauppa		274890
	ElBeeGee	11662	
	ElBulldozer	15390	
	ElCorcidino	10699	
	ElCpt	7527	
	ElDuderinoceros	36234	
	ElGirones	25239	
	ElKapitan	21092	
	ElMagic0		416265
	ElPeneTraitorx	11849	
	Elan	2734	
	ElectricNoodle	9495	
	Electro	10616	
	ElectroMuffin	7657	
	Electrum	28570	
	Elegante	33825	
	Elgoog	18657	
	Elisabetborg	34774	
	Elite2	12893	
	Elizapathetic	19393	
	ElkSwords77	23062	
	Elkati	22249	
	Ellie_Herb	34719	
	Elmo2011	13619	
	Elpop	32122	
	Elsurion	12058	
	Elthalus	11552	
	EltraiN	30620	
	EludingHell	5674	
	Elven	28169	
	Elvis_Lives	14393	
	ElysianFields	27309	
	Emberx	35475	
	Emdem	5647	
	Emergenromanz	32588	
	Emigrant108	38796	
	Emilaragon1944	32702	
	EmilyUK		275434
	EmilyUK21		309795
	Eminem1337	430	
	EmirAronofsky	8459	
	Emiya95	1962	
	Emmet	18121	
	Emmzy675	31442	
	EmperorRock	12287	
	Emz33	26070	
	EnModel	21328	
	EndTheWarOnDrugs	23214	
	EndUser1999	29511	
	Ender	19363	
	Endrowski		39170
	Endy	1355	
	Energan		17422
	EnergyControl	10834	
	England780566	31460	
	Englishman	13896	
	EnhancedN	5888	
	Enigmas	18191	
	Enl1ghten	6552	
	Enlighten	5730	
	Enlightener	31273	
	EnolaGay	7590	
	Enrigue_B	26118	
	Enrique_B	21067	
	EnterTheNinja	16891	
	Entheogenic	13880	
	Entrophy	7273	
	Envz	29586	
	Enzo777	9070	
	EnzoTor	26561	
	EpanOnline		235008
	Epeen	16892	
	EpiFlyHigh14	35811	
	EpicHadi	38906	
	EpicTripz	6343	
	Epictetus	29648	
	Epiphany	6827	
	Epokalips	39836	
	Equalizer	10444	
	Ercoca	7684	
	Erene	2375	
	Ereza		37314
	Erikholder	22106	
	Erkran		80267
	ErnestoGuevara	38637	
	Error91	7027	
	ErrorBone	33119	
	Eruditefox	35645	
	Escobar600	29947	
	EskaTrance	14194	
	Essomies		329188
	Esther0th	18064	
	Estrazy	13996	
	Eternalty	39842	
	Eth0sX	36752	
	Ethugga	26178	
	Etvija	9704	
	Eucerin5	7435	
	Euphorbia	22883	
	Euphoria	2485	
	Euphorian	33194	
	EuroRXX	39333	
	EuroSupply		16218
	EuroTrash	10140	
	EuroVCC		166233
	Europe	16148	
	EuropeUser	20167	
	Europeanpost	39537	
	Euthydemus	22932	
	Ev1isterine2	34072	
	Ev3nFL0W		326192
	Everdred	25676	
	Everglade	14677	
	EverythingOnIt	6094	
	EviLDUDE	24199	
	EvilHero	13473	
	Evil_Maid	18023	
	Evilpet	27364	
	Evo8080	39584	
	EvoAccount654	34215	
	EvoBalls	25211	
	EvoFoRealTho	10203	
	EvoHiro	12312	
	EvoLion	22177	
	EvoMystical	24718	
	EvoPimp	12150	
	EvoRapper	6698	
	EvoSeeds		18667
	EvoSmith	12187	
	EvoStar	6057	
	EvoTroll	9791	
	EvoUser25	32691	
	Evocy	6235	
	Evofrenzy456	5259	
	Evolflat	34416	
	Evolootionz	9828	
	Evolucion	13172	
	Evolvance	31162	
	Evolve168	7292	
	EvolvedHobo	9813	
	EvolvedHominidae	11841	
	EvooN000000	7049	
	EvosSuckDeezNuts	24668	
	Evrdyrbts	13904	
	Ewok	13303	
	ExExSillyFucker	31484	
	Exa8yte	29663	
	ExaltedKnight	859	
	ExchAnge1	22359	
	Exchanger	505	
	Exciter	10438	
	ExecutiveOrder	14265	
	Exeus666	22295	
	ExoticWasabi	13634	
	Expat	23820	
	Expelz	24401	
	ExpressHaze		5660
	Extraneous	14971	
	Extrawelt	10319	
	Extrema		171760
	Extremefishing1	25117	
	Eyeamu	38944	
	F007	695	
	F31nkost	18478	
	F3ARED	24605	
	F5veAcrossTheEye	36958	
	FASTandSERIOUS		29018
	FATSOEFRESH	10368	
	FBI_LOL	33669	
	FBI_PARTY_VAN	27799	
	FC0682CE	22830	
	FDService	1811	
	FEARawe	22162	
	FEU6KPQ	33408	
	FEisTheDevil	24493	
	FFABB	19819	
	FFDP101	35256	
	FGH_666	26512	
	FIFAjunkie	8321	
	FIRM	18716	
	FLuffyface	24877	
	FLwhpps70	7989	
	FMDooley	1932	
	FONClBrICH	13509	
	FORTKNOXx2		73337
	FOUZYA	5534	
	FRANCIE77	28083	
	FRAUDACUS	35314	
	FREEROSSdotORG	6309	
	FREEsociety	5620	
	FRIMAF	18794	
	FRIMjesus	19858	
	FRISM	17188	
	FRlM	3100	
	FTMM	11102	
	FUCKBALLS	8511	
	F_Scooters	14084	
	F_T0ul0ur	2222	
	Faber-Castell	2326	
	Fabian1945	32536	
	FacadeFace	18238	
	FacebookRep		407419
	FacetheTitan	9173	
	Fader-Vader2002	37570	
	Fag66Dectir	23067	
	FaggotSmith	32927	
	Faggotism	21988	
	Fahgut	33166	
	Faic-an-Cadal	1777	
	Faid451	5681	
	FairDinkum	6200	
	Fairie	239	
	FairiesWearBoots	26364	
	Faith123	29440	
	Faithplusone	32358	
	FakeEURprofi	8944	
	Fakesnakez	6017	
	Falafel	21718	
	Falcon4	3343	
	Falcone	22974	
	Fallax	37849	
	FallenSouls	5881	
	Falllen	35001	
	FannyBelle	25024	
	Fantino	19598	
	Fantmm	36802	
	Fantomex80	10701	
	Faphgeng	6955	
	FarOut	23472	
	Faraday	9508	
	Farahaidid	35417	
	FarmBlock	13809	
	Farmaceuten		231661
	Farmer7	16471	
	FarmerTed	14656	
	FarmersMarket		144809
	Fascale	8991	
	Fascist	31191	
	Fasfasfas	30496	
	Fast-Bit		18593
	Fast-Lane		137980
	Fasterways	10978	
	FatMax	13786	
	FatPixel	1316	
	FatStacks1	35237	
	Fataalex	22636	
	Fatboyslim	26346	
	Fate662	12149	
	Fatherteddd	22668	
	Fatlottagood	18924	
	Fatoshi	39675	
	Fatty	13358	
	Faustus	18963	
	Favela	3936	
	Fear	669	
	FederalTraitor33	28239	
	Federal_Reserve	3312	
	FeedMD	28862	
	FeedbackISkey	7293	
	FeelFree	6596	
	FeelthyStone	33944	
	Feingold17	28696	
	Felidae	9190	
	Felix80	9058	
	FelixThaCat	9702	
	FelixUK		1600
	FelixWankel	3495	
	Fellnase	37031	
	FemdomMotion	5599	
	Femfk140	23815	
	FenPhantom	27710	
	Fenchelspross	22351	
	FenersFerk	8815	
	Fent4You		167764
	FentBent	30255	
	Ferbicon	23955	
	FestyGear	33915	
	Fetacheese	18406	
	Fic7ion	6913	
	Fido	8215	
	Fiend	15612	
	Fiend13	2262	
	FierceGator	25715	
	FightingFigure	14739	
	FilthyRichard	11219	
	FinanceSuksDick	6816	
	FinesseKing	5284	
	Finesser365	35637	
	FinestMedical		341575
	FinestPeruvian	1991	
	FingerBall	14110	
	FinnAndJake	7871	
	Fire125	12069	
	FireTheLazer	28261	
	Fire_Ant	13001	
	Fireball89	37113	
	FirstBlood	6845	
	Fischer	2391	
	FishFrank	36925	
	FishHat	32449	
	Fishsquid	33615	
	FissionChips	19911	
	Fitymafek	4278	
	FiveStarGen	13822	
	Fizzler	19654	
	Fizzz	12758	
	Flames	33817	
	Flamingo	1065	
	FlatHead	13839	
	Flateric1981	13618	
	Flatfox44	38445	
	Flatspot		329638
	Flavaartzz	9283	
	FlavioLHP	853	
	Fleeroy	34990	
	FleetGod	14118	
	FleurDuMal	175	
	Flintor		3143
	Flintwick	3894	
	FloNightengale	27078	
	Flope	14067	
	Floridahotboy29		25713
	Flow24	10318	
	Flowers	4945	
	Floyd2316	10104	
	FloydB	9667	
	Flubber	5725	
	Fluffhead2014	20941	
	FluffyButt	13668	
	FluffyPanda		14602
	Fluffydick	13331	
	Fluide	1664	
	FlummeDenDumme	34958	
	FluorescentFungi	2480	
	Flush	23957	
	Flusha	36570	
	Flutterfuck	13669	
	Fluxworld	18577	
	FlyBox	12119	
	Fly_High_Wit_US		209044
	Flyabynyt	13531	
	Flyfelix		60863
	Flyhigh69	14145	
	Flyhighchems	27782	
	Flyhigher	12247	
	FlyingBudha	17038	
	FlyingMX	33968	
	FlyingMadman	9177	
	FnaticX	34119	
	FoJo	21048	
	Focu5	12657	
	Focussub	21022	
	Fodocks1911	13525	
	Folio	33016	
	Fondan	12252	
	Fondubious	7299	
	Food4Thought	13012	
	ForEvo	27358	
	Forbes	39075	
	ForceXIV	34195	
	ForeignFriend	11874	
	Forest	1238	
	Forever-IV	25848	
	ForeverJung	33616	
	Forgetfulness		153322
	ForlornHope	7167	
	Formula3	10634	
	Forrest	9350	
	Forster	26221	
	FortyTwo	2691	
	ForumAcc	36849	
	ForumAccountTAG	34047	
	ForumDude	24779	
	Forza	4005	
	Foshizzle	22322	
	Foster	10623	
	Fox2112	3273	
	FoxTom	270	
	Foxy	9801	
	Foxy11	37899	
	Foxyvamp	6715	
	Foyleman15	34285	
	FraGmenT	4847	
	Fragtrap	34596	
	Frampton678	16334	
	Francesquito	2786	
	Franco187	22288	
	FrancoBurro	23357	
	Frank2013	16006	
	Frank597	29502	
	Frank66666666	23204	
	FrankAbagnale	25133	
	FrankJaegar	5707	
	FrankLampard92	6627	
	FrankMatthews		13689
	FrankSkinner	36666	
	FrankTheTank22	22530	
	FrankWhite360	7936	
	FrankWhite92	31424	
	FrankieSilk	35559	
	FranklinClinton	8723	
	FranklinTheGoat	9594	
	Frankline	7417	
	FranknDub	10635	
	Frankunderwood1	9750	
	FrankySauce	22107	
	FranzLiszt	1850	
	Fraud	19811	
	FraudLOL	11178	
	Fraud_Mayweather	5007	
	Fraudatio	670	
	Fre3Raiz3r	13151	
	Freazy	8911	
	FredGarvin	3166	
	Fredabell	4480	
	Fredde85	28023	
	Freddy-Krüger	25278	
	FreddyTheFeddy	33715	
	Frederick_1912	18329	
	Frederikke	11751	
	FreeJack		38779
	FreeSoft	5458	
	FreeTaLk	6457	
	FreeThought	13574	
	FreeVybz	3745	
	FreeWorld	11054	
	FreedSlave	7364	
	Freedo24	5841	
	Freelancer93	4830	
	FrenchTeam		157773
	FreshDude007	13514	
	FreshHacks		8741
	FreshJuice		267226
	FreshSteez	31904	
	Freshstart99	15859	
	FreudianSlip	3229	
	Frido	30695	
	FriendOfTheDevil	18387	
	FriendlyCharles	24542	
	Fripouille	11345	
	Fripouille	13724	
	Frisbe	9779	
	Fritas	5840	
	Frizzle2014	12265	
	Frogasm	4375	
	FromDirt	35999	
	FrostModem	13818	
	Frostasher1	35192	
	FrostyBong	30666	
	Frostyhomegro		196300
	FruitRolla	8488	
	Fryingpan	14086	
	FucK_GoD_In_Ass	16318	
	FuckBuddy	35592	
	FuckPolice	22513	
	FuckShitUp	14002	
	FuckTheSystem	2725	
	FuckWindows	22755	
	Fuck_EyE_Love	29234	
	FuckerNoob	26500	
	Fuckingspilledit	29442	
	FugNuggetz	13585	
	Fuhrer666		3745
	Fullers	9086	
	Fullfargo	17957	
	FullzGold		30254
	FunAndFrolics	32850	
	Funcoma	6732	
	Funkit	18605	
	Funkmastaflakez	11818	
	Funkypurpletits	18865	
	FunnyMunny	8782	
	FuoriLegge	6835	
	FurioGiunta		386459
	Furiousgeorge	2337	
	Furs	272	
	Fury2	29542	
	Fuzzer	1485	
	FuzzerBuzzer	37541	
	FuzzyLogic	10056	
	G-Owl89	6502	
	G00nybert	8903	
	G0D1	15966	
	G3TL4ID	32963	
	G3thi6h		42063
	G8321	24562	
	GANSA-Vepyr	1016	
	GBL_EUROPE		298394
	GBvps	2963	
	GC11	9074	
	GDSAM2S3EBOydPv8	11570	
	GERMANY		21451
	GERweed	36141	
	GGAlien	37467	
	GGHooper	256	
	GH4D3R	9454	
	GIOVANNINO	12465	
	GLOBALPRO	2894	
	GMachiavelli	32149	
	GNRLPRADA	32218	
	GP1200	12912	
	GP9Wrn89VSx4elrF	36194	
	GR1ND	4081	
	GR34TANCPN	13870	
	GR8DAY	17705	
	GREENWHITE	10037	
	GSC-FTW	11875	
	GUB-GUB	6425	
	GWERTY104	2244	
	GWolf	39299	
	GXiMCnvZxXnjwCuV	27367	
	Ga9FE5jTcahaU	4832	
	Gab4	23565	
	Gabrinsito	12521	
	Gag-Halfrunt	23071	
	Gains	35171	
	GalacticSurfer	10979	
	GalacticTripz	13706	
	Galaxy	1926	
	Galdiran	25416	
	Galfitna	7101	
	Gambit1492	3281	
	Gamblaah	24448	
	Gamebattles	27960	
	Gammaco	37957	
	GandalfHoffman	32203	
	Gandhi	6983	
	Gandoffwhite		56879
	Gandorama	7332	
	Gandu	8152	
	GanjaNinja	15235	
	GanjaPlanta		32470
	GanjaSmoka		7468
	GanonymousD	21108	
	GarbageFan	5584	
	Garbagio	26416	
	GardenNBOME	23774	
	GardenOfZen	14555	
	Garderal	35725	
	Gargamel333	25275	
	Garlicjshots2	5611	
	Garry	11052	
	GaryBuseyfanclub	24334	
	Garyunderdeep	11535	
	Gateauxtortues	22576	
	Gatinho	17006	
	Gator		195755
	Gatsby1	29041	
	Gatt	27786	
	Gaun	39681	
	GavinHorn	19277	
	GayGay	27434	
	GbSH	5926	
	GearsOfWar	6433	
	GebenKopf		2991
	Gecimano	15479	
	Gecko	9055	
	Gecko39	11664	
	GeckoTech	13879	
	Geekydancer	21428	
	Geki	5936	
	Gekko		37756
	GemHotelTurtle	20913	
	Gemini07	11173	
	GenderBender	30067	
	Gene001		108980
	GeneralZodxxx	7678	
	GenerationFraud	20863	
	GenesisPlague	30337	
	Geniestudio	3230	
	Genko1	28824	
	Genovese	21535	
	GentleCat	4641	
	Geordiefairy	3309	
	George46	25303	
	GeorgeBradly	28311	
	GeorgeJ	11406	
	GeorgeKelly	10298	
	GeorgeWBush	990	
	Georgeisevo	7360	
	GeorgesFriend	1976	
	GeorgeyJung	16992	
	Gerethin	34698	
	Germainia	12932	
	GermanRex	6669	
	GermanTrade	28583	
	GermanTrustSuppl		15563
	Gerrit22	28448	
	Gertfried	23128	
	Gertiee1960	24141	
	GervaseW7	37503	
	Gestern	20588	
	GetRichFast	98	
	GetThatThing	13872	
	GetTheYayo8	8262	
	GetTooStoned	10486	
	Getdiscount	8347	
	Getlost	14636	
	Gh0st3r	5781	
	Ghast	4015	
	Ghoathead	7944	
	Ghost	3660	
	Ghost963	37741	
	GhostWhip	12486	
	Ghost_Boss	2140	
	Ghostdust	6445	
	Ghostrider1	8504	
	Giancano	32798	
	GiantLittles	34543	
	GideonYago	8560	
	Gigatech	2942	
	Giles		344924
	Ginchiller2	37258	
	GingeUnited	13628	
	GingerFaker	9407	
	Girugamesh135	15711	
	Gitte54	9635	
	GiveMeDrugsLisa	8978	
	Glarite	10470	
	GlassEyedBuddah	4495	
	GlobalMethods		104047
	GlockRocker	24045	
	Glocky	12457	
	GloriousCow	38840	
	Glownight69	3908	
	Gmano	14349	
	Gmarket	54	
	GnTAustralia	7080	
	Gnarl		374817
	Gnarltusk	7791	
	GoId	12020	
	GoLoud	2202	
	GoNOVA	10016	
	GoPills		283474
	Goabit	21285	
	Goat	7788	
	Goatshag	18590	
	Gobind	38684	
	GoblinCrew	12666	
	GodBear	12328	
	GodIsLight	33184	
	GodLikeSkillz	16461	
	GodOfGoats	13677	
	God_Buyer	4425	
	Godchild1800	8447	
	GodessizIj8	21701	
	Godiku	19320	
	Gododk	38323	
	Godoflbc	29332	
	Going2deep	32389	
	GoingInside	26454	
	GoldBTC	22861	
	GoldBarFam	27495	
	GoldStandard	16668	
	GoldTrader		209734
	Goldan	26709	
	Golden		10143
	GoldenDot		36888
	GoldenEagle420		230118
	GoldenLightning	8791	
	GoldenTeacher	7367	
	GoldenVampire	195	
	Goldenman		376582
	Goldfinger	2587	
	Golfingpro	14923	
	Gon3o	30217	
	Gond	39495	
	Gonefishing-2	8065	
	Gongbass	29620	
	GonnaDab	30762	
	Gonzales	17462	
	Gonzo420	15580	
	Gonzotoad	35266	
	Good-IDs		187353
	Good1	6795	
	GoodBoy2	13381	
	GoodDayTime	26244	
	GoodGirl1	3311	
	GoodGirl1	5933	
	GoodKarma	4087	
	GoodMate		369619
	GoodOlGermany	18278	
	GoodTimes	5860	
	Goodmeds		184012
	Goods	16747	
	GoofTroop	13777	
	Goofster	35828	
	Goon	22998	
	GoonData	806	
	Gopher91	22956	
	GoranDragic	38887	
	GorillaBoy	37305	
	GosuKimchi	13524	
	Got5Min	30082	
	Gotherdor	27298	
	Gotti	3081	
	Gr33nB34rd	10578	
	Gr33nGeorg	29393	
	Gr3gg_13	8296	
	Gr8fuld	3206	
	GrafZahl23	1018	
	Graham987	5764	
	GranNubn	9193	
	GrandIllusion	46	
	GrandSchtroumpf	6104	
	GrannyGumjob	13799	
	Grant123	5768	
	Grateful_Vendor		298161
	Grato	16939	
	Gravano	25997	
	GravyCat	11294	
	Grayson213	5770	
	Great0ak	2301	
	GreatDeals		4202
	GreatGatsby	36650	
	GreatOak	525	
	Greatbiz	10350	
	GreekGod06	23615	
	GreekSalad	6521	
	GreekWeed	16564	
	Green	135	
	GreenAmerica		14679
	GreenBlvd		81106
	GreenConnoisseur	33284	
	GreenDude	9450	
	GreenFuture	38268	
	GreenGaucho	35678	
	GreenGeorge	13280	
	GreenJack		110589
	GreenLeafLabs	26153	
	GreenMachine770	13504	
	GreenMean	3987	
	GreenMoon	33701	
	GreenMountainMan		156237
	GreenMouse	10250	
	GreenRiverLover	27955	
	GreenShadow	21205	
	GreenShepard		187405
	GreenShop		21509
	GreenSpider	34913	
	GreenTHC		9286
	GreenTourmaline	17878	
	GreenUSA		21277
	Green_Gobblin	18727	
	Greene		3135
	GreeneWhitman	35547	
	Greenergrass	13931	
	Greeneryman	12878	
	Greenheron	22785	
	Greenman27	27074	
	Greenmeplease	1028	
	Greg222	5775	
	GregoryHouse	882	
	Gretzky99	8695	
	GreyHound	25403	
	GreyWerewolf	24092	
	GreyWind	24065	
	GreyWolf	12412	
	GrhEye	7305	
	Grieves	21407	
	Griffin512	5784	
	GrimReaper	6337	
	Grimaldello	1143	
	Grimbo	3360	
	Grind258	14117	
	Grisbi11	25270	
	GriseldaBlanco	6832	
	Gronkh85	28527	
	Groovy1	39773	
	GroundNet	2376	
	GroveStreet	19477	
	GroverGill	27824	
	Gruenzeug	39500	
	Grun2	31561	
	Gruthar	32000	
	Gruz	26752	
	Gt500ltr	9488	
	Gu3st	6652	
	GuacamoleisExtra	38329	
	Guardian	3653	
	Guarnere	3968	
	GucciGuilty	18248	
	Gucciman	30844	
	Gucciman12	30297	
	GuessWho666	18603	
	Guest001	4218	
	GuestXXX	4215	
	GuideFella	21381	
	GuideMAN	20610	
	GuideMaster2	18037	
	GuidesGalore		1626
	GuidesMan	14132	
	Guillaum00	26458	
	Guinea321piggy	35395	
	Guiser	27103	
	Gully666	15647	
	Gumbie	34213	
	Gumble	10317	
	GunBuyer	3717	
	Gunpoints	15949	
	GunsNRoses	10018	
	Gunslinga	9243	
	Gunslinga1	1013	
	Guru2543	20642	
	GuruVayur	6764	
	GutMeGently	9426	
	Guttyp	1956	
	Guy666	5792	
	GuyTeriffico	33402	
	Guyms	35583	
	Gwop	26797	
	Gwuzzie	11530	
	Gxface	5518	
	Gyrojosh	661	
	Gyto	25338	
	H0RD0R	4666	
	H0lysm0k35	10804	
	H28J7ef89jdfk	26078	
	H3LL_If_I_Kn0w	984	
	H3isenb3rg	883	
	H3r3T0G3TRich	4734	
	H4LW3	27176	
	H4ppyTr4d3	12079	
	H4v0c	36763	
	H738	6237	
	H8PhFbv	17995	
	HAL420	34090	
	HAMMERTIME333	39760	
	HASH_ITALY		42017
	HBOSSSSS	13282	
	HCICBI	28879	
	HDBSTA	803	
	HEXDOC	8072	
	HIACID	39849	
	HIGHRID3R5		110254
	HOOCP	39137	
	HOPKA	16629	
	HQUK		254402
	HSSEWCOA	29460	
	HTTM3	35632	
	HaIPIPy	17747	
	Haagland	9746	
	Haash	16265	
	Habacha	17108	
	HackAttack		14859
	Hackbastard	22868	
	Hackformoney	4625	
	Hackonymous	16043	
	Hacktastic	508	
	Hadbad	9507	
	Hadlow11	15020	
	Hadock	20914	
	Hagebutten	24793	
	Haiden712	5793	
	Hail_Satan	1068	
	Hairweavekilla	22444	
	Hakas	24828	
	HalfPint	21000	
	Halibifrito	14767	
	Haller	5227	
	HallofFlame	10046	
	HallucRosesForum	34842	
	HallucinateRoses	29412	
	Hamburger2389	24643	
	Hamburglar	12816	
	HamishJones	28626	
	Hammarsten-Meds		203016
	Hammerit1980	29131	
	Hamppukauppa		274903
	Hams88	19926	
	HamsterAss	13667	
	Hamsterbacke	12035	
	Hance	18764	
	HandsomPishchner	9343	
	Handzfull	31223	
	Hanfgenuss	37711	
	Hangman	10008	
	HankHill	9331	
	HankMurphy	31938	
	Hannibal	857	
	Hans66	5185	
	HansPeter69	4562	
	Hansbauer111	26100	
	Hanswurst88	20289	
	Hapokasta	28601	
	HappyBuzz	2637	
	HappyCamper15	30319	
	HappyCloud3234	10216	
	HappyDays	20513	
	HappyDazeAU	22205	
	HappyDrugs		223319
	HappyEyes		415690
	HappyGuy	7187	
	HappyNiss	18233	
	HappyTripper	8676	
	Harblz	23405	
	Hardman666	8103	
	HaroldBishop-3rd	11436	
	Haroldfinch		158642
	Harrods		19260
	HarryGrey	5480	
	HartAmChilln	27903	
	Harvard	6702	
	Harvest	27120	
	Harwookinc	14951	
	Haselpower	32054	
	Hasenbau		415630
	Hash7oush	8192	
	HashDiscount	12051	
	HashEverything		40073
	HashNerd	2172	
	Hashtooth	12857	
	Hastasiyim	31758	
	Hatler		392402
	HavingFun1928	29161	
	Hawthorne	1057	
	Haxixino	12126	
	Haxor642	6370	
	HaythamKenway	918	
	Hazasaz	16132	
	HazeSweden		275936
	HdjUr95pdZ	30340	
	HeadCrusher22	13652	
	HeadacheCure		276420
	Headgam35	2398	
	Headphonic	18392	
	HealthMedicine99	6683	
	HeartyGuffaw	28155	
	Heaton063630		25339
	HeavenIsATruck	6826	
	HeavyDD	30491	
	Heavysmoker	26073	
	HebrewintheRain	6514	
	Hecate	775	
	HedFcUk		8353
	HederaHelix	33985	
	Heffz	3777	
	Hehahohi	24745	
	HeikkiMaria		274168
	Heimdallr	29349	
	HeinekenBeer		35823
	Heinrich77	9461	
	Heisenberg-uk	37446	
	Heisenberg11	6876	
	HeisenbergMcBush	6607	
	Heisenburg2014	15121	
	Heisenkurdz	26343	
	Heisman	180	
	Hekty14	176	
	HelelCedite	23171	
	HeliumPorn	14423	
	HelixLux	17584	
	HelixMan	37442	
	HellCh-ld	10967	
	HellMaker	3693	
	Hello	288	
	HelloEvo	8333	
	HelloSpank	11421	
	Hello_Neo	21804	
	HellsAngels	21281	
	HellsAngelsMC		221536
	Helpyouout	9551	
	Hemenglanje	4473	
	Henderson	29128	
	Henk_50	28361	
	Henor		174688
	HenryHill1	29385	
	HenryLiverman	21147	
	HerbalLife420		221115
	Herbalizer	2428	
	Herbalone	19506	
	Herbe		291974
	Herbs420		21117
	Herculaneum	4688	
	HereToFly	6767	
	HereToday	39402	
	Herenow	33747	
	Herewego	11618	
	Herius	27806	
	HerkimerDiamond	33001	
	HermanTrumpet	28059	
	HermetTheKermit	1106	
	Hernium	27034	
	Hero3423	20321	
	HeroHarry	18394	
	HeroKitty	9293	
	HeroinHeros	25398	
	HeroinHog	16212	
	Herosopher	13928	
	HerrSchule	9140	
	Herrmann		316696
	HersheysMersheys	4951	
	Hesiod	36251	
	HeyHoYayYo	11589	
	HeyRobert	7314	
	HeyWhyNot	3371	
	HeyyRobert	7359	
	HiEvoTrees	13936	
	Hiatus	5819	
	Hiawatha	9322	
	Hichou	6011	
	HideMyAssets	22676	
	HieBy	13323	
	High	15825	
	HighAndDry	2242	
	HighDoseMDMA	30454	
	HighLyfe	19988	
	HighP	9226	
	HigherMind	9072	
	Highlandbox	37838	
	Highlife		22599
	Highroad		15144
	Highsnipa767	15188	
	HilaryClinton	7051	
	HillaryClinton	1296	
	HimselfTheStork	21917	
	HipFly	14419	
	Hipgnosis	30025	
	HippieChick	3355	
	HippiechickXOXO	3597	
	HippiechickXOXO	5226	
	Hippo1772	34884	
	HippyBrazilian	39273	
	Hipster	7874	
	Hipster_Henry	3626	
	Hisenberg	1010	
	HitlerisHot	20098	
	Hizuka	11659	
	Hksky	31268	
	Hmm_Peculiar	26223	
	Hniggs	6058	
	Ho2T4rimo3	39317	
	HoeBit	13834	
	HoldTheOnions	11697	
	HolidayGifts	21729	
	HollandOnline		28498
	Hollandia		203175
	Hollands-Best	36172	
	HollandsHerbs	36487	
	Holmes	3632	
	Holy-Pizza	13074	
	Homeguard	14216	
	Homer1	11954	
	Homo-dei	10780	
	Hon3yb33	22664	
	Honan	25397	
	HonestJohnTen	13495	
	HoneyBS	7891	
	HoneyLaw	13806	
	Honguito	33305	
	Honks90	39731	
	Hooy	19138	
	Horsehead212	8763	
	Horseman	5622	
	Horst69	35408	
	Hosenhover	29988	
	HostyL	10337	
	HotDawgieDog	8290	
	Hotsticky	25763	
	Hotwok		45013
	HoudiniXpress	36198	
	HouseReclaimed	21883	
	HouseTargaryen		21652
	House_Lannister	3241	
	HowJaw	14109	
	HowShe	6886	
	HowSheSaid	6872	
	HowardTheDuck	22394	
	Hrajnoha	2994	
	Hryen564	34137	
	HsGreen	23272	
	Hson333	38056	
	Huang	12718	
	HubertusArnold	39059	
	Hubsucks	1060	
	Huehnerknuppel	28024	
	HughJ	18232	
	HugoStiglitz	1327	
	Hulkstar5	31236	
	HumanGenius	5872	
	Humbaba	14101	
	Humberger	12636	
	HumboldtsFinest		198783
	Humboldtsfinest1	19325	
	Humilo	26971	
	HumpDay	8055	
	HumpYaMum	36912	
	HumzSeason	32233	
	Hund45	15622	
	HungryHippos	36468	
	HungryMonstersss	21425	
	Hunkydory99	33866	
	Hunted	4928	
	Hunter369	27185	
	HunterJ	13223	
	HurryUpandBuy		274000
	HuskySilk	24587	
	Husslers420	15894	
	Hustle	18040	
	Hustlenomic	3022	
	Hustletown	27844	
	Hustlle	37783	
	Huxley24	16614	
	HyUkkAs3	10734	
	HybridMoments	8524	
	Hydramp	3673	
	Hydratgf	38011	
	HydroHippies		25654
	Hydrosupps	34463	
	Hydroxyzine		9924
	HypePhish	26712	
	HyperThemer	24208	
	Hyphyn00b	13152	
	Hypnos		139155
	Hypnotika	35007	
	Hypothermia	985	
	Hypothesis	21568	
	Hzgt66FR	19806	
	I2eLenTLesS		362706
	IAMTHEBEST	24629	
	IAintDaOne	29772	
	IBMsDeepBlue	21960	
	IBO1	26915	
	IC1101	25045	
	ICANTMTT	30238	
	ICDede	30514	
	ICEbaer		269936
	ICIBI	8432	
	ICIDCD	18558	
	ICardnow	19650	
	ID0010101	25595	
	ID4FR		20853
	IDIOTMAN	14655	
	IDfraud	31243	
	IDoYourHomework	38858	
	IGotYourNoose	23989	
	IIIIIII	9611	
	IJason	2617	
	IKEA32	9489	
	ILGD	30252	
	ILUVMDMA	12827	
	ILoveWeed420	39127	
	ILovehash	37287	
	IM406	19383	
	IMNOTTICKLE	441	
	IMPOSTERRANGER		36360
	IPlayGolf	2711	
	ITALIANO99	10604	
	ITGC2014	6539	
	IWBIL1970	8700	
	IWantItINeedIt	18973	
	IWillBuyYourSoul	12336	
	I_HaveA_Life2	23531	
	I_am_fucked_up	29251	
	I_dont_care	21592	
	IamGODD	21437	
	IamHELIOS	11094	
	IamLE	11886	
	Iam_THE_KING	38852	
	Iamfoundhalp	7298	
	IanCognito	10367	
	Ianevorevo	11209	
	Iarrycorowa	23976	
	Iarrypotter	26181	
	Ibi75902	10326	
	Iblees	5459	
	IbuyShit	3517	
	Ibuyer003	6774	
	IccubRaeb	11603	
	IceBiter	17534	
	IceCityUso456	17161	
	IceCloud	12807	
	IceIceIce	3187	
	IceMann	26793	
	IceScramble	29483	
	IceStealeZ	39322	
	IceTurk	30112	
	Icedout96	27151	
	Iceman		10181
	Icemaster	36264	
	Icemaster420	36104	
	Icykevin	17254	
	Identitaire	35038	
	Idiot	4402	
	Idle	16715	
	Idonkyfuck	7727	
	Idonthatenoobs	13533	
	Idz-2	35281	
	Ieder	12160	
	Ienjoymyprivacy	21060	
	Ievolution	1221	
	Ifyouknew	13697	
	IhR6QDol0i	31532	
	Ijustwantcash	24992	
	Ikarus	7186	
	IkkFnxs	6020	
	Ilaria	18787	
	Ilcole	27454	
	Ilikecheese1234	13048	
	Illegalpurchage2	23562	
	Illogicist	30819	
	IlluminatiON	926	
	Ilmarinen		386504
	IloveButthole2	26141	
	Iloveyoubitch	35100	
	ImTheDude	11416	
	ImaPirateArr	16695	
	ImagoDei	32403	
	Imperialised	27745	
	Impex	13306	
	ImportSyndicate	18143	
	Imports	18004	
	In2Deep	4970	
	InGodWeTrust	29966	
	InSearchOfMolly	18047	
	InVoLuTe	10684	
	Inarms	28301	
	Inc0gnit0	9690	
	Inception	7329	
	India	11586	
	Indica420	7231	
	IndicaBuff	12815	
	Indigophase		204748
	IndridCold	7896	
	Ineedthis50		150351
	InetChris	38352	
	Infected	20971	
	Inference	30868	
	Infestor03	19323	
	InfinityBeyond		25383
	InfoBlue	26834	
	Infrizzi	33401	
	Inginstrykar	18545	
	InrikesWeed		251044
	InsaneintheBrain	11566	
	Insanitor10004	38560	
	Inscrutable	24101	
	Inside0ut	38034	
	Insleopecy	11507	
	Inspector	5117	
	InstaGram		113435
	InteliMan	16659	
	Intellext	22652	
	Intercontinental		345172
	Interloper	7969	
	Internet_Prawn	15731	
	Intodafire	21276	
	IntraSpective	16803	
	Intrepid2120	37900	
	Intrinzik	2769	
	Intro	2429	
	InvisIc	37581	
	Invisible	936	
	IockeIocke	26368	
	Ip6A2KCsEXy1	12623	
	Iphonepenis2017	24686	
	Iqzero	25401	
	Irael	12829	
	Irelandireland	7578	
	Irish-Samcro	15432	
	Irishgirl	20126	
	Iritrium		43288
	IrnBru	9614	
	Ironfelix	31314	
	Ironman23	8435	
	Irony35	12985	
	Iros1mof	21262	
	IrsEnBuwec	10718	
	IrunNugz		39035
	IsThisLegit	11704	
	Ises	16864	
	Iside		231084
	Issak	31408	
	IssueAnnon	20675	
	Itachi_Uchiha	18410	
	ItalSoulPatrol	20554	
	ItchCure	37288	
	ItchyBalls	22867	
	ItchyMouse	26486	
	ItellaGreen	25115	
	ItsABingo	33312	
	ItsJustWeed		106731
	ItsMeFolks	37417	
	ItsRickySpanish	18493	
	ItsallBS1	16140	
	IvNeems7	39774	
	Ixprim	279	
	J-Large	9327	
	J-hook	26261	
	J0eyVermeulen	33061	
	J0ven	28715	
	J4CK	4405	
	J4yson		25027
	JAMES123		28901
	JBelfort	11787	
	JC2580	3861	
	JCH93899akfj	24783	
	JERRYMCGUIRE	1246	
	JESUIS	29199	
	JHJK	14659	
	JIBZYFARGO	412	
	JIMCAREY	1636	
	JJ112233	19572	
	JJJKK	14658	
	JKrowling2014	39198	
	JLawrenceClone	24104	
	JMB8136	28251	
	JMothaEffnStarr	13753	
	JOOMBO	16636	
	JPMorgan	1804	
	JPax	19059	
	JShady	9603	
	JSparrow	11474	
	JStar718	13751	
	JT9mgI4	9936	
	JU571N	33361	
	JUMBOPEANUT69	34353	
	JUSTRUN	2043	
	JYEZY	15632	
	J_onyx	8280	
	JabDod	1645	
	Jabes		241708
	Jack1122	27408	
	Jack1234	8076	
	JackARoe	11170	
	JackARoe	20510	
	JackBauer24	22686	
	JackDaniel999	38732	
	JackDuluoz	6320	
	JackHaze	13967	
	JackJacksonian	9854	
	JackOAllTrades	2267	
	JackRapier	12417	
	JackShaftoe	8394	
	JackW	32507	
	Jackaroflstomp	11910	
	Jackarooni	9775	
	Jackbauer	285	
	Jackie	10907	
	JackieChain	19034	
	JackieD	15003	
	JackingOffJill	13661	
	Jackle	220	
	Jackleblack	37479	
	Jackson0rAllen	10768	
	Jackson5	2120	
	JacksonSS	7280	
	JacksonTeller	31446	
	Jacksticky		19381
	JacktheDripper	21850	
	Jackyisbacky		37480
	Jacob11	2973	
	Jacobscrackers	5762	
	Jaded	9097	
	Jadian	22056	
	Jadoz	12169	
	Jaegerdisco	9755	
	Jag2G	10985	
	JagJagJagg	34660	
	Jaggernaught	1621	
	Jaggernaught2	1854	
	Jaguar	5064	
	Jahman	23637	
	Jakka	25964	
	Jalabert	25146	
	Jalepeno6	14918	
	JamBuster	38670	
	JamFeast	13908	
	Jamaiza	8187	
	Jamal	2020	
	Jamatrix1	11088	
	Jambaxter	19479	
	JamesAnderson03	25974	
	JamesDwait	7478	
	JamesHenry	32310	
	JamesHolmes	3581	
	JamesLonds	9188	
	JamesPain	10426	
	JamesSmith95	8706	
	James_Mill		275773
	Jamie69	20691	
	JamieReinhold	9002	
	Jamiquin11	21392	
	JamrockFille	20955	
	Jamsa	36939	
	Janus	3549	
	JapanO	35793	
	Jardinso	13548	
	JasonBourne	2310	
	JasonCooper	4960	
	JasonDiksen	14342	
	JasonMason	19856	
	Jasonbeaker	9567	
	Jasonfrench	35375	
	Jasonsilas	5852	
	JasperJ	15981	
	JasperTerse	11257	
	JavJLSIVOKAN	15995	
	JayFerDay	34900	
	JayPanti	37294	
	Jaycky2	38220	
	JazzyWizz	4968	
	Jboogie3811	3824	
	Jc26	19291	
	Jckr	36000	
	JeSuSauSaGe	905	
	JeanJambon	9482	
	JekyllAndHyde	17034	
	JellyBean100	21426	
	Jellyfish2	23368	
	Jenny-O	21150	
	JensS		53554
	JeremiahWeed	33870	
	Jeroen1988	17769	
	Jerry	17315	
	JerryJones	25317	
	JerryMox	16235	
	JerryTom	5073	
	Jester346	2578	
	JetLYYA	39770	
	JetLife	21522	
	Jet_Chocolate	13589	
	Jetmagnum	10993	
	Jevermore	34639	
	Jewpracabra	7939	
	Jghjgh32	19771	
	Jgirl0527	1192	
	Jhames	1865	
	Jheronimus	36334	
	JhonAdams_New	6483	
	JhonGotti	11660	
	JichaelMackson	12578	
	Jigglypuff360	10275	
	JigsawPuzzle	29903	
	Jihad	13752	
	Jihadtoday	24990	
	JillingOffJack	13664	
	Jim1don	247	
	JimMcdonald	24960	
	JimMorgan	19058	
	JimTheMadMen	20615	
	Jimbeams	7208	
	Jimmy911	18524	
	JimmyCricket	19659	
	JimmyHoffa	12945	
	JimmyHoffa777	23906	
	JimmyTheSaint	38482	
	Jims-Drugs		300400
	Jimservice	6985	
	Jinnpointpoint	27521	
	Jirissou		22449
	Jirquoop1	21401	
	Jismycash188	15151	
	JiveTurkey	27871	
	JoRabbit	14112	
	Job_lot	14435	
	Jobster_	449	
	JockFlass	31714	
	Jocky	37272	
	Jode666	39831	
	Joduskaa	37669	
	Joe60311	22419	
	JoeCanSuckIt	23324	
	JoeColumba	18723	
	JoeCool08	35216	
	JoeDirty	29859	
	JoeHill88	10941	
	JoeTheMouk1789	39750	
	Joe_Musashi	3459	
	Joeblack742	36285	
	Joedoemoses	11677	
	Joejetuv	28248	
	Joeknowitall	1502	
	Joel28h	26268	
	Joexog	9399	
	Jofiig	13934	
	Jog_On	17285	
	John10	31748	
	JohnBlackWayne	21501	
	JohnBlaze11	30263	
	JohnDiFronzo	38754	
	JohnDillinger	7512	
	JohnDoe2798	7797	
	JohnDoe44	39223	
	JohnDoe445	11585	
	JohnDoherty	37264	
	JohnRingo	22501	
	JohnSmith4332	9740	
	JohnSteeck	5973	
	JohnWick2000	23307	
	John_Addams876	4309	
	John_Bonham	9064	
	JohnaldSmith	30307	
	Johnathanbatess		2184
	Johnjoerappahoe	21551	
	JohnnyAnus	36835	
	JohnnyBond	29563	
	JohnnyBravo47569	9721	
	JohnnyMaycash	32635	
	JohnnyOnTheSpot	10801	
	JohnnyPowder1	4096	
	JohnnyRevolver	36151	
	JohnnySixty	8718	
	JohnnySoprano	12915	
	Johnny_Deep	4869	
	Johnnyd46	24399	
	JohovahRoss	17880	
	JoinMeInAHoe	29230	
	JoinTheUprising	6485	
	Jojobobjojobob1	11117	
	Jokerz	31013	
	JollyRoger	1851	
	Jollyrancher	23506	
	Jon16	21879	
	JonDoeAngel	13712	
	JonSno	9809	
	Jona	492	
	JonasMiguel	15851	
	Jonax	10478	
	Jonboy321	15219	
	Jondo	11741	
	Jones0202	6142	
	JonnyBones	21690	
	JonnyBoy789	12085	
	JonnySocks	9291	
	Joobrydoo	15475	
	Jordy	19449	
	JorgeRamos	14076	
	Jorrickpronk	12840	
	JoseBascon	8665	
	JoseFTorres	17924	
	Joseco		16467
	Josef	11387	
	JosephK	22469	
	JoseyWales	2463	
	Joshim	12845	
	Joshisnotposh	18476	
	Joshua26	37218	
	Jowz	5279	
	Joybang	14437	
	Jqeop	17148	
	JstAnotherBuyer	30143	
	JuanP1	8116	
	JuanValdez2001	23828	
	Juan_Carlos_1927	32168	
	Juanpablo1357	34133	
	Juare	33362	
	JudyFox	35985	
	JuelzSantana	14083	
	Juicy	2946	
	Juicy998	15999	
	JuicyButt	27080	
	JuicyFruit	7464	
	Jukebox	29333	
	Julia92	21342	
	JulieAndCandy	6340	
	JumaAhlan	20659	
	JumpLeads	18148	
	JumpNJack	30828	
	JumpingG	26716	
	JumpingJackFlash	8592	
	Jungle00	38321	
	JungleBunny80	11109	
	Jungleman1		264874
	JuniorMalanda	22887	
	Jurii90	35252	
	Jusper	26552	
	Juss	14054	
	Just1ikehoney	14173	
	JustAnother	17370	
	JustAnotherAlt	5224	
	JustBusiness	8027	
	JustForResearch		356636
	JustKiddingNegro	28889	
	JustLookin67	13573	
	JustLurking	19658	
	JustPersonals	3448	
	JustSomeNobody	12240	
	Justbrowsingman	14355	
	JusticeMan123	35861	
	JusticeRoden	21171	
	JustinSun	14781	
	Justsomeone	12553	
	Jynthy1311	10080	
	Jyvanen	32321	
	K-Dogg	7765	
	K2G3		412749
	K3Xl3zRX47	33004	
	K3taminee	26352	
	KALASH13	20437	
	KATOO1	1941	
	KAiNE	7669	
	KBT2378	11169	
	KBuzzed	11166	
	KCROYALS2014	17821	
	KDCC	1157	
	KDOG45	21540	
	KELLVIGOR	9849	
	KENTAI	24871	
	KFydthguvb81	30372	
	KHFreak	22919	
	KHM1222	33683	
	KINGCACTUS		21501
	KINGLUDIZAH	35846	
	KINGRAMSEY	8124	
	KJ17S	5092	
	KJBentley	27552	
	KL689	8537	
	KOYZMN	6798	
	KR1-9M	10710	
	KR4KEN	13898	
	KRIVE	23877	
	KTO_R	9836	
	KTellis	26827	
	KX1Q	24879	
	K_HaSH		134698
	Kaasschaaf	6427	
	Kaazza	33233	
	Kabal99	17333	
	Kable	278	
	Kafkaesquee	22274	
	Kai10	578	
	KaiBreene	28627	
	KaiIvanovai	8617	
	Kainan	23011	
	Kaiser7	1776	
	Kaisersosse	39232	
	Kajak	6960	
	Kakan	13008	
	Kakashizeto	20163	
	Kakmans	8861	
	Kakmonstret		222146
	Kal-El	9421	
	Kalashniikov	18594	
	Kalasjo	32818	
	Kalasnikhov	6248	
	Kale26	10338	
	Kaleko	9390	
	KaliBimI	6026	
	Kaliber66	32018	
	Kaliber666		275423
	Kalima	25431	
	KalleAnka	20644	
	KamagraUK	6670	
	KamelenPoep	16374	
	Kamikaze2016	13050	
	Kamirez	39502	
	Kamwah	20195	
	Kanaka		198854
	Kanderuth	19307	
	Kandinsky	15195	
	KandyShop		113222
	KaneSmith	10414	
	KangaRush		292818
	Kangaroo-Express		20063
	Kanji	37505	
	KanonymosPrime	34586	
	Kaori	5644	
	Kaos3456	24133	
	Kapitän	1893	
	KappaCit	16016	
	Karamity	24957	
	KarateChop	386	
	Karbala	26494	
	KardSharc347	2167	
	KarlArsch3000	16278	
	KarlKrazyRogers	31895	
	Karlitos	32603	
	Karlitosmen	26169	
	Karma33	24606	
	KarmaTrooper	18531	
	KarmicTraveller	8808	
	Karpsy	1660	
	Karuth	20515	
	Kashunksa	24314	
	Kassi80	1492	
	Kassolini	7591	
	Kastell		345260
	Kat_hi	26592	
	Katatonic24	20433	
	KatieDShelley	8563	
	Katiewilf	4468	
	Kato_Marika	13487	
	Kauchuk	7202	
	Kauppa		364114
	KayFace	30521	
	KayKush	24733	
	Kayubin	9023	
	Kazam144	13477	
	Kcamp	28827	
	Kealan131	18179	
	Kecjik	6108	
	KeelOver	37079	
	KeepKeep	4281	
	KeepYourPrivacy		386320
	Keeper	7726	
	Keepsafe200	19189	
	KefIs	20669	
	Kefkalink777	32467	
	Keineahnung	5718	
	KeithLemon		13188
	KeithMoon	31037	
	KelsiIsLost	30153	
	KenSong99	8436	
	Kendo84	10247	
	Kenji	15343	
	Kenneth44	1225	
	KennethBMitchell	12976	
	KennyG	7440	
	Kenshi	32441	
	KenyaRifle	13821	
	Kenzoguy14	16599	
	Kerets	34373	
	KetSket	21929	
	KetaWhaat	5904	
	Ketaa	13333	
	Ketamang-Brother	4118	
	Ketchup78	6533	
	Keuty	34439	
	Kevin212131	27942	
	KevinWonk	18194	
	Kevinballoon	23918	
	Kewantinnywah	3529	
	Keyless	4106	
	Keynesian	4751	
	KeytoYourMind	39557	
	Khair-al-Omar	8906	
	Khal-Drogo	27048	
	Khaledo	4380	
	Khalifa	1344	
	KhanSanD0g	33095	
	Khanum75	14587	
	KhazMod	14950	
	Kice	10850	
	Kickkick654	16776	
	Kickx	12091	
	Kid2theCudi	34556	
	KidA	7520	
	KidCudi		29942
	KieferKasper	34276	
	Kiefernzapfen		110564
	KilgoreTrout	1969	
	KillChiari	28623	
	KillKenny	12402	
	KillMode	19937	
	KillaBIZ	34777	
	KillaBee	3724	
	KillerQP		155006
	Killerale	1955	
	Killingcat	36514	
	Killua98	9249	
	Killuminatrix	10019	
	Kim-Jong-il	3168	
	Kim111	9680	
	Kimlittle	24311	
	Kimodsy	10809	
	Kimosdy	10730	
	Kindbudz		19339
	King-Solomon	48	
	KingCC		31002
	KingCobra	11110	
	KingDerp	17264	
	KingGeeDOOMah	31936	
	KingHash	11597	
	KingHodor	3275	
	KingKongisKing1	35935	
	KingKoug	417	
	KingLeonidas	6435	
	KingMayo	1185	
	KingOfCoke	30520	
	KingOfDiamonds	9439	
	KingRich	6962	
	KingRich96	35148	
	KingRizla	29371	
	KingSolomon12	8748	
	KingTut	1140	
	King_Malveolent	7415	
	King_of_Gondor	29084	
	Kingcard123	5068	
	Kingkong80	36051	
	Kingkongmoe	36098	
	Kingonce	24218	
	Kingpiza	10547	
	KingsCrossNights		223685
	KingsHabit		49743
	Kingston912	7529	
	Kiriguard	34807	
	Kirill04	7762	
	Kirit0kun	26775	
	Kitkat1337	5144	
	KittenBenthall	26659	
	Kittens007	33320	
	Kittykatgirl123	5276	
	Kizzmett	4048	
	Kizzmettt	39425	
	Kizzzaa	28902	
	KjEB98	39814	
	KlaasBruinsma		178167
	Klapaucius1	25186	
	Klassny	16041	
	Klausar4	20008	
	Klausss	27258	
	Kleiderb&uuml;gel		123529
	Klose	19656	
	Kludi	34025	
	Kn0wMor3		18700
	Knallberto	10608	
	Knee-Dangerfield	3380	
	Knight	2257	
	KnightmareUK	10325	
	KnightsTemplar	26598	
	Knlj	23510	
	Knomo	20035	
	KnopeCope	8416	
	KnownAimInsight	9591	
	KoZe	17405	
	KoalaXP		196959
	Kobayashi4Prez	13162	
	Koelomine	30077	
	Koffen	28321	
	Kokaine	23332	
	Kokokappa	5183	
	Kolonikoloni	19292	
	Kolorblack	8575	
	Komodo	23567	
	Kon4a		14772
	Konflikt	18752	
	Kongla	23848	
	Kopplex	14026	
	Korban	10837	
	Korosive	18076	
	Kourtneyy	28652	
	Kozmik	39787	
	Kpnuts	20676	
	Kqnto	24938	
	Kr0c0	12092	
	Kracken12	11708	
	Kraeuterfreund		18674
	Kraiser	28135	
	Krak3n_lik3	6564	
	Krakatoa	6527	
	Krama	12620	
	KramerCanada	13212	
	Krane	3353	
	Kranon	30504	
	Krasem	6277	
	Kratomm	31001	
	Kredo	1002	
	Kretzer	2340	
	KrimNL420	27397	
	Krimson_31	16714	
	Kripouille	20114	
	Krishna	3364	
	Krisnamurti	9044	
	Kriss	38584	
	Krogchew	15519	
	Kroller	29512	
	Krombacher	38300	
	Kromex	7706	
	Krulubuntur	14064	
	Krydolf		244420
	Krypto-Currency		145650
	Kryptonite	260	
	Kryptonite256	26511	
	Kryx	7587	
	Ksenoz		305258
	Kujau	13516	
	Kukkaburra	29628	
	KultaKauppa		351037
	Kumar420	36013	
	Kungen18	8225	
	Kursk	33313	
	KurtCobain	9103	
	Kurzweil	9255	
	Kush-n-OJ	33131	
	Kush11	21209	
	KushKing	12677	
	Kuteme	31158	
	Kwak	16916	
	Kwoww	12436	
	KxzApo57f	10564	
	KydeR	2011	
	Kyles_Mom	26899	
	KylieRules	34552	
	Kyocera	21396	
	Kyohtee	8803	
	Kyphosis	26532	
	Kyrill		117727
	Kyrus	3887	
	Kyubi	12373	
	Kzbpr	5815	
	L0k1	13911	
	L0rd	3409	
	L0u1sVu1tt0n	10689	
	L10B26	760	
	L1CKMYCH1CK	24497	
	L1VEintheSKY	8548	
	L1ttleP1ggy	21370	
	L2H2K99	11380	
	L337	37313	
	L3GI0N	25617	
	L3TSW1N_23	14141	
	L4Star	37608	
	LACONECTION		394655
	LAMF	9280	
	LAVAZZA	2622	
	LAZYBONE	33612	
	LCCA	21409	
	LEKILLA	15719	
	LENNY191	4785	
	LEXUS	21142	
	LExposer	21562	
	LGmenu	30535	
	LINK3R	30563	
	LIVERBIRD	9337	
	LK76	10074	
	LKjnLKGKSFPIAWnl	17050	
	LLBdropout	6825	
	LOST2andGKJ	26728	
	LPMan	1591	
	LSDASpokesperson	21938	
	LSDLove	14367	
	LSDMT7	19965	
	LSDaisy		366810
	LSDeepWeb	3171	
	LSDkiller	39754	
	LUCK4MMM	13986	
	LUSO	16646	
	LV12345	22379	
	LXM182	27940	
	L_OG	24510	
	LaBeautifulVida	13482	
	LaGoutte	19891	
	LaVolpe21	10888	
	La_Paura	5192	
	Labrocca	1305	
	Lacase	1682	
	Lacota	12715	
	Lacroy	3930	
	LactoseLos	23196	
	LadyDee		151084
	LadyHawke	10649	
	LadyMadonna	26894	
	LadyMarry	14833	
	LadySativa	25496	
	Lafreschezza	11514	
	Laggerlain	16655	
	Lakson	13462	
	Laling	765	
	LambCup	7698	
	Lamber005	6998	
	Lancer	3363	
	LandShark	436	
	Landing	11364	
	LandmineLt	9465	
	LandscapingCo	35737	
	Language	12413	
	LannerTil	6523	
	Laocoon	2624	
	Lapa123apaL	19941	
	LarryCrafts	21265	
	LarryJoseph	20882	
	LarryLobster	28007	
	Larry_Stein	13275	
	Larry_bath_time	23769	
	LasPatatas	19608	
	LaserBlast	35945	
	LastEmperor	33072	
	LastGuides	25773	
	LastNameFirst	21958	
	LatexCat	13813	
	Latimeria	3667	
	Lauda	5954	
	LaughingLion	8907	
	LaughingMan	27007	
	Laughingmaster	27319	
	LauraLizard	14428	
	Lavalamp	7453	
	Lavivicus	22408	
	Lawid2	2355	
	LawyerAlt	2484	
	Lays	33736	
	Lazamms	31074	
	LazarusAnonOps		36122
	LazyPatriot	21478	
	LeChampion	33597	
	LeFrauder	30394	
	LeGaulois		158888
	LeLolz	30311	
	LeMartin	12154	
	LeScanneur	2060	
	Le_Samurai	6834	
	LeadByExample	12619	
	LeadPie	13815	
	LeafDragon	13103	
	Leafy	7673	
	LeakmasterFlash	32068	
	LeanOnMe	4948	
	Leanansidhe	13033	
	Learning2Fly	2616	
	Lebron	4310	
	Ledsen	29930	
	LeeeanOnMe	14919	
	Leej	32568	
	Leelo	21722	
	Left4Hap2	12323	
	Lefty9602	32697	
	LegalKeys	13084	
	Legal_Eyes	10879	
	Legate	28844	
	Legend88	15885	
	LegendaryScans	2594	
	LegendofZ	20886	
	Legi0n	9443	
	Legionnaire	17767	
	LegitBitMix		25588
	LeifGW		198293
	Leipz	6779	
	Leipz5	33824	
	LemonJelly	19487	
	Lemonhead55	3851	
	Lemsip	7770	
	Lenin_Cow	4984	
	Lenny	3141	
	LennyShelby	2389	
	LeoXC	14341	
	Leolude714	33059	
	Leon456	5766	
	LeonBeta23	7908	
	LeonPhelps	37345	
	LeonTrotsky	7763	
	Leonard132	5769	
	Leonardo223	5771	
	LeopoldStotch	33419	
	Leptonclemency	31989	
	LesTutosFrancais		193409
	Leslie412	5779	
	Lester423	5782	
	Lesterthelazzard	8619	
	Letmeknow123	20821	
	Letov	19403	
	LetsBoogie	34781	
	LetsMakeMoney	6560	
	LetsPlay123	26323	
	LetsRoll	14094	
	LetsTravel	8514	
	LetterManCan	7868	
	LetzParty	13700	
	Leunt	434	
	Lev513	5786	
	LeviticusBlack	35608	
	Lewis613	5790	
	Lex1202	37075	
	LexLuthor	9706	
	LexarLuther	13380	
	LexiSadie		280175
	Liam61734	15257	
	Libertex	6027	
	Libra	14274	
	Libvlib1a	15556	
	Lickmyshoe	4559	
	LicktheShade	21723	
	Lief	20810	
	Lifethemoment	30751	
	Ligerius	10234	
	LightPointer	4526	
	Light_T0ke	33971	
	LightbulbMoment	15528	
	Lightixv3	8600	
	LikeableFlorin	38292	
	LilBibby	14048	
	LilSNUPE21	35206	
	Lilt	18396	
	Lilwizzle	11281	
	Limey74	30546	
	Limitedthreat	20716	
	LimitlessAmerica		160448
	Limix		3791
	LinQue	232	
	Lina123	11049	
	Lina1507	31668	
	Linde	30777	
	Lindsay	5800	
	Line-e	29780	
	LineageII	24355	
	Link1299	36506	
	Link713	5794	
	LinkinP	11784	
	LinusPauling	33505	
	Linux	10568	
	Lion		12581
	Lioness	18497	
	Liont1931	21878	
	LipSmacker	5828	
	Lisa4316	5653	
	ListonShite	34576	
	Litec0in		15322
	LittleBull	2268	
	LittleFrenchies		44451
	LittleMissWasted	11615	
	LittleShark	24227	
	LittleStephen	23297	
	Little_Bear	24975	
	LivePharma		343869
	Liveners	7348	
	LivingHigh	13637	
	Lizard4lyfe	14024	
	Llewyth	23467	
	LlyodXmas	18228	
	LoLuck	21609	
	Loadout_stone	38580	
	LockAndStock		376276
	Loffa101	15178	
	LogicTek	37178	
	Logos	1021	
	LoisGriffin	4438	
	Lojick	22414	
	Loki19777	7627	
	Lokib	9566	
	LokkoRokkoDuck	21380	
	LolSuckMe	34741	
	Lolzhyp	37507	
	LondonDispersion	32883	
	LoneRaider	13096	
	LonelyFart	13782	
	Lonelystoner448	35154	
	Lonestranger	2676	
	LongSteve115	31678	
	LongStride	27242	
	Longheading	30776	
	Longmann	8233	
	LoobDoob	11104	
	Lookie	13518	
	Lookin4Fire	29768	
	Lookingbro	30632	
	Looper	6005	
	Lopezorius	8107	
	Lopman	14529	
	LoraxMustache	13406	
	Lorb	19493	
	Lord	861	
	Lord0Mighty	10669	
	Lord2dragons	35901	
	LordCyric	11692	
	LordNelson	1987	
	LordNippler	13526	
	LordPi	450	
	LordRevan	9302	
	LordSaban		297255
	LordSteppington	10987	
	LordXTCReviews	25690	
	Lord_Gollum	31078	
	Lordblaze	549	
	Loretta	18399	
	LorneMalvo	11982	
	Lorraine	8023	
	LosPimmlos	31514	
	LosZetas	4251	
	Loser15	25710	
	LossOfControl	20291	
	Lost121991	34703	
	LostMyMarbles	7412	
	LostOne	818	
	Lostheaven		17611
	Lotso	17060	
	LottaGotta	26308	
	Loudean	35940	
	Loudness	5424	
	LouisLamour	3820	
	Loulou95	3382	
	LoveIsTheKey		119423
	LoveNoitu	9114	
	LoveSpeed	23277	
	Loveaffair	8077	
	LowEndTheory	28906	
	LowProfile	13424	
	LowTemp3567	25560	
	Lowkey	12710	
	Lozio123	10818	
	Lrrr	10108	
	LuXourious		331829
	Lubriderm1	7028	
	Lucas77	9063	
	Luccapaso	10211	
	Lucidlife	19673	
	Lucifer	10004	
	LuckyBoy123	23710	
	LuckyDawg80	16696	
	LuckyLarry7	1749	
	LuckyLuke	10162	
	LuckyStrike1871	13180	
	LuckyStrip	17859	
	Lucy91	10376	
	Lucy_S_Diamond	3012	
	Ludio	6754	
	Ludududi	29565	
	LuigiStinks	15445	
	Luivii	19197	
	Lukmek1	21214	
	LulzShop		40605
	Lumberjack2014	7294	
	Luna1	9026	
	Lunaries	33026	
	Lunk	8255	
	Lunoman	24935	
	Lustre	39481	
	Lutionevo123	25733	
	LuvYourWurk420	14284	
	LuxuryUK	2151	
	Lyc1das	35268	
	Lyca	19803	
	Lycanthropic	12055	
	Lynk	8865	
	Lynx	10992	
	LynyrdSkynyrd	9652	
	M-Dogg	7334	
	M0nk3yC	21315	
	M0rph3us	22733	
	M1N3O5P7	1125	
	M1l1d9e		4730
	M2l2d0e	4400	
	M3SC4	26227	
	M4NDRU	10525	
	M4XXX	13757	
	M4rkIT	941	
	MA76		25704
	MAHAKALA108		333074
	MANGOMANGO	9677	
	MASSACHOOSeIT	36244	
	MASTERBLASTER11	34292	
	MAYORMAYO	11895	
	MC-Haberdasher	2922	
	MCC0032	21611	
	MD1007	3208	
	MDClrkr5	3337	
	MDMA80	33558	
	MDMAtt	39777	
	MDPro		297310
	MDR27SE	25162	
	MDmonkey	25484	
	METHMASTER2014		19603
	MF81the1st	10631	
	MFB1982	20695	
	MGAcocaine		204745
	MGMan	21493	
	MIKEWACU1	11680	
	MIXXY	6847	
	MJOE	8977	
	MKFlint	15033	
	MKhypnosis0101	9585	
	MM14	14217	
	MMASECURITY	28494	
	MMAfighters	6724	
	MMDA	9505	
	MMTZTA	37405	
	MNBV1212	8923	
	MNTRZ	12375	
	MOKTAR		19630
	MOLLYMAN	7050	
	MONONYM		19462
	MOTH3RFUCK3R	30859	
	MOVIEsou	14868	
	MP5K	778	
	MPU4you		208823
	MRB2008	5439	
	MRENO341	11276	
	MRPACKER	34371	
	MRSbluesky	29475	
	MRkode	35460	
	MS212	34587	
	MShulgin666	27861	
	MTHBB	3818	
	MUSHBUD	3796	
	MYSTERIOUSMRX	10471	
	MZCashout	9290	
	M_87	8331	
	MaCe	31905	
	MaNigga	906	
	MaSt3rBrain	14602	
	Mac10	10089	
	MacD	3613	
	MacLeod	6675	
	MacSilencer		19901
	Mach5	8992	
	Machinima	9364	
	Machuka	24989	
	MackMark37	22787	
	Mackeo	8019	
	Macrodb	12015	
	Macron	24072	
	MadCarrot	4514	
	MadCoins	15398	
	MadCorsair		126998
	MadCutSnake	16707	
	MadDoc	36103	
	MadHatr	21219	
	MadMax6	26972	
	MadMushies		254623
	MadPoker	5590	
	Mad_ez		11450
	Madagascar	14263	
	MadamAnt	23575	
	MadamePoupou	23438	
	Madcutter	28200	
	Maddygirl	293	
	MadeYourDay	4236	
	Madmartigan	624	
	Madmax2	6097	
	MadneS	22658	
	MafiaOfTheHouse	2331	
	Mafiadelus	1345	
	MagDaRippa		21999
	Magadan	14365	
	Magellan	29071	
	Maggotz		98193
	MaghrebUnited	15920	
	Magi-Hod-8	6849	
	MagicBox	12302	
	MagicCamel	14914	
	MagicCarpet		122262
	MagicGarden	31928	
	MagicGathering	1320	
	MagicMarcDH	33412	
	MagicXTC	10229	
	MagicalHats	16943	
	Magicbuyer	32612	
	MagickHeroin	12333	
	Magiklair	1773	
	Magilla	30579	
	Magna10	39390	
	MagnaCodex22	15307	
	Magnusg43	17207	
	MagsAndMore	3945	
	Mahatmashanti	29301	
	Maikel	33379	
	MailMaster_XL	31245	
	MailOrderHighs	39440	
	MaitreThan	16900	
	Majestic	8470	
	MajesticMadness		4890
	Majical	20927	
	MajorNelson	2605	
	MakeBread365	5641	
	MakeMeRichBitch	8581	
	MakeMula	15571	
	Makku	21306	
	MalReynolds	18027	
	MalcolmTucker13	10813	
	MaleQueen	13831	
	Maleficence	18707	
	Malenga	29857	
	Malibu	1570	
	Malignancy	7060	
	Malleus	1064	
	Mallow88	9553	
	MallyRM	31882	
	Malmo		407859
	Malotote	9949	
	Malphas27	10788	
	Mamba	2740	
	Mammeth	5079	
	Man-Thing	13081	
	ManBeatsFan	26208	
	ManRabbit	34825	
	Mandibulata	35931	
	Mandulis	14157	
	ManhattanProject		182250
	Maniac	1202	
	Manitu323	17030	
	Manlyness420	21187	
	MannDrog		19078
	Mannew43	1136	
	MansaMusa	335	
	Mantix	38838	
	ManuelNoriega		16803
	Manuelson88	21808	
	ManxRelative	35934	
	Manzer	7224	
	Mao771	33234	
	Maorijuana	32782	
	Maozen	3463	
	Map1990	7330	
	MarMarr	7558	
	Marago	19305	
	Marc1998	12777	
	MarcAnthony	18913	
	MarcelMarcel	12027	
	Marcello46	12342	
	March15	37403	
	MarchingPowder	18561	
	MarcoFavelli	7761	
	Mareahh	28459	
	Marfetus	16584	
	Mari0	25408	
	Marianne	5799	
	Maric123	4261	
	Marik93	39032	
	MarioChalmers	14568	
	MariusM	23465	
	Marjan1234	29519	
	MarkBrown	23703	
	MarkCorrigan	7913	
	MarkFour	38185	
	MarkFriman	33254	
	MarkHanna	740	
	MarkMarham3	20767	
	MarkTheGraves	11891	
	Market		94192
	Markopolo	28466	
	Markovic	13063	
	Markovich-TEMP	3731	
	Marktwain	8329	
	MarlKarxxx	9609	
	Marlies12	34599	
	Marlo_Stanf1eld	27697	
	Marokaniec	8766	
	Maron121	38870	
	Maroon	19770	
	Marrybasin50	36518	
	Mars	2867	
	MarsBeach	26165	
	Marshall		22540
	Marsimoto	12410	
	Marti	1913	
	MartinC	28038	
	MartinLQueen	33052	
	Martinlpl	21893	
	Martinpl	11738	
	Marvel	19860	
	Marvelulz	38172	
	MarvinMonroe	5344	
	Marxal	2890	
	Mary1345	23840	
	MaryAnn	20171	
	MaryJaneBrownie	31146	
	MaryLamb	13978	
	Mary_Suzy		49831
	MaryfuckingJane		37524
	MasTer049N	13544	
	Masafi	3112	
	Mascotte	28221	
	Maser	8181	
	Mask	10848	
	MaskingMask	30045	
	Mason-Shriner	10223	
	Massive57	5673	
	MasterBanker		261326
	MasterCarder	36320	
	MasterChen	17417	
	MasterCoupMan	15577	
	MasterPibb282825	23226	
	MasterSesub	34468	
	MasterSplynter		3402
	MasterTD	39141	
	Master_Cheefinn	9954	
	Mastergreen	24325	
	MasterofDisaster	9414	
	Masterofgau	12166	
	Masterofhardcore	12753	
	Masters_Pro	24196	
	Mastodon	10536	
	Masud5	21066	
	MatMatMat	2334	
	Matilda	29670	
	Matoniinotam	30451	
	Matouxlechat	4013	
	Matt3174	30855	
	MattBlack92	10602	
	MattF	37018	
	MattR1986	28504	
	Matthew32	33289	
	Maureen	21243	
	Maurst	35774	
	Mavrocordatoto	29110	
	MaxBranning	30644	
	MaxCash	4061	
	MaxM	26027	
	Maxamous	11259	
	Maxeclair	15504	
	Maximus	1917	
	Maximus99	12962	
	Maxkewa	3931	
	Maxxx	15015	
	MayoRice	28450	
	Mazakaka	28806	
	Mazurka	2379	
	Mbk6310	19814	
	McFly7856	39474	
	McGruber1	1073	
	McGrubs	27275	
	McMarine	6967	
	McMurphy	12588	
	McRAD	20777	
	McV1	37310	
	Mcbutterpants	14541	
	Mcdabbin	28973	
	Mcintosh	10740	
	MeBasaJ	4412	
	MeBeSte	39786	
	MeGrimlock		63776
	MeMeMeMe11111	37494	
	MeNoAreNoNiceguy	22589	
	MeOnEv	19290	
	Meaculpa	9620	
	MeadFivestar	35743	
	Meadow		10140
	Meatballs42	5017	
	MeatySoda	3119	
	MechaLeary	10823	
	MechanicalAnimal	20937	
	MedEx	10351	
	MedLineOutpost		20666
	MedibankPrivate	5088	
	MedicTim		165202
	Medical420		295093
	MedicinaLBuds	11834	
	MedicineMan		37088
	Mediv	6284	
	MedizinMann		288116
	MedusaMan2939	19295	
	MeesIII	37607	
	MeestaSpankay	19861	
	MegaManX	10177	
	Megalodon		23029
	Megampist	27330	
	MeganKelly100	15938	
	MegatronGriffin	30572	
	MehraMillo50	8968	
	Meiren	21065	
	Meistern00b	26203	
	Meitnerium	22966	
	Melak	15712	
	Melaluca	32175	
	MelbourneShuffle		281491
	Meliodas	38490	
	MelissaAM	27557	
	Mellow99	16135	
	MellowVibes	11113	
	Melman	10222	
	Melon597	13951	
	Meltdown	2741	
	Member	7320	
	Meme2014	21796	
	MementoM	24330	
	MemoryAlpha	33605	
	MenKnot	13909	
	Mendes	2792	
	MendicantBias	32556	
	MephistoTheGreat	34211	
	MerCee	4763	
	Mercato_Apple	4823	
	Mercury14	31738	
	MercuryMick	30132	
	MercuryRising	20984	
	Merde	20546	
	MerinteR	9066	
	MerkabaBoy	16165	
	Merkabah365	20119	
	Merkadez	20771	
	Merkedum	23629	
	Merkur-Shop		350882
	Merleg	11438	
	Merrybell	19070	
	Meruem	9902	
	Merzy	11994	
	Mesrine	9341	
	MetaBeda	24861	
	MetaTiamat	10942	
	Metahuman	22369	
	MetalSlugg	25914	
	MetalSphinx99	34753	
	Metalhed1		26877
	Metallic	22098	
	Metamorphosis	22945	
	MethAmphibian	10969	
	MethadoseClinic	26978	
	Methly22	25366	
	Methodhead	14035	
	Methulz	39326	
	Methylone	8029	
	Metro1717	9884	
	Metrodance	5315	
	Metzger	7127	
	Meursault	9655	
	MewX	2707	
	Mexico_Coyote	26713	
	Mexxy	18456	
	MeyerLansky2		45783
	Miami	27217	
	Miamoto	35040	
	Miaousss	18269	
	Michael555		28019
	MichaelJordan45	39112	
	Michael_Corleone	3910	
	Michaelangelo	7779	
	Michaelis	4169	
	Michaelkohrs	14278	
	MickSwagger	9513	
	MickeyMouse	1544	
	MickeyTwosheds	22189	
	MickoSilus	14140	
	Microfibre	14816	
	Microsoft	5051	
	MidBest	28624	
	MidNite420	31358	
	Midnight_Magic	6979	
	Midnight_Sun	11546	
	Midnyt	1334	
	Midwestian	11567	
	MiezzeKazz	9856	
	MiggyZarley	3080	
	Mightara	21665	
	MightyHercules	29724	
	MightyWhitey00	11111	
	Migile	18681	
	MigosGame	8622	
	Migoss	7479	
	MiguelSanchez	22519	
	MihaelKeehl	8146	
	MikeAndIke	12632	
	MikeB91	3754	
	MikeBilel89	34312	
	MikeJordan23	24407	
	MikeMcMota	13600	
	MikeMo	24630	
	MikeWolfe	30495	
	Mikeltxo15	10785	
	Mikewacu	11679	
	MikhailX	325	
	Miki666	34227	
	Milarepa	10194	
	Miley_serious	4476	
	MilkSteak	14908	
	Milligram	5608	
	Millionaire	1160	
	Millz	763	
	Mimi75	6532	
	Minato	20405	
	MindAndMatter		318365
	MindBa11oon	9944	
	MindScan	18290	
	Mindanao	30111	
	Mindwar		200743
	Mineral	10520	
	MineralMine	33982	
	MiniMexico	18124	
	Minima	16270	
	MiningFarm	6399	
	MinoMino	14334	
	Minol	26778	
	Mint	1226	
	Minus273C		38938
	MirF	14705	
	MirkoVilla	1738	
	Mirrieto	27010	
	MisakaMikoto	9730	
	Mischu76	32642	
	Misderfeeny	13508	
	Mishna	18951	
	MissMaryJane		202486
	Missingno2		327938
	Missio	31572	
	MistaGreen420	38246	
	MistahKarate	35126	
	MisterMango99	13136	
	MisterMash25	10946	
	MisterPink	16037	
	MisterTom	10999	
	MisterWalker	16412	
	Mister_A	1674	
	Mister_Crabs	35640	
	Misterball	11376	
	Mistercap111	18780	
	Misterchow	39216	
	MistrT505	14127	
	Mistress_X	32797	
	Mitnick	38196	
	Mitragyna	4996	
	Mitsumi	32363	
	Mizone	1794	
	Mizore	13321	
	Mizundaztood	32558	
	Mjax	37820	
	Mkathunter34	22952	
	MmMynttinen		275770
	MndMlt	38866	
	MoJoeFilter	38863	
	MobMan	21855	
	Moblha	15053	
	MobyDick01	33135	
	Modality	24727	
	ModernT	21282	
	ModernTalking	32024	
	Moe-Szyslak	26905	
	Moep	16261	
	MohamedBessame	35952	
	Mohawk100	29991	
	Mojdsuehs	30779	
	MojoRisin1	21086	
	Moka1	13824	
	Mokoba	34150	
	Moksha1	4313	
	Mollamolla	20185	
	Mollie	19934	
	MollyCanada	15474	
	MollyDownUnder		392018
	MollyLover	9095	
	MollyMeldrum	31971	
	MollyMob	25223	
	MollyMuse		220179
	MollyNigga	25509	
	Mollyfromhell	11214	
	MomMusic	14430	
	MomnPopStuff	16533	
	MoneyAndHoes	1162	
	MoneyBags	4975	
	MoneyChucker	23859	
	MoneyKid	37556	
	MoneyMaker420	13796	
	MoneyMan123	5009	
	MoneyMike69	11736	
	Money_Minded	2572	
	Moneycash1	9773	
	Moneydocta	1078	
	Moneylova1	22191	
	MoneymakinMitch	13790	
	Mongo1992	29771	
	Monkey182	18313	
	Monkey99	10042	
	MonkeyBusiness		2757
	MonkeySea	17284	
	Monkeydollars	5263	
	MonoVerde	8712	
	Monocle-Files		8421
	MonroeRepublic	9819	
	MonsterCC	2897	
	MonsterDog	1214	
	MonsterDong	25153	
	Monsterkon	36799	
	MontVentoux	32625	
	Montelio999	8205	
	Monty200	4399	
	Monty24	23053	
	Monty49	27941	
	Moog213	33668	
	MoolaG909	14120	
	MoonKiss	13384	
	MoonMoney	3883	
	Moone	9491	
	Mooner	464	
	Moook7	21664	
	MooseCatMD	36964	
	Mooshe	15476	
	Mooshonov	39377	
	MoralesToledo	19125	
	Moreless	9967	
	Moremoney01	9872	
	Moreno1369	24789	
	MorganFreeman	2876	
	MorganFreeman01	10716	
	Morgararth	11725	
	Moroccansweet	12859	
	Moronontherun	26447	
	Morova	13310	
	Morpheus		12958
	Morpheus365	7667	
	Morphmaster		356603
	MortPalmer	12642	
	Mortadelo	19369	
	MortalDope	30432	
	MosCraciun	21166	
	Moschinoxx	4293	
	Mospeda	10082	
	MostBeige	36472	
	MotherLoveBone	13520	
	MotherfHacker		6676
	Motography	7257	
	Mouchette	8455	
	MountainDewbBrah		250227
	MountainMan	29243	
	MountainMan420	17732	
	MouseBlacK49	8286	
	Mousie420	30744	
	MoveSomeDope	35101	
	Mr-Anonymous	1191	
	Mr-Bad-Ass	8800	
	Mr-Bananman	22985	
	Mr-Feel-Good		34507
	Mr-Mestoffelees	8434	
	Mr-Muffin-Man	385	
	Mr-O	11210	
	Mr-Rogers-Cyborg	38555	
	Mr-White-Rabbit	36081	
	Mr1278	32427	
	Mr13	31316	
	Mr1x	9025	
	MrAbsolut	8920	
	MrArab	8751	
	MrBanterBean	28192	
	MrBlackBeard1989	24455	
	MrBlades		370190
	MrBudabi	7996	
	MrBulk		210569
	MrBungle	7575	
	MrCashman		147371
	MrCocaCola	39090	
	MrCronk		4599
	MrCrundleson	32466	
	MrDadadane	28587	
	MrDaniel	22428	
	MrDinkelburg	2354	
	MrDiscretion	12042	
	MrDoge		10701
	MrDopamine	19255	
	MrDrudge		46524
	MrDude452	16389	
	MrDutch	30985	
	MrEuro	30935	
	MrExieDK	16842	
	MrF33z7	18099	
	MrFeelGood		267142
	MrFox	218	
	MrFraudster	22068	
	MrFreeman	6573	
	MrFrosty		21070
	MrFuzzyBoy	27398	
	MrGTP	15939	
	MrGoof	28735	
	MrGr33n	9550	
	MrGray	2879	
	MrGreenFingers	30470	
	MrGreenLantern	32605	
	MrHamaza	16827	
	MrHappy2014	13981	
	MrHappyCamper	38857	
	MrHazelnut	35671	
	MrHazlo	23422	
	MrHobbs	32281	
	MrHuckle	3011	
	MrInvestor		125885
	MrJoshua	14226	
	MrKing	7650	
	MrKnistar	12040	
	MrKrabs	12066	
	MrKv	13047	
	MrLevamisole	26256	
	MrLewis		214710
	MrLion	12255	
	MrLister	18930	
	MrLonokai	27099	
	MrLove	11890	
	MrMackeyEssays		18126
	MrMaes	24412	
	MrMan58	37886	
	MrMeandSon	22780	
	MrMeh	19584	
	MrMgoo	30059	
	MrMidnight		261270
	MrMolecule	12798	
	MrMudd	4634	
	MrMush1973	5050	
	MrMyagi	15196	
	MrNativa		38922
	MrNativa123	12866	
	MrNigga	27505	
	MrNoodles	21203	
	MrOldSchool	11985	
	MrOnionz	29376	
	MrPeterIckles	20544	
	MrPharmacist	8637	
	MrPhil	27266	
	MrPicklesC9	18325	
	MrPink86	3907	
	MrRed	35881	
	MrReeMan	35424	
	MrRushes	5679	
	MrSandman	3170	
	MrSaw	11612	
	MrScofield	10540	
	MrShrew	12579	
	MrSmith04	27427	
	MrSmoke	27593	
	MrStabber	1139	
	MrStoner	17357	
	MrSue		180549
	MrTea	5959	
	MrTibbsMama	20661	
	MrTickle	20085	
	MrVantaa		369587
	MrWaffles	27409	
	MrWhite		15398
	MrXTC	10354	
	MrXero	12661	
	MrXx3	1824	
	MrZorro911	17105	
	Mr_Coin	8590	
	Mr_E	20146	
	Mr_F	14373	
	Mr_Hammond	24558	
	Mr_K	14158	
	Mr_Roboto	6420	
	Mr_Sickness	2801	
	Mr_Weasley	39817	
	Mrak		40298
	MrandMrsShulgin	17765	
	Mrduckyson	3695	
	Mrfluff	1048	
	Mrmagoo456	18521	
	Mrmaljubav	34378	
	MrsSweden	36657	
	MrsWilson	10237	
	Mrtango	32215	
	Mrtrip11	33811	
	MsFifaDelAncho	2263	
	MsKaya		293094
	MsMuppet	32597	
	MsPeacock	3197	
	MsSnowBunny	17112	
	MsTr	7701	
	Msneeditnow1	3665	
	Mtuirkei	11008	
	Muddleobbs	20728	
	Mudkipmaster	29878	
	Mufflon12	22633	
	Muhammad	3893	
	MullMan	10802	
	Mullvado	28103	
	Mullvlad	2170	
	Multiversum		403295
	Muna12	26976	
	Munich33	5238	
	Muntedron	13166	
	Murat	19310	
	MurdaMischief		380
	MurderPorn		200145
	Murderface	26271	
	MurdoK	6542	
	Murdoc	38357	
	MurphyEvo	23505	
	Musasi	10083	
	MushBud		17514
	MushGoo	2471	
	MushroomBear	7829	
	MushroomMan		12725
	MusicKing	18783	
	Musko	10257	
	Mustards007	23098	
	Mutenroshi	13621	
	MxJryKt	34888	
	MxMx	28957	
	Mxgucci25	6401	
	MyBusCount	22593	
	MyChoice	15467	
	MyDoom	3381	
	MyEmpire	23097	
	MyEvoDrugAccount	19270	
	MyFaceBurns	19372	
	MyOwnMagic	1930	
	MyScarface	20176	
	MyStruggle	37037	
	MylittleKony	21484	
	Mymilka	12372	
	Myrmidon	657	
	MysteryMake2		20322
	MysteryXRT	7710	
	Mystery_Train	22691	
	Mysterycode	116	
	Mysterytor	23141	
	MysticMad	13971	
	Mystre	16630	
	MythicOrange	3090	
	Myuubi	6852	
	Myyeezy	9541	
	MzAdrienne	4039	
	N-E-T-R-O	11157	
	N-iikii	9758	
	N-rG	12314	
	N00bman1	5157	
	N01an	26423	
	N0brainz	27514	
	N0dz151	34359	
	N30TEK	2135	
	N3BUL4K	33035	
	N3bula	10060	
	NANord	10896	
	NATUREALCHEMIST	2514	
	NCM1	26715	
	NET_WT_1000G	29612	
	NEWWORLD	19946	
	NFL0001	7832	
	NFL0002	8134	
	NIPz	34008	
	NISARGADATTA	24797	
	NL777	26085	
	NLshop		177052
	NMJIBZ	404	
	NNhyperion	21776	
	NO-99	38880	
	NOCTURN4L		235919
	NODDY		19655
	NOT_LE	17989	
	NPRPT	22629	
	NSFWgirl	37502	
	NTM93	503	
	NWconcentrates		292138
	NXTLEVEL		394141
	NZonly		101977
	N_S_Z	20977	
	Na0ki	39723	
	NachoPerez	27270	
	Nagasexy	18131	
	NahHULLZagz	7905	
	NaijceiksOdsAggi	12283	
	Nakamoto173	36557	
	Nakamoto77	28496	
	NakedGhost	21969	
	NamastayInBed	36253	
	Nameframe	21856	
	Namefull	13032	
	NamesRango227		8014
	Nandose	22714	
	Nandoses	6100	
	Nanhsian	6622	
	Nanners	38529	
	NanoByteCluster	15802	
	Napalm911	8813	
	NapoleonCat	2610	
	Napolitano	32887	
	Napoléon	2464	
	Narcotalot		42375
	Narcotic015	34569	
	NarcoticsAnon		87364
	Nargx	35716	
	Nasdarovia	27995	
	Nassna	10049	
	NastyNate	21614	
	NastyNazi	7366	
	NastyPlayer	24755	
	NatasataN	28136	
	Nate	6629	
	Nate888	11252	
	NateX	26033	
	Nathan1	27579	
	NationCuntZ	39430	
	Natisk	18057	
	NatsuD	31838	
	NattyEarth	8185	
	NaturalAmerican	38933	
	NatureBoyWHOOO	15200	
	NavyDude	10672	
	Nazdot	38488	
	Ncg1100	30623	
	Ndrangheta	10554	
	Ne0macer	4831	
	NeCCtMovement	15107	
	Nebelung	24536	
	Nebro		37622
	NeckBeard	12036	
	NedFLOOd73	4033	
	NeedForWeed		17342
	Nefario	4114	
	Negress	15535	
	Neitinokkonen	27125	
	NelsonBarryna	39702	
	Nem47esi7	7646	
	NeoRage	20776	
	Neomax	38524	
	Neon	9261	
	Nepavlique	26393	
	Nero	2748	
	Nero2000	10330	
	Nerusix		21571
	Neskio	6090	
	Nessus	17962	
	Neta	6254	
	NeuroShine		373327
	NeverEndingStory	24375	
	NeverSayDie	28288	
	Neveracidagain	31683	
	Nevermore	20638	
	NewCannon	3729	
	NewToAllDis	32914	
	NewYorkEntrprise		24675
	Newagemedia	12317	
	Newlife2015	38245	
	NexViolentus	20138	
	Nexdp	29443	
	Nexm8	25817	
	Nexus-6	9712	
	NgGyU89	33155	
	Nibho	39828	
	Nic0	26411	
	NiceGuy2	33247	
	NicestTea	34317	
	NickDiaz	9996	
	NickNik	30573	
	NickRivers	23004	
	Nickdon	9406	
	Nickynick7233	39523	
	NicoFraudApe	36772	
	NicolasSap	6004	
	Nicole64	30048	
	Nidlenidle	12546	
	Nies0	8078	
	Nigguhnig404	14839	
	Night	5985	
	NightFission	12550	
	NightOwl-AU		234504
	NightProwler	8927	
	NightRider007	5512	
	Nightlite	30769	
	Nightmare1		32295
	Nightmare69		34704
	Nightshader	18572	
	Nigtrio	35605	
	Nikitskiy	11443	
	Niksem	2050	
	Niles	39573	
	Nimibini	16177	
	Ninja187	12462	
	Ninja6R	28013	
	NinjaFlower	6412	
	Ninjaspe	10650	
	Ninjazzz5	21875	
	NinoBrunz	29629	
	NipplesGalore	15434	
	Nippys		13837
	Niqua	19637	
	NirvanaBitch	15275	
	NirvanaYY	2136	
	Nivek666	28153	
	Nivek75	38255	
	Nixx	31439	
	Nizza100	4574	
	Nnbcjbjo	26112	
	No10	23681	
	No4all	30002	
	NoBrain	3318	
	NoBullShit	15478	
	NoCheer	12364	
	NoCover	28442	
	NoDramaLlama	22154	
	NoGovernment		55722
	NoName321	17709	
	NoNeed	33343	
	NoPaypaTrayL	4942	
	NoQuarter91	13297	
	NoRegrets1929	9647	
	NoRemorse	24846	
	NoSignal	30971	
	NoStress		142488
	NoUseForAName45	30986	
	Noady	223	
	Nobility		143294
	Nobita	15313	
	Nobody11	2070	
	Noddy2014	9019	
	Nodnowinaus		10533
	Nofourwhore	32184	
	Noided	770	
	Noisse	30783	
	Noiz12	10884	
	Nok14	11832	
	NolaSpitter	26597	
	Nolookpass	33368	
	Nomad2nd	11633	
	NomadBloodbath	19356	
	Nomedazepam	10322	
	NonNotus	4248	
	Nono9	1372	
	Nono9-2		24481
	Nono99	10905	
	Nonyafuckaz	34917	
	Noodlemaker	17153	
	Noodles55	19918	
	Nootraceutica	23244	
	Nopaindoc		29937
	Noppe	28988	
	NorCoKing492		288015
	NorE	21001	
	NoraD9	26558	
	Norcohol	7488	
	Nord	23529	
	NordicEnt	13208	
	Norge2	16230	
	Noriega007	10441	
	Norko	7219	
	Norrick	35695	
	NortRadical	34873	
	North3rnWild	7807	
	NorthIkea1856	26515	
	Nostromo	16743	
	Nosurrender1	6691	
	Noswag	843	
	NotBlakeBenthall	29509	
	NotJohn7	8463	
	NotSoLittleBigs	17397	
	NotSure15	27998	
	NotSuspicious	11584	
	Not_Panacea	12146	
	Note		1940
	Notes		3693
	Nothingspecial	11452	
	NotorietyBIG	8694	
	Notorious	2505	
	Notorix	30134	
	Nouters	6501	
	Novi7	8597	
	Nrg3375	7390	
	Nthenje01	18316	
	Nu11	6904	
	NuTr0n8	11073	
	Nucking_Futs	33523	
	NuevoCapone	32513	
	Nugster	34865	
	NuitDeReve	29622	
	Nukemarine	30193	
	NulledByJesus		4087
	Numb	25868	
	Numinosum	23190	
	Numismatics		290649
	NutterbutterTA	6909	
	Nvxx	28869	
	Nyle	5262	
	NyteRyder	26507	
	Nyvkroft	18000	
	OBDriftwood	21128	
	OBStoner	29697	
	OG2014	26152	
	OGMagii	1526	
	OG_Neckbeard	16095	
	OK231		262362
	OKTDEZ	32095	
	OMG-	5229	
	OMGaNewAge	10638	
	OMNIOG	25987	
	OMTV	29446	
	OPsecMaster	22142	
	ORIGINSUITE	22857	
	ORLZZZZ	14870	
	OUTBACKoutLAW	19604	
	OUTLAWMIND	5111	
	OZBOSS		93574
	O_Javali	24757	
	OakTree	4680	
	Oakleopard	36397	
	Oase	12522	
	Obama	969	
	ObamaCare	2550	
	Oberfeelwebel	8648	
	Obscrow	11651	
	Observer12345678	10041	
	Observer3U	9379	
	OceanGrown	8576	
	OceanKid	7735	
	Ochup	6547	
	Octo		41094
	Odball	33504	
	Oddball		255527
	Oddworld		7659
	Odetopsy	2422	
	Oedipussy	7160	
	OffPeak	23612	
	Offey	18847	
	OfficerBarbrady	28232	
	OfficerJunior	27126	
	Ofiacos	14339	
	OhYeah	7893	
	Ohionio	33797	
	Oil-Pot		275038
	OilBunny	24768	
	Oilbounce	11610	
	OkThen	57	
	OkayImReloading	28290	
	OldBill	35337	
	OldDirtybastard	11918	
	OldFredYam	20939	
	OldManWinter	34338	
	Old_Stoner1967	7986	
	OldschooI	5917	
	OlegTrapesteba	37409	
	Oliver123	11325	
	OliverQueen24	4944	
	Ollivanders	32781	
	Omar87	13876	
	OmarComing	19121	
	Omega&sup2;		380757
	Omega2513		17332
	Omega²	35633	
	Omertaman	10405	
	Omicron	7400	
	Omniscient	29883	
	OmoyaLL	7822	
	OnTheNod	23807	
	Ondruschka	3512	
	OneKing		100020
	OneLineAndWasted	18595	
	OneLoveOneHeart	30738	
	OneTwoThreeFour	28284	
	OneWithTheLAVA	7474	
	Oneclamp	28770	
	Onemoretime	9572	
	OnionC	16021	
	OnionChef	33348	
	OnionCola	24098	
	OnionEater	21051	
	OnionLaw	8572	
	OnionTears	15697	
	Oniontor122	280	
	OnlyBrowsing	21888	
	OnlyGoodStuff	4374	
	OnlyHuman18	24729	
	OnlyPills	23553	
	OnlyPure		112805
	OnlySmokeLoud	24406	
	OnlySourceHere	35071	
	Onyxboy	36913	
	Oo-Lulu-oO	14068	
	Op40	8846	
	OpenArea	7758	
	Opensources	13382	
	Operator	32062	
	Operator_1		228475
	OpioidGod		65887
	OpiumPoppy	15350	
	Opixpo353	32234	
	OprahWinfrey	36286	
	OptiNev	13678	
	Optic	6749	
	Optimal	1390	
	Optimum_Cannabis		194738
	OptimusZero	17078	
	Opulence	29527	
	Orange132	22827	
	OrangeGoblin	15214	
	OrangeHill		202065
	OrangeInc		22068
	Orax	9988	
	Ordinarydude	14976	
	Organic	14936	
	OrganicLabs	27626	
	OrganizedKrime15	36259	
	Orgazmo	3917	
	Origami	7538	
	Orinoco123	29559	
	Orlando	11754	
	Ornstein	9408	
	Orphan85	18960	
	Ortiz	39028	
	Orwell	21434	
	Orwen	16274	
	Osario	4675	
	OsborneCox	37395	
	Oscar_Wild	12362	
	Oscor	3293	
	Osiris	10870	
	Osirus	30543	
	OsoarrogantJin	8633	
	Osprey798	27043	
	Ottocrates	21200	
	Outerzone01	33637	
	Outlet	7054	
	Outpost420		402777
	OverClock	6385	
	Overdrive642	22226	
	Overwatter	2841	
	Ovious	27167	
	Owsley_Stanley		128405
	Oxii	6961	
	Oxsidehd	14044	
	OxyContinuously	12519	
	Oxydium	13962	
	Oxypower	15669	
	Oz-Store		220275
	Oz-storeEVO		241811
	OzAlpha		14987
	OzBenzo		204292
	OzBud		403620
	OzBushRangerNed	5944	
	OzDRUGSinc	2938	
	OzFreelancer	25671	
	OzGrow		22128
	OzJuice		63891
	OzVEGAS		204029
	OzVendor		38403
	Ozdeliver	19972	
	Ozone	10348	
	OzymandiasPharma		74796
	Ozymandias_123	8749	
	OzzyDealsDirect		220862
	OzzyTrex	33359	
	P-E-N-D-U-L-I-M	10521	
	P1pipCo	9817	
	PACLUF	8266	
	PARACODIN	35225	
	PATHFIND3R	19028	
	PATRICHKOF	7402	
	PCPCore	35670	
	PEA_King		20705
	PENNIESpirate	22292	
	PEN_MAN66	30989	
	PERCYP	32284	
	PEREGAR	31544	
	PGTIPS	13055	
	PHTeam	12514	
	PISTIS		301551
	PITCHBLACK	10953	
	POGATIOUS	38115	
	POIUY	8218	
	POMPOM	9345	
	POrnOSEX	14848	
	PPA4sale		1530
	PPDPPD	18872	
	PPExpert2	15721	
	PPKingJr	16815	
	PPallday		21849
	PPking	28476	
	PPkingmtl	29783	
	PPmasta	28613	
	PPtransfer	2225	
	PPtransfers	34255	
	PR256211	9369	
	PR4D3T0R	19914	
	PROfessor	6263	
	PS6090	34085	
	PSINAEV	8501	
	PSJSJ	10724	
	PTSDsufferer	28593	
	PU3BL0	18813	
	PVEjol	20205	
	PWHQ	24715	
	PXTC	16216	
	PYGMY	36067	
	PYOTR	13226	
	PabPicasso	38025	
	PabloEscobar00	2158	
	Pabloescobar11	6874	
	Pablooo	2526	
	PacMan6	5626	
	PaccGhost	17233	
	PacificGrown		322651
	Pack-9	28871	
	Pacman	1740	
	PacoEatAss	11381	
	Paddle-it	28273	
	Pageler	2100	
	PagodAko	12802	
	Pahoenix	33211	
	Paladin	3600	
	PalavatSetit		305217
	Pally	5544	
	PalmEviction	29974	
	Pancrecio	25862	
	Panda1787	4350	
	PandoraHope	3307	
	PantyHoes	8083	
	Paodebatata	3994	
	Papa1v	11878	
	PapaLima	1270	
	PapaLoin		243296
	PapaSam	28356	
	PaperChase1970	18386	
	PaperChaser	2442	
	PaperRoll	24420	
	PaperWork	20791	
	Paperz	23793	
	PapiPapi	1029	
	Paradoco	27366	
	Parce	31769	
	ParcoVerde	30200	
	ParisHeart	38456	
	ParkwayHustla	11694	
	Parme1946	26646	
	ParrotFish		146500
	Parry	8668	
	PartyAnimal	23856	
	PartyPat	24209	
	PartyProvider	22341	
	Pascoli	26525	
	PassConnection		130724
	Passa	13026	
	Passingas		130251
	Passion-Pop	19802	
	PassiveOperator	30468	
	Pastachout	31712	
	Pastore27	5025	
	Patachon	21266	
	PathWayTo	18452	
	Pathros440	32845	
	Patient85	36655	
	PatrickBateman	13316	
	Patrik_B8man	17121	
	Patt	13623	
	Pattybrad	10400	
	PaulBismuth	8346	
	Paulisto82	26373	
	Paulkelly	3216	
	PaulsReviews	19275	
	Pauly20	25724	
	Pauly30		17862
	Paupar18	33294	
	Paushki	33465	
	PaydayWolf	9128	
	PaypalPlanet	14116	
	PaypalToCash	30380	
	PeJoGj	36241	
	PeaceFrog		3212
	PeaceGovernor	9466	
	PeaceOfYourMind	39520	
	PeaceUnderATree	19665	
	PeachyBear	7508	
	Peachysmom	5194	
	PeakMill50	13320	
	PeanutButter		1876
	PeanutM-M	21654	
	PearsonLizz	12711	
	Pebsek	568	
	Pedabanks	24478	
	Pedritovv	31319	
	Pedro12345	9202	
	PeeDiggz	5231	
	PeeWeeHerman	23713	
	Peeeeeeach	21485	
	Peepeeman	17452	
	PeetsCoffee	14462	
	PeetyPablo	3238	
	Pelgrim	11822	
	Pempire	24127	
	PenNose	13832	
	Penang	2993	
	Pendergast		354230
	Pendulum45	8449	
	PenguinDealer	20797	
	PepsiMax01	28736	
	PeptoBismal	13679	
	Perfectday	25226	
	Perierkkkk	12892	
	Perkins	7081	
	Permacolor	22903	
	PerpetualTourist	863	
	Perro-Negro	13085	
	Persephone		186957
	Pestana	12418	
	PetDetective	6292	
	Petch1		224050
	PeteWentz	15792	
	Peter222Parker	12839	
	PeterHarris	9073	
	PeterKliner	19558	
	PeterMaskman	5949	
	PeterPan79	18455	
	Peterlustig	164	
	Peterpanstrikes	17920	
	Peterparker	3150	
	Peterse	2072	
	Petoria25	4342	
	PetrePan	18128	
	PewPewLasers	2677	
	PeytonnMannning	18870	
	Pflegerin		183020
	PforPussyorPanca	12301	
	Ph0eN1X	6513	
	Phaedrus1	10590	
	Phanja	14434	
	PhantomAngel	28891	
	PhantomBlot	37579	
	Pharcyde	5905	
	PharmChemLab	5931	
	PharmChemLilly	6423	
	PharmaCarma		372547
	Pharmacotheon	23328	
	PharmacyPowder		17513
	Pharmacy_U		191945
	Pharmak1ng	33928	
	Pharmakos	12675	
	PharmerJohn	25180	
	Pharmselect		20900
	Phenex	8289	
	Philip	660	
	PhillipFry	750	
	Phillipjfry	21853	
	Phineasandferb	21079	
	PhisherMan	22457	
	PhoenixGermany		343086
	Phrankster	28576	
	Phromy	25491	
	Phub8	12846	
	PhuckedUp	25643	
	PhyishNet	20694	
	PhyllisDiller	19663	
	PiazzaAlimonda2	4649	
	Picasso2		2819
	Pictus_2013	27460	
	PierinoLaPeste		38074
	Pietro-magliana	8238	
	Pietro-magliana2	18617	
	PigBacon	27392	
	PigCop	33639	
	PigLatin	32679	
	Pigpocket	37187	
	PikachuZoo	31917	
	Pikajew	23549	
	Pikard22	21698	
	PilgrimReaper	13798	
	PillBilly	7638	
	PillCompany		3463
	PillTex	22846	
	PillerpusherSWE		200488
	Pillhead	12341	
	PillsBillsPills	31234	
	Pillsknfun96	10754	
	Pillzfever	34897	
	Pimok	13992	
	PinPoint	33793	
	Pineapleexpress	29132	
	PineappleLove	4056	
	Pineapples	6101	
	PinkElephant	39259	
	PinkFloyd86	30999	
	PinkFox	1083	
	PinkMoney	29057	
	PinkPant	18509	
	PinkXannies	39166	
	Pinkcarpetjack	25043	
	Pinkfloyd1987	23061	
	Pinkturtle	10453	
	Pip-Girl	27895	
	PippinAintEasy	38579	
	Pippins	22384	
	PiraThe	10205	
	PirateDee	18915	
	PirateJBM	14861	
	PirateOfMercurio	16034	
	Piupiubarneymag	20496	
	Pixarsully	5845	
	Pixiedust88	12955	
	PizzaGoGo	8304	
	Pizzayum23	35020	
	PlagueKiller	2712	
	PlainBlue	19308	
	PlainShirts		20104
	Plaindockdbtech	21508	
	PlanetDesire	13811	
	Plankster	10093	
	Plant1	12503	
	PlantsAndAnimals	37909	
	Plasmaman	4328	
	Plasmaplatelover	36580	
	PlasticDog	39724	
	Plat0	6388	
	Platanitus	3164	
	PlatinumCheshire		9115
	PlatinumLorax	3535	
	PlatinumStandard		118015
	Plato2012	22460	
	Plent1949		14377
	Plesk	36418	
	PlodsTromp	4227	
	Plostorbuken	5523	
	Plower1290	23542	
	PlunderinPete	24742	
	Pocketsout	10735	
	PofithO	14813	
	Pointi	12896	
	Poker	13769	
	PokerFace	4839	
	PokerKingMan	31642	
	PolandCrew		382566
	PolarBearRainGod	22809	
	PolarIgatord	14842	
	PolarRabbit	16117	
	PoliceOfficerMax	1123	
	PollosHermanos	15983	
	PollosPollos	19467	
	PollyPocket	20740	
	Polymath	8220	
	PonPow	23428	
	PonceOnPoint	13840	
	Pooch	8456	
	Poodz1994	28709	
	Poolside	16932	
	PooperFrog	34674	
	Poopoopachoo	17850	
	Poopsinwoods	17395	
	Pootang101	32908	
	PopcornSeller		4417
	PopeyePopped	13797	
	Pophip35	25292	
	Porksoupdumpling	38203	
	Pornanddrugs	22031	
	PortPass	1881	
	Porter	7218	
	Portico4tET	20439	
	Portland12	19956	
	Poska	21104	
	Posner	4209	
	PostmanPot	439	
	Postmaster	2265	
	PotatoerDude	32955	
	Potatofingers	21919	
	PotterPills	32337	
	Poulinos	26691	
	PowerBims	4890	
	PowerBit	2108	
	PowerCell	28523	
	PowerNostril	34620	
	Powerbat22	32807	
	Powerkiwi	33839	
	Powerman		7733
	PpAst3Jt	39397	
	Pr0fess0r	32587	
	Pr0jection	27758	
	Pradasung	25002	
	PrastaraMajka	5530	
	Pray4U	28406	
	Prayforpills	9668	
	Precursor-Sultan		96164
	Pregiggles		41832
	PremSeller	10469	
	Press2Play	11430	
	Prevent_Fraud	27114	
	Prezputtin	19686	
	PriceCrack	38158	
	Prilli	29428	
	Prime	911	
	Prime1		17091
	PrimoScante		28362
	PrinceOfPersia	26296	
	Prince_Oberyn	9135	
	PrincessDonette	34499	
	PrincessMorgan	3839	
	PrintsDuft	28867	
	Priva	35972	
	PrivateVariable	31536	
	ProCC	9674	
	ProLox	27484	
	ProPharma		236072
	ProXorP	29939	
	Procarder416	30982	
	ProductionLinz	13694	
	Prof	1801	
	Prof-Dr		397709
	ProfSells		3718
	ProfessorBitcorn	27268	
	ProfessorBlunt		231976
	ProfessorProton	34106	
	ProfessoriU		385473
	ProfiJack	12808	
	Progear		173325
	Project_US	13236	
	Projektil	6151	
	Prometheus12	6663	
	Promokia	9205	
	Prone7	4129	
	Prospect3	11419	
	ProteanDream	10722	
	Proteus	14797	
	Protoman	14372	
	PrototypeHuman	24197	
	Proud-Pink-Panda	26147	
	Proup1000	1088	
	Prov	35535	
	Proximity	10824	
	ProxyFox	7220	
	PseudoGod	28834	
	PsiloManufacture		107465
	Psilocin	14958	
	PsilocinBear	10852	
	PsyLeprechaun	13463	
	PsyLove	31797	
	PsyShop		193452
	Psychedelia1969	35482	
	Psychedelic-CD	7394	
	PsychedelicSissy	12406	
	PsychedelicState	22051	
	PsychedelicToad	8614	
	Psychedelicate	31464	
	Psychodiz	23656	
	Psychonout	9829	
	Psychopomp	2552	
	PsychoticFeeling	27855	
	Psydank	17762	
	Psygnosis	4068	
	Psyth	15810	
	Psytraveller	30968	
	Pudster376	39819	
	Puffaddy		20428
	Puffthejays	6907	
	Puma100	16409	
	PumpkinGrey	25630	
	Pumpkinz	13605	
	Punisher80	1019	
	Pure	9142	
	PureBritishCash	39404	
	PureGreen	22874	
	PureNature	4280	
	Puredextro	36376	
	Purekilla99		5860
	Purgate	3331	
	Purgate	8496	
	Purifier	17215	
	Purple99	20210	
	PurpleBacon	6321	
	PurpleCarArms	13092	
	PurpleChemist	7106	
	PurpleDaze	15453	
	PurpleFusion	29763	
	PurpleG	24124	
	Purpoui	27104	
	Pushin_On	34390	
	PussyCrust	30390	
	Putalocker	32130	
	Putart	1821	
	PutininParis	26429	
	PwnCast	1939	
	Pxel	3635	
	Pyromainiac	33066	
	Pyroman79		407701
	Python	17826	
	Python2000	8795	
	Pythonic	27568	
	Q-Q-	9977	
	Q4-pz9	14536	
	QBusiness	38346	
	QM_Soultions	27166	
	QP-Master		116468
	QUALITYHYDROBUD		75175
	QWERTYUIOP	34066	
	QWHANT	2165	
	Qadmt	11744	
	Qarty	3034	
	Qas2k9	38509	
	Qdsffd	15963	
	Qoaxkb	12157	
	QrWoBrJV	32794	
	QtEt	1144	
	Quackdduck	20095	
	QualityKing		2883
	QualityMedicine		14964
	QuantumCo	23622	
	QuantumofSolace	24880	
	Quarkz	2579	
	Quastor	30281	
	Quattro	15091	
	Quazzap	14399	
	Qubit	22618	
	Queed	18349	
	QueenEzra1	2573	
	Queenpenelope184	15233	
	Quen	35308	
	Quexote	4558	
	QuiGonWiseElf	14358	
	Quick-Fixer	11048	
	Quick2Ship		155146
	QuickSilverHawk	37655	
	Quickcards4u	2722	
	Quickcleaner	4077	
	Quickconnect	15812	
	Quicktemplates		12128
	QuietAmerican	12151	
	QuietPro	19516	
	QuietShh	9654	
	QuikSilver	16789	
	QuintinPayan	25673	
	Quinto	14660	
	QuoVadis	22947	
	Quorra	37303	
	Qurrito	1651	
	QwertyBird7798	24697	
	QwertyBoy	23445	
	Qwop	976	
	R-3XxX456	33209	
	R0binh00d	12746	
	R1CKJ4MES	35801	
	R1CKJAMEZ	18426	
	R1MILLION	7120	
	R33L	2016	
	R3BEL_H4CK3R	36712	
	R3QUI3M11	4546	
	R3gulz		218253
	R3hab	37613	
	R514	24709	
	R9i2jk01a	6591	
	R9snNfb4C9M5wh	11085	
	RB32	2568	
	RBC-RedBull	31190	
	REAL_DEAL	574	
	REALtopseckrit	12729	
	REDF0X	36803	
	REDJOHN25	24468	
	REDTAIL1978	3741	
	RGHLMNQ	7485	
	RICH	13194	
	RIP-Robert-Stack		36494
	RMBSPMC	9962	
	RMEDRMED	23104	
	RNSB	13732	
	RODFLOW	14524	
	RReddington	5485	
	RSCyberGhost	23738	
	RUNDMT	25350	
	RUSSIA	14020	
	RUTHLESS666	25230	
	RVXC2	27970	
	Raay	20866	
	RabaDab	28501	
	Rabbitoh	10786	
	Racerx	1706	
	Rackarn	8497	
	RacksonRacks	3550	
	RadiantFalmer	10808	
	RadicalRobot	12388	
	Radius2000	20461	
	Radon	5880	
	Radon_QQ	23551	
	Rafael001	11955	
	Rafael101	25636	
	Raffarin	27173	
	RagingRhino	2118	
	Ragnaor_Lothbrok	9824	
	RagnarLodbrok		137419
	Ragnarok	2123	
	Ragnarokrona	38750	
	Raiders20	27951	
	Raigon04	4541	
	RaikageThunder	12709	
	RailYourMail		241992
	RainHover	24690	
	RainMoney	31219	
	RainSun	520	
	RainbowStylin	6002	
	Rainman_NL	18327	
	Rainstorm122	11337	
	Rainygarden002	23348	
	Rake	2435	
	Raku2121	38636	
	Ralfess	22481	
	RalphLauren	9527	
	Ralpher01	7894	
	Ralphsmith1964	29537	
	Ramned	12478	
	RamonYCajal	8556	
	Ramphix	2962	
	RanBleach	24563	
	RandaleD	10132	
	RandallRaynes	17383	
	Rando953	17429	
	RandoTrynaScore	30196	
	RandomAssAccount	34699	
	RandomD	13599	
	RandomDude2	5756	
	RandomNigger	690	
	RandomPotHead	26071	
	RandomVox	10122	
	Randy	6205	
	RandyMar5h	32487	
	RandyMarsh	101	
	RandyMarshFTD83	16740	
	Rantnonsense	13040	
	Ranxerox	7006	
	Raoul	6543	
	RaoulDuke747	29016	
	RapeMe	258	
	Raptor6	21473	
	Rapture	1281	
	Rareinfo	12684	
	Rasclat	38042	
	Rasella	19890	
	Rashid	19322	
	Rasp	6586	
	Rasta27	34480	
	Rasterized112	23616	
	Ratko	9845	
	Ratnik	38460	
	RatonAncestral	7094	
	RatsAndLevers	31291	
	Ratshid	5058	
	RaukDule	29534	
	Rauvolfia	9524	
	Rav4	35841	
	RaverKid	26389	
	Ravingmad	28849	
	Rawmist	12129	
	Rawn1983	17998	
	RayReddington55	35728	
	RaySweeney	36954	
	Raybanman	11518	
	Raydeoh	24225	
	Raylewis33	11108	
	RaymondKeen	13780	
	Rayven	2763	
	Raz0r	5033	
	Razorspyne	7468	
	Razx19	14303	
	Rchee	27773	
	Rdukelsd	14377	
	ReDShifT780	22720	
	ReL0AD		46198
	ReSu7	18042	
	Reactoher	812	
	Reader38	28122	
	ReadyToGo	27040	
	RealBigGuy	19648	
	RealC	3932	
	RealDope		96934
	RealDrMDA	2319	
	RealNevita		24096
	RealThunderbolt	39049	
	Realist_1	13141	
	Realtalk467	25687	
	Reaper	251	
	Reaver	625	
	RebelLanes	4981	
	Rebels		1721
	Rebulation	35355	
	RecConscious		23961
	Recipe22	10664	
	Recruitzero	33161	
	Rectanbui	30847	
	RedArmy	19254	
	RedBeard	6331	
	RedBeard80	21318	
	RedBull101	12144	
	RedBullCompany		134137
	RedBullFan	33214	
	RedCrossAU		7507
	RedEyeJoe	9497	
	RedEyeN	8657	
	RedGiant	29898	
	RedHead32	8513	
	RedLeader	4790	
	RedMonkey90	8769	
	RedMount	4599	
	RedNight		170183
	RedPepper	7371	
	RedPirateBuys	30863	
	RedReddington	14269	
	RedReign	13036	
	RedRidingHood	11913	
	RedRosa	31360	
	RedUnicorn	25122	
	Redbonner	24387	
	Redbulle	5167	
	Redcap	12204	
	Reddington	8378	
	Redeye_swe		197142
	Redg	25007	
	Redlights	10835	
	RedlineMatrix	25952	
	Rednek	5070	
	Redscreen	12717	
	Redsickly224	25998	
	Redwinner	1418	
	Reedeel	27919	
	ReeferMadness420	35186	
	Reflex	13189	
	RefundAmazon	17131	
	Reggi	1319	
	Reggiebulldog	29000	
	RegularGuy	24278	
	Regus89	114	
	RehditJauhot		82237
	ReinerWahnsinn		166208
	Reit1946	38888	
	Rekcuf_Rehtom	17310	
	Remdiv8	37292	
	Rempulse	814	
	RenatoVato	34843	
	RepAAA		60797
	Repp123	11398	
	Republic		55103
	Resbihack	2824	
	ResearchChems		1736
	Resistor	8349	
	Retard	34076	
	RetiredBlackhat	3024	
	RetiredNinja	31262	
	Rettich	19219	
	Returnal	14150	
	Revamp	17282	
	Revedere	8056	
	Reviewer	3134	
	Revivalry		1998
	Revolt		7529
	RevoltWithMe	9150	
	RexDecebal	20832	
	Rex_Banner	7670	
	RezNOIR	8833	
	Rhadoscht	1022	
	Rhea	6313	
	Rhinoceronte	18289	
	Rhovanion	19646	
	RiVolumesCh	35329	
	RibWoc	1433	
	Ribena	6991	
	RichA19	10989	
	RichPorter	14258	
	Rich_Porter1	35813	
	RichieRich1	35647	
	Richtofen	11083	
	Rick56455	16291	
	Rickster14	9027	
	Ricky	146	
	Ricky-Spanish	198	
	RickyWilliams710	13713	
	Ricter49	35078	
	Riggel	8924	
	Riggles	8037	
	RightBrain	10868	
	RightWorld	21507	
	Righteous		55767
	Riker123	5767	
	RikiOh	6453	
	Rikkamas	19554	
	RinLee	29315	
	Rino-eye	30781	
	Rinozerus-ATEK	15221	
	Rio231	5773	
	Ripcurl	23369	
	RiseToFred	9239	
	Risky234	22269	
	Ritakinet		26790
	Ritalin4sale		223517
	River312	5776	
	RiverCharles14	5431	
	Rizfixer	13379	
	Rizzuto	11168	
	Rjgear	36274	
	Rn_3npVrxE	12972	
	Rnd158	10605	
	Rnmik	2390	
	RnySndKilledMe	24841	
	Roasty	22802	
	Rob1nH00d3r	540	
	RobGee	1159	
	RobberBob	13993	
	Robbie323	5777	
	RobbyRoberts	39350	
	Robdonnell504	34364	
	Robert444	5783	
	Robert5283	7000	
	RobertD	37939	
	RobertDare	20230	
	RobertGreene	19711	
	RobertHouse38	30223	
	Robin523	5787	
	RobinGood	36089	
	RoboticVegetable	28697	
	Roccat21	3106	
	Rocco555	5788	
	RoccoA	21639	
	RoccoSiffredi	23772	
	RochesterVIllian	3055	
	RockStar22		327209
	RockoSocko	16633	
	Rocky2015	29494	
	Rocky612	5789	
	RockyBalboa420	23492	
	RockyEVO	14227	
	RockyMtnHi	31287	
	RockyThunder	12988	
	RockyTop	4918	
	RodimusPrime	19135	
	RoeJogan	12170	
	RogerLeClerc	21052	
	RogerSmith	6492	
	Roggi	5972	
	RogueEntity	33410	
	Roh_Bomb	33760	
	Roistering	9878	
	Roisto_Reipas	38689	
	Rojito	21714	
	RokitKRK	21338	
	RolexUK	39382	
	Rollajoint	11862	
	RollerBlazer	14329	
	RollerCoaster	16332	
	RollingStoner67	33103	
	RollingTurd	7585	
	Rollinggears1	30391	
	Rollingstones		41639
	RolloTomasi	11026	
	Rolly123	33197	
	RomaniaConnect		40675
	Romanower	32208	
	Romanus	5957	
	Romer13	27303	
	Romi123	35277	
	Romys	4601	
	RonJermey	10706	
	RonSwanson		25192
	Ron_Burgundy	294	
	RonaldBiggs		286817
	RonaldRaygun	30198	
	RonaldReagon		116365
	RonflexDnB	33281	
	Ronnypalmies	6867	
	Ronnythebull	38604	
	Ronpline	6912	
	Roodborstje	35152	
	Roodog	25546	
	Rookie483	4537	
	Room451	26122	
	Rooster1		173667
	Roostermix	11377	
	Rorschach37	9526	
	Rosalie	11785	
	RosemaryTOR	31554	
	RosesGarden		137095
	Roskilderen	38692	
	RossGellar83	34015	
	Rosseforp	34190	
	RotaryMaster	36245	
	Rotator		255234
	Rotavele	17045	
	Rotschild	31298	
	RottenEggs88	24807	
	Roubaix	4699	
	Rouge	10693	
	RoyalMail-Update	24241	
	Royal_Mint	2271	
	Roye	28925	
	Roze00		22044
	Rozkami	20354	
	Rpm100100	8166	
	Rpsyko		232823
	Ru5hf0rd	22441	
	RubberBandit	27342	
	RubberDuck96	15153	
	RubyRedSlippers	30767	
	RubyUsb	16365	
	RuffLess	22251	
	RumAndRaisins	8515	
	Rumors	10694	
	Rumpelstiltskin		105508
	RumpledStiffSkin	3149	
	RunTheTrap	27092	
	Running2it	6846	
	Rupertbear	30621	
	Rus-Kongen		351085
	Rush88	6511	
	RussTell	35429	
	Russell007	4423	
	Russia91	28393	
	RussianHacker	24108	
	Rustafeller	10151	
	RustyCage	20452	
	Ruth	3423	
	Rweblancer	6099	
	Rxchemist2	13867	
	Ryadan-75	16652	
	Ryadoon69	31764	
	Ryan123B	31686	
	Rydo	13062	
	Rygel	5339	
	RykoShepard	15787	
	Ryukyn	6442	
	Ryuuken16	24603	
	S1gmund_Fraud	33674	
	S1llyGoose	28634	
	S4-ILYASS	17641	
	S800	23687	
	SANTACLAUS	15296	
	SAO_Survivor	19541	
	SATMANIUK	3036	
	SBD_07	8057	
	SBMrulz	4880	
	SD91	6595	
	SGS4	6730	
	SHADOWKERUBIN	1495	
	SHARKHAN	18218	
	SHZM	10090	
	SICKGRIMES	20841	
	SILENCE	5967	
	SILOPY	9529	
	SIeepForever	38984	
	SKPDrugs		395001
	SKULLFUCKER	9924	
	SKVLL	9318	
	SKYDARK3	17607	
	SKf85	13229	
	SNSCS	32767	
	SOCA	4557	
	SOUPERCAN	10550	
	SOrbss	20040	
	SPARTANLASER727	8048	
	SPD1000	14775	
	SPRT	25049	
	SR4WIN68	9117	
	SRDouglas	33586	
	SRIceIceIce	5252	
	SRLurker001	10925	
	SR_84	2324	
	SR_Old_Timer	30908	
	SSCF82	9020	
	SSDWarr0ir	35762	
	SSMario	12077	
	SSonofSSam	7704	
	STATIK	3640	
	STEYR	12513	
	SUP32	38719	
	SUPADOLF	37830	
	SUPREME33	23070	
	SVtzqy	11224	
	SWE666	22100	
	SWSDavey	25091	
	SW_Psychedelics		162827
	Saamba_Somberly	12448	
	Sacapunte	13150	
	SacapunteBuffle	5049	
	SacredGeometry	13826	
	Sadick		40370
	Safran		20724
	Safrania	31848	
	SaintJeff	33216	
	SaintManual	19620	
	SaintQuentin	26551	
	Saint_Symbiosis		38248
	Sakamoto-san	26707	
	Sakamura	22241	
	Sakaya	11928	
	Salem	262	
	SalesDirect		291658
	Salmiakki		275806
	SaltBass	13829	
	SaltyButtock	30920	
	SaltyPeppercorns	22110	
	Saludos	30268	
	SamFlynn	28966	
	Samadhi	27026	
	SamanthaBrown	39056	
	Samariel	1772	
	Samarium	37163	
	Sambuk	39457	
	Samdivine	22748	
	Samkin2	31336	
	Sammy5		24916
	SammyCoatesIII	34011	
	Samoxy	8671	
	SampleReviewer	29810	
	Samsam16	11071	
	Samson_Godson	37985	
	SamsoniteFlight	29852	
	SamsungLabtec	36305	
	Samsunk	25131	
	SanDiegoBS	34445	
	Sandra2044	9033	
	Sanfranbig	13090	
	Sansa	16996	
	Santa69	27008	
	SantaClaus69	34775	
	SantaClause	23852	
	SantaFromHell	18602	
	SantaMail		12948
	Santana	3981	
	SarahKerrigan	12374	
	SarahTonin69	18382	
	Sarahhhh	3526	
	Sarken	33874	
	Satire		49315
	Saton18	9305	
	Saul_Good	20432	
	Saul_Goodman	1609	
	Sauron	8014	
	SausageKeeper	16306	
	SavaGe974	15503	
	Savage_pipe	18407	
	Savaged221	31309	
	Savioso	10821	
	Saxton		43640
	Sayumabuza	8204	
	Sbourdet	20221	
	Sc00by	24417	
	Scallywag		16612
	ScamReport	6943	
	ScamWatch	33712	
	Scamazon	2110	
	Scammer	3692	
	Scammer_Vendors	8837	
	Scarface690	3830	
	Scarface_2014	28727	
	Scarletty	8184	
	ScaryCushion	8251	
	ScatBoyJones	1771	
	Scheynkine	33250	
	SchimmelPause	36348	
	Schizoaffective	35199	
	Schmodarich_Gabi	18190	
	Schneiderx	40	
	Schopenhauer64	37208	
	Schraanz	29711	
	Schubertooo	7192	
	Schumiii	34236	
	Schwanzpo	4364	
	Schweppes910	18348	
	Scientist229083	20864	
	Scimitar1	8066	
	Scocci	7866	
	Scooby		7916
	ScoobyJew	1058	
	ScoobySmoke	26010	
	ScoobySmokes67		191454
	Scoobzz	38938	
	Scoop128	39154	
	Scorchio1	18907	
	ScotWalker	7278	
	Scotch_Tape	34801	
	ScotlandYard	29707	
	Scottnervalu3	25290	
	Scourgeofgod11	26270	
	Scozzy	4621	
	Scr0tum	14030	
	ScreamMyName	19959	
	ScreamingMutes	8680	
	ScreechPowers	4308	
	Screwbie	9278	
	ScrewsL00se	16151	
	ScrewsL_CT	25141	
	ScrewsL_NJ	24449	
	Scullyno5	8792	
	Scum_Inc	18291	
	Sd22314	28387	
	SdriByrgnA	15891	
	SeaFalcon	16697	
	SeamusMcDooby	4692	
	SeaofGreen		320174
	Searchme101	10264	
	Season	357	
	SeatBeltMan	21979	
	SebastionShaw	9459	
	SecOp	34244	
	Secilons	2414	
	Second	6789	
	Secrecy	6946	
	Secretstore		205644
	Section	22898	
	Seejman	12691	
	SeinUndZeit	25704	
	Seipheroth2	18419	
	Sekt0r	3145	
	Self138	15427	
	SelfSovereignty	27218	
	SellGuides	39845	
	SellMyExcess	38805	
	Semiprof	21570	
	Semizias		1779
	SemperAgora	39785	
	Senaxi	4116	
	SeniorPurp	28689	
	Seniorcitizen	13388	
	SenorSwat	25559	
	SenseSauce	11392	
	SensitivityFIN		276099
	Sensory_Agonist	17109	
	Sentrilo	37007	
	Sephy546	32472	
	Septim	27507	
	Sergei	5640	
	Serotonin	11216	
	Serpentson	1549	
	SertoWerto	12750	
	Servilla96	29984	
	Servo	3738	
	Sesheta	38277	
	SethRollins	29360	
	Setter	34770	
	SevenOnine	28640	
	Sevyn	20192	
	SexDrugsCartoons	5376	
	SexiestBeard		32347
	Sextime	14732	
	Sgd-Stedenko	25495	
	ShabbaJoe	3657	
	ShabbaRanks		25522
	Shabnoord	9917	
	Shad0ws33k3r	7207	
	ShadowBorn	15059	
	ShadowFiend	18262	
	ShadowG1	191	
	ShadowRunner		388041
	ShadowSurfer2020	7515	
	Shadowdweller905	38348	
	Shadowhawken	31593	
	Shadowhunter	7061	
	ShadyLook	22187	
	ShadyMofo	24777	
	Shadyzm	8674	
	ShaggyShaman	13142	
	Shaggybud	39722	
	ShakkaWilliams	9724	
	Shamlah	851	
	Shamsinnix	20559	
	ShanghaiBoyz	29005	
	ShardKing		18640
	Shark0	17744	
	SharkHead	19364	
	SharkTank	7652	
	Sharkie	20084	
	Sharpie	9565	
	Shatter-Bee		272327
	ShawnKemp	35202	
	Shazadis	11833	
	Shee-un	8236	
	SheepShop		43231
	Shelby500	28228	
	Sheliaash	22487	
	ShellFishBastard	35190	
	Shephard	2667	
	Sherlock_Cones	35664	
	Sherrybaby	30449	
	Shewy	37440	
	Shhword	39784	
	ShimmyShimmy	6091	
	Shipwreck874	13953	
	ShitFuckShit	4318	
	Shitgun	33257	
	Shithead	8853	
	Shitlip	32564	
	ShitsNGiggles	7179	
	Shitzur13	22458	
	Shivan	19793	
	Shiverz	11686	
	Shmethics	26958	
	ShockJail	13922	
	ShogunLean	5877	
	Shooterdoctor	20280	
	ShopAgent		22976
	Shopbisto		212627
	ShortAndNeat	14443	
	ShortBus5656	12071	
	ShotgunCaribou18	12991	
	ShotgunSugarBear	26583	
	Shotta	3376	
	Showmeyotds	37386	
	Showstoppah420	10943	
	Showstopper2k	5445	
	ShrimpTaco	36152	
	Shrimpinboat	26304	
	Shroomy420	5005	
	ShudhMaal	36717	
	Shunpo	25022	
	Shushone	27983	
	ShyGuyyy	38133	
	Shyahz	33107	
	Shygad57	5159	
	Shypht	32245	
	SickGuy	7058	
	Sickness	4147	
	Sidder44	4707	
	Side-Swiped		39297
	SidiousDark	32335	
	SiemReap	4908	
	Siger	10885	
	SigmundFraud	8802	
	Sigourey		199564
	SilasMarner	3877	
	SilentAssassin	5386	
	SilentGiant	26579	
	SilkRefugee	20690	
	SilkRoad2	943	
	Silkgold	38564	
	Silks	21873	
	SilkyOne1	13387	
	SillyPete	19234	
	SillyRabbitSami	17035	
	Sillymenigger	12497	
	SilverStar	8105	
	Silverbolt	13481	
	Silverlink	25498	
	Silverstreams	25507	
	Silversurfer1896	7226	
	Silvia	6625	
	SimBuddy	10886	
	SimSon	8672	
	SimonDiablo	11267	
	SimonGrey	6739	
	SimonR	3403	
	SimonReynolds	34956	
	SimpleAsCanBe	17106	
	SimplePickup		19011
	Simples	3062	
	Sinan-Reis	24737	
	Singe83	23692	
	SingularLee	4282	
	SinisterSam	6240	
	Sinister_Angel2	9736	
	SirEspresso	27841	
	SirLucy	27695	
	SirMorgan	3450	
	SirNodsAlot	34835	
	SirTomJones	32464	
	Sirbasimus	19915	
	Sire	39192	
	Sirgo23	1318	
	Sirgo24	19616	
	Sirkylo	11237	
	Sirmunt	7016	
	Sirtwistalot90	22039	
	Sisty	21682	
	Sitabear	31966	
	Sithra68	24926	
	SixFive	29330	
	SixInchStilettos	17702	
	Sixty	986	
	Sjaakgoeshard	12167	
	Skaterat2014	16038	
	Skeem	61	
	Skeevishlysimple	34505	
	SkeletonDance	30239	
	Skeletor	3297	
	Skellington	12097	
	SkelterMelter	28484	
	SkillRoad	5322	
	SkimmerTon	2296	
	Skinny11	3154	
	Skirtcan	35631	
	SkittlesGuy	20225	
	Skizim1946	32364	
	Skizzer	18435	
	Skorkney2	34278	
	Skrookeur	35724	
	Skunk111	7540	
	SkunkLord	26768	
	SkyD0ug	7250	
	SkyDragon	4992	
	SkyPad	21881	
	SkyWhip	6877	
	Skyfall420	15835	
	SkylarWhite	571	
	Skynexer	37329	
	SkypeMann	33937	
	Slambomslim	37331	
	Slater	16519	
	Slawex	5875	
	SleekTheElite		10286
	Sleep_Walker_07	17827	
	Sleepless	14567	
	SleepyXS9	36884	
	Sleestack79	17614	
	SlenderCat	7574	
	Sleuth	20178	
	SliceOfHeaven		315824
	SlickestSilk	21719	
	SlightlyA	38065	
	Slim_Hedgehog	24286	
	SlingShot69	18072	
	Slipnslides03	11476	
	SlipnslidesTCF	560	
	Slizzard	38443	
	SlothhDemon	12889	
	Slothkin	30	
	Slothness	7053	
	SlowBeaming	11654	
	Sludge	23047	
	SlyUSB	22831	
	Slyd3rz	12367	
	Slyderz	1785	
	Slydog33	18880	
	Slytherin	30207	
	Sm4sher	29909	
	Smack-eXpresse		384818
	SmackJack	16032	
	Smallvilleboy2	11977	
	SmartMeds		234134
	Smartacus	11287	
	Smartcile	4738	
	Smartin1982	10393	
	Smashcc	8161	
	Smiffy	4842	
	Smile4I	30479	
	SmileNow	13079	
	Smilee		269170
	SmilesAlot	13415	
	SmileyHACKD	33177	
	Smirnoff473	8638	
	Smirnow	7672	
	Smith007	2538	
	Smith33	7091	
	SmithUp	36538	
	Smokestack	12551	
	SmokeyDaBear	11244	
	SmokeyJ	3078	
	SmokinJoe007	36968	
	SmokingHippoMeds		104069
	SmoothAsRice	9298	
	SmoothRock	12444	
	SmoothSaylor	27622	
	Smoothysmooth	15405	
	Smurfette	6574	
	SmvK60n	34205	
	SmvK60nU	11963	
	Sn4pp	24216	
	SnackTime		164368
	Snake	2030	
	SnakeOil		223208
	Snakesaredops	12473	
	SnappyDude	15095	
	SnarlingChaff	32382	
	Sneak	334	
	SneakyBeaky	37856	
	Sneepeated	39614	
	Sneer	10225	
	Snicker	21291	
	Snickers2000	29794	
	SnifferReady	29769	
	SniperHardcore	12164	
	Snizz147	26991	
	Snoodle	11120	
	Snookie	28632	
	SnoopDogg	4563	
	SnoopDoggyDogg	26230	
	SnoopKing	37424	
	SnooperCooper	30726	
	Snooz	14875	
	Snorton	20218	
	SnotOz	6146	
	SnowDogs	39692	
	SnowJohn	3540	
	SnowLotus	35118	
	SnowWolf	17585	
	Snowline33	12339	
	Snowman	1201	
	SnrGodlike	3013	
	Snuttan		334311
	SoAlone	5940	
	SoCal_Connect		34352
	SoCoBecky	6089	
	SoSmooveB	3592	
	Soapbar	13663	
	Sobless2015	27513	
	Soccorio	31256	
	Socialboost	17061	
	SockPuppet	13783	
	SodaPopinski	39813	
	SoilTwig	13925	
	Solace		258308
	Solidius	24264	
	SoloDolo74	17547	
	Solyaris	30069	
	Somali	8062	
	Sombraxx	26105	
	SomeGuy1234	9897	
	Somniferum		19412
	SonicTheHog	3715	
	SonicTheMethhog	3346	
	Sonikz	17835	
	Sonome	2814	
	Sony3	31433	
	SookMehToby	23361	
	Sophien	9123	
	Sophisticake	15346	
	Sophomoric	7410	
	Sopi003	23660	
	Soponno	9325	
	Sora		42525
	Sorto87	8811	
	Sosababe	3752	
	Sould2014	4288	
	SoundOne	27781	
	Soupe	5772	
	Sour_Beat	8123	
	Source		18005
	South	6053	
	SouthWestGreen	5137	
	SouthernStar	5572	
	Southernish	14733	
	Sp3ct3rOn3	20576	
	Space63873	13347	
	SpaceBears	20620	
	SpaceJamStars	7481	
	SpaceOctopus	14485	
	Spaceagent	36566	
	Spaceboy142	28724	
	Spacebread	8926	
	Spacedaev	16025	
	Spacekemp	24680	
	Spade1er	11144	
	SpadeAce	1646	
	Spaghetti	8917	
	SpaghettiUnd	9348	
	SpamC	38311	
	Spamaholic	34281	
	Spanchbob	275	
	SpanishMaster	39252	
	SpanishShingles	2827	
	Spanxxxy	30182	
	SparklingWater	5669	
	Sparks22	31111	
	Sparky259	21683	
	SparrowHawwk	29775	
	Spartner	37500	
	Spawnofsatan	29692	
	SpeakeasyNZ	33086	
	Special-Agent-X	37174	
	Specter133	36357	
	Speed-toyou7-	15055	
	Speedhy	13422	
	Speedwagon	7448	
	SpeedyGonzaIes	3560	
	Speedymee	2726	
	Spetznatz_90	29260	
	Sphinx	3746	
	Spice	19820	
	SpicyPineapple	12998	
	SpiderM	11668	
	Spideyguy	11914	
	SpikeSpiegel	4125	
	SpinningRims	38679	
	SpinnyThing	9969	
	SpiraL411	32450	
	SpiralStaircase	15351	
	Spiraldancer	28272	
	SpiritualDevil	757	
	Splus	8320	
	SpockMD	32145	
	SpocksGhost	37002	
	SpongeBHOb	37411	
	Spooky	3871	
	Spooky01	1394	
	Spookz	11437	
	Spooner1	29146	
	SporeKing		15777
	Sporulator		42416
	SpotFixer	31254	
	Spoudazo	9756	
	SpringBean	8307	
	SpringForward	5264	
	Springer	10125	
	Sprout	3053	
	SpudFucker	13683	
	Spudgun	16581	
	SpunkMeister	9646	
	Spunknik	29885	
	Spurbit	3935	
	SpyvsxSpyx	29626	
	Squalion	14917	
	Square900	27761	
	Squibb	27993	
	SquidYarn	13827	
	Squin	38439	
	Squinky	38651	
	Squishher	13454	
	Srv7	31546	
	Ssandra	3586	
	Stack	20933	
	StanSmith1980	32741	
	StanSmith1998	13209	
	StancedRider	6493	
	StankyDanky	2615	
	Stanley666	18374	
	Stanman817	6775	
	Stansearch	32780	
	Stapler	4302	
	StarAlliance		151814
	StarDrugsSup	32074	
	StarRobber	32508	
	StarSeedLockdOut	19411	
	StarbucksJedi		83457
	Starchitect94	4297	
	Stardust18	27785	
	StarlaBrite	22063	
	Starmaker	8565	
	Starrynight	11962	
	StaticManic	30423	
	StaticShockk	576	
	StayCloseToMe	14126	
	StayFrosty9	28838	
	StayRealHigh	26430	
	StayRunnin	1105	
	StaySerious	10516	
	StayTrippy	1154	
	StealthGang		42673
	StealthPharmacy		158711
	StealthSurfer2	14218	
	Stece	38151	
	Steel_Rev	10709	
	SteelhammerCarl	29370	
	StefanEstevuela		32522
	Stefanj	5456	
	StelioKantos	13686	
	StelioKontos		20043
	Stelios	21329	
	Stella		4355
	StepUp	4507	
	Steppenwolf	7679	
	SterileStan	30003	
	Sterling_Bob	30166	
	Steve100	11867	
	StevenRose	27004	
	Stevienx	23033	
	StevoLovesEvo	6303	
	Stieg	13466	
	StiffPorcupine	11032	
	Stifler1	6735	
	Stifler745	28108	
	Stikouz1	5010	
	StillFirst	17202	
	Stimukauppa		274861
	StimulantRX		172828
	StingerX	22337	
	Stinky_nuggets	13660	
	Stitches	12982	
	StockTrader	432	
	Stockhausen	16853	
	Stokari	4072	
	Stone	1003	
	StoneGold	39086	
	StonedKing	20498	
	StonedLoner	12563	
	StonedSanta	5765	
	Stonemate	9608	
	Stoner10	31791	
	StonerMatt	34411	
	StonerMike	13289	
	StonesCafeCoke	3644	
	StoolStoolRadRad	12226	
	Stoptimetake4	28711	
	Storch	646	
	Stork	32584	
	Stractive	38039	
	Straightflush	237	
	StrainHunters		262284
	Stranger3	858	
	Stratton		114276
	StrawberriesNDMT	9754	
	Strawberriez	38739	
	StreetPharm	30867	
	StreetPharma		394288
	StriderWaR	9855	
	Strikah99	3260	
	Stripe	8173	
	Studmaster	12348	
	Stunner5	22763	
	Stunt	38243	
	Styxz	29597	
	Sub-Zero	9062	
	Sub420lime	27571	
	SubZero88	22872	
	Subarashii	38831	
	Subleek	15624	
	SubsRUs		331403
	Subutex		25196
	Subzero999	13639	
	Suchov	11805	
	Suckafree	19775	
	Sudoprophen	11396	
	Sugarrose2	30147	
	Suicideisfreedom	22574	
	Sully2317	3727	
	Sult4nOfSchw1ng	6025	
	SumT1ngWong	30292	
	Sun-tzu		155932
	SundaeSam		23026
	Sundancer	31599	
	SundiataKeita	14139	
	Sunnnyjoey	24505	
	SunnyBrixton	11504	
	SunnyD23	22744	
	SunnyHours89	17777	
	Sunshine	1735	
	Sunshine10	19271	
	Suomynona	9623	
	Sup4Fly11	13087	
	SupaAPE	13774	
	SuperCaliHaze	24308	
	SuperCream	36708	
	SuperDank		10581
	SuperDuperMan	3645	
	SuperHero	4520	
	SuperJuan	1426	
	SuperNoia	6540	
	SuperPuma911		42332
	SuperWizz	14022	
	Superapples	15287	
	SuperdrugsREAL	4677	
	Superglide	3188	
	Superior	33082	
	Superkoptelefoon	19162	
	Superman07	9644	
	Superman999	11932	
	Supernotes	1964	
	Supernova1821	21264	
	Superonce	9694	
	Surestliar	25457	
	Surf0	7623	
	SuriAttacker	13772	
	Surprise2014	26129	
	SurqAPunK	20922	
	Survey_2	15413	
	Surveyor98	13319	
	SusandSas	23962	
	SushiMane	25216	
	Sussudio	290	
	SuvivedLCD	3566	
	Suzaru	9267	
	SuzyGreenberg	25844	
	Sverdarr	33520	
	Svisto163	9891	
	Svoboda60	32771	
	SwagDaddyPurp128	25605	
	Swarm1	5069	
	SwatMaster	22715	
	SweElite		345356
	Swearengen	4014	
	Swede	2014	
	SwedishWeed		397334
	SweetDee	32713	
	Sweetandsour	633	
	Sweetgrace	29222	
	Sweetypie	6657	
	Swiffft	34329	
	Swift_Sloth17	33208	
	Swiftshifting	4050	
	SwipeHerePlz	469	
	SwiperTheFox	36205	
	Swiss24hService		282739
	SwissKing	39534	
	SwissShop		58001
	SwissShopGBS		410904
	SwissSilencer		176334
	Swisslab	25243	
	SwitchHair	20823	
	SwordEdge	14111	
	Syc0	8424	
	SydBarretina	25084	
	SydBarrett23	8729	
	SydneyBarrett	18129	
	Sykorova4712	10793	
	Symbiotic	3033	
	Symetry	36044	
	Syncr04	38658	
	Syndicat		389106
	Syndra	18625	
	Synek	21034	
	Synergi64	20006	
	SynthAmerica	28210	
	Synthiotics		7732
	Syphen	10193	
	Syrup	34986	
	System		2
	Systemmeltdown	1152	
	Syt3		32429
	Sytoplasm	26211	
	T-andy	18479	
	T0NYBANANAS	37907	
	T0NYM385	35766	
	T0TaLKa0S	1807	
	T0stit0s	32764	
	T0ul0u	2221	
	T1M3_WAR	6458	
	T31sp8H	16583	
	T3X7Z	11258	
	T3c4n6l6g9	1896	
	T3rror	8687	
	T5_Nbome		182989
	T9ntrr7c	2493	
	TAKERS	18049	
	TATTYSCONE	26647	
	TBNB96	25489	
	TDMoney	22815	
	TDoP1um	11055	
	TECH4LESS	2348	
	TFroni	19134	
	TGK888	14276	
	THC9	1816	
	THCangel		349410
	THCmaster		160951
	THEBOSS-TCF	15878	
	THEBUSINESS	12855	
	THECURE94	22475	
	THEHUBFORUMS	4706	
	THEHWR		8000
	THEIRONMAN		395686
	THEJOKERJOKES	8210	
	THEPK	10072	
	THEZODIACPARTTWO	30615	
	THE_ADVOCATE	28156	
	THEwizard007	8100	
	THG2	18108	
	THORcx	20568	
	THQuigley	2003	
	TIAt	1269	
	TIGERBEAR30	13325	
	TJM7439	33630	
	TKitchin	12687	
	TLT13	11563	
	TM87	20987	
	TMO4real	19880	
	TNSS13DS	22624	
	TOG2271		1549
	TOKAREV	6598	
	TOMMY	8964	
	TOMOMOT	6107	
	TONYSNOW1	6992	
	TOPAKLO	10652	
	TORUSPOWER	20316	
	TORUser1324	29174	
	TOSHIBA1	26693	
	TPLA	27973	
	TRANSCENDENCES	18400	
	TSHOUSE	25729	
	TSft2BC4EILY3	15270	
	TT100		343448
	TTPSWEED	25064	
	TTPWEEDS	5212	
	TTWTF	13272	
	TTdup	25323	
	TTown	29657	
	TTraplord	28438	
	TUGS	915	
	TURKDECA	19061	
	TURNdown4WHAT	24446	
	TVLM97	19495	
	TWITTWAT	24347	
	TXgoldmine	36015	
	TYG3rbrEaDth4	4213	
	T_More	26457	
	Taaba	6230	
	TabbyRose	6901	
	TacoCorp420	15254	
	TacticalJew	18621	
	TagtraeumerX	31621	
	Taiga1546	7635	
	TailsOS	22089	
	TakanoriFedor	26939	
	Takingnotes4	32664	
	TalkieWalkie	18916	
	TalkinBoutMyGirl	284	
	TalonAcid	28909	
	TamNoslen	11079	
	Tamere44	39793	
	Tanalasta	6495	
	TandyLanory	7206	
	TangerineDreamz		364322
	TangoDown	11538	
	Taotec	35027	
	Tap0u7	12267	
	TarMI	23395	
	TarManTexas	10572	
	Tarasik92	9749	
	Tarik13	3508	
	Tarkhrod		387941
	TarotBoose	28720	
	Tarpon1962	6496	
	Tastetherainbow		336986
	TastyBit	35986	
	TatTvamAsi	39658	
	Tatano231	14743	
	Tate		15638
	Tatts	12697	
	Taurus5	32123	
	TazeMeBro	13670	
	TazoZen	36858	
	Tdog420	26642	
	Te8mView3R	13145	
	TeHyCan	14177	
	TeHyCann	13722	
	Teak123	17472	
	TeamAUS		275668
	TeamGB	10642	
	TeamMFS	6119	
	TeamYeezus	35307	
	TecCbtC	5182	
	TechMidas	36129	
	TechStore	453	
	TechniColour	6344	
	TechnicolorTiger	7392	
	TechnoFan420	24541	
	Techtalk	11393	
	Tecklebeastie	13642	
	TedyB	7431	
	TeeThree		129469
	TehHalo	19690	
	Telck	233	
	Telemetree	24556	
	Teller_Ulam	15157	
	Tempest	41	
	Tempman	2068	
	TempoX10	4953	
	Temudjin	3511	
	TentacleDeath	37415	
	Tenuchi	6324	
	Tepcaly	23274	
	Teppidopholous	24954	
	Tereono	1542	
	Termin8or	9222	
	TerminXal	1117	
	Terminal	2869	
	Terminator13	33809	
	Terps	20964	
	Terrance	12218	
	Terrorman	11450	
	TerryTabs	11446	
	TescoDuck	9381	
	Tessellated		38187
	Test1	1634	
	Tester12345	6384	
	Testify	29925	
	Tetto	1923	
	TexRex	4358	
	Texo	7653	
	TgP76s	35785	
	Th0mpsonL0cal	34018	
	Th1sD0And	19898	
	ThR1LLr	32696	
	ThaGrang	10119	
	ThaTruestOne	4561	
	Thadeos	19243	
	Thai360	25446	
	Thalassa	1187	
	Thales00	24573	
	Thanatos	7731	
	ThankYouSoMuch	16969	
	ThatHighGuy	5581	
	ThatPlug	3605	
	ThatPlug2	3950	
	ThatSmell	8122	
	Thatme	6938	
	The-Great-Catsby	14927	
	The-Master-Mind	10148	
	The-Trip	12215	
	The-Xerxes	8180	
	The-cashier	36486	
	The8ball	18592	
	The8pack	25877	
	TheADC		346537
	TheAbyssGazes	10820	
	TheAccountant	31757	
	TheAffiliate	38780	
	TheAlchemyst	30320	
	TheAmerican	16169	
	TheAphexTwin	33645	
	TheArchit3ct3	17135	
	TheArgonaut	3617	
	TheArmory		3257
	TheArsenal		6004
	TheAxiom	7097	
	TheBatSa	28566	
	TheBee	18171	
	TheBestCannabis		20256
	TheBestStrawHat	33911	
	TheBigBadWolfff	29915	
	TheBigLebowski	5690	
	TheBiggest	8132	
	TheBitCoinGuru		43794
	TheBlackWitch	25777	
	TheBlueRegime		69941
	TheBman	35529	
	TheBoss10	15962	
	TheBoss88		10498
	TheBrazuca	7375	
	TheBubbleDreamer	7243	
	TheBudMaster		401220
	TheBudReaper		185851
	TheBull	7951	
	TheCaptainOfNyan	11196	
	TheChaplain	18199	
	TheChemKid	28430	
	TheChosenSphinx	33067	
	TheClocktwerk	25915	
	TheCoward	8258	
	TheCrossroadMan	16463	
	TheCrossroadsMan	16468	
	TheCrystalShip		176382
	TheD1ceMan	23775	
	TheDarkHorse1	31186	
	TheDarkHorseEvo	27437	
	TheDarkKnight007	17252	
	TheDevilHimself	11302	
	TheDingALing	12787	
	TheDonJon	30150	
	TheDooDahMan	21889	
	TheDopeSpot		19212
	TheDreamKing89	8471	
	TheDrk48	13527	
	TheDrugsStore	2189	
	TheDude007	6970	
	TheDude69	31121	
	TheDudeOfDoom	18965	
	TheDutchConnects		106268
	TheDutchMayan	25343	
	TheEd17	27271	
	TheEjaculator	1719	
	TheEre	2361	
	TheExplorerator1	36810	
	TheFakeTeddyBear	28972	
	TheFedsSuck	18356	
	TheFoole	9660	
	TheFractalEffect	35836	
	TheFriend	13383	
	TheFriendlyDoc		103675
	TheFrontMan	21936	
	TheFrozenCat	22020	
	TheFundraiser	19607	
	TheFunkMan05	22494	
	TheGecko	13591	
	TheGent	16249	
	TheGoddess		395819
	TheGoodMan	32075	
	TheGoodfellas		399518
	TheGovernment	16804	
	TheGreek	32368	
	TheGreenBastard	18213	
	TheGreenHouse		298682
	TheGreenRay		210462
	TheGuardian	3344	
	TheGuideKing	23896	
	TheGunShop	3326	
	TheGunslinger	12543	
	TheGuyAU	39808	
	TheHHero	20180	
	TheHSN		161883
	TheHappyCrew		16868
	TheHappyShaman	4339	
	TheHighlander	14738	
	TheHound99	10128	
	TheHuman	28577	
	TheHypnotist1	8886	
	TheIceManCometh7	34264	
	TheInquirer	29795	
	TheJohnWayne	24979	
	TheJohnsonRocks	9960	
	TheJonasBrothers	2808	
	TheJuiceOJ	19481	
	TheK-Man	34447	
	TheKracken35	22996	
	TheLegion	11410	
	TheLemonadeStand		216608
	TheLillz	10035	
	TheLovebug	30557	
	TheMM	13554	
	TheMMC	12931	
	TheMVD	28616	
	TheMachine	5335	
	TheMachine401	32992	
	TheMadChemist	8001	
	TheMaddddHatter	30017	
	TheMafia		219749
	TheMagician		7637
	TheManOfNam	7089	
	TheManPig67	33994	
	TheMarioBrothers		92769
	TheMasterKief	9196	
	TheMechanic	2021	
	TheMeerkat	10243	
	TheMonk	29	
	TheNeo	4577	
	TheNewGuy	23358	
	TheNewMrBig	10106	
	TheNowherePath90	39598	
	TheNurseJoy		283241
	TheObserver	3244	
	TheOneandOnly	3189	
	TheOnewhoknocks	4542	
	TheOnion12345	27668	
	ThePaperBoy	23980	
	ThePaperBoy1	11405	
	ThePhantom	8491	
	ThePhantomBeast	23561	
	ThePharmacist	4762	
	ThePhox	10761	
	ThePigIsTheMeat	26019	
	ThePinkFairy	13312	
	ThePinkUnicorn	23396	
	ThePirateKing	8880	
	ThePotShop	2251	
	ThePowderGuy		180058
	ThePress	20944	
	ThePriceOfDeath	4594	
	TheProfessional	23473	
	TheProfessionals		182039
	TheRaz0r	6484	
	TheRealCynic	6700	
	TheRealGeoffreyG	7663	
	TheRealMcCoy		226146
	TheRealQD	5413	
	TheRealRevivalry	1263	
	TheRealSleep	33006	
	TheRealTonyHawk	12606	
	TheRealballer69	29394	
	TheRecipe22	15280	
	TheRedHood	21925	
	TheRocketeer	19853	
	TheSafeZone		401931
	TheSaint	5090	
	TheScurvyCrew		37353
	TheSecAnalyst	1800	
	TheSeller	3542	
	TheShadowGuard	9787	
	TheShedMan	3804	
	TheShift		399538
	TheShroomWizard		225802
	TheSlyFox	7503	
	TheSniper	14249	
	TheSpider	468	
	TheTORZonda	2248	
	TheTaxman1225	7184	
	TheTimeMachine	6354	
	TheTurdBurgla	18869	
	TheUnvailable	14294	
	TheUser0000	18623	
	TheVoice	21615	
	TheVoide		301830
	TheWager	7933	
	TheWalkingWidow	37048	
	TheWanderer	10862	
	TheWhiteRabbit1	5274	
	TheWhite_Russian	14192	
	TheWinch	17318	
	TheYeti	651	
	TheYoker	21849	
	TheYowie	18443	
	TheZeedComp	2276	
	The_BEP	3315	
	The_Butler	10677	
	The_Cunterfeiter	6554	
	The_DNK_Crew		44373
	The_ECB	2273	
	The_Interways	5136	
	The_Key	826	
	The_Pirater	34649	
	The_PlayFex-PF	567	
	The_Rat	5292	
	The_Real_Zebra	22304	
	The_Skeletor	6837	
	The_Slim_Shady	30404	
	The_Snake	6690	
	The_WireNZ		135197
	The_geam	27638	
	Theartfuldodger	7768	
	Thebigbutter	13409	
	Thecapn	36365	
	Thecatisback	20081	
	Theclouds	20136	
	Thedondvl	6171	
	Thedrugman	5487	
	Thedudeisme	35011	
	TheeMaster	18972	
	TheeOG367	10661	
	Thegame101	6988	
	Thegenuineguy	17863	
	Thegfromwc	33421	
	Thegirl		206507
	Thegreatsilence	9703	
	Thehank	25184	
	Thehiphophippy	24579	
	Theleftcoastkid	12163	
	Themassaker	39711	
	Thenobleone	24079	
	Thenothe81	9093	
	Theo54	9153	
	Theone78	2796	
	Theophilus	30927	
	Thequeen12	17433	
	Therapy	1582	
	Thesuspect	36824	
	Theultranumen	9175	
	Thewallstreet	30053	
	TheyCallMeTony	24301	
	Thievery	20429	
	Thinfrosty	36029	
	ThingInABook	20649	
	ThinkDifferent	21007	
	ThinkFirst		247844
	ThinkgoodDogood	11025	
	Thinkpad	24462	
	Third	6812	
	Thirdeyedown1	11922	
	ThirstyDolphin	32391	
	ThisGuy3	36168	
	Thisisgonnabgood	7232	
	Thisisit121	38515	
	Thizzlam	19289	
	Thizzlewizzard	28377	
	Thoezac	34496	
	ThomCub	16797	
	ThomCub	27976	
	ThomasHardy	38411	
	ThomasP	11821	
	ThomasWade	32796	
	Thor124	29747	
	ThorGod	23638	
	Thoreaus	901	
	ThothTheWise	34991	
	Thoughtshapes	17988	
	Thresher1010	16966	
	Thronx	3769	
	Throwaway83	15335	
	ThrowawayAcc	30102	
	Thrust	6572	
	Thule	17841	
	ThumbFucker	13781	
	ThundaCatz	5319	
	Thunder	3411	
	Thunderball	1376	
	Thurin	8598	
	Thx002	27807	
	Ti-9000	33012	
	TiTandASS	15433	
	Tibor	19082	
	TicketToRide	13701	
	TickleMePurple	31466	
	TickleMonster	25832	
	TieLead	13910	
	TigerMedic	28374	
	TightAss	13788	
	Tikwik	658	
	TimBurton	5217	
	TimHun	1579	
	TimHun	1642	
	TimNE	35073	
	Timbur	8053	
	Time2Bash	27282	
	Time2buy	3874	
	TimeEX12	12047	
	Timeless2000	19722	
	TimesTen	8872	
	TimmyTantrum	6285	
	Timmytheman	15892	
	Timmyz	5621	
	Timothy1998	4482	
	TinFoilHat053	1696	
	TinTree	13828	
	Tinker123	6624	
	Tips	1871	
	Tishar1B		15274
	TitanicIs	7733	
	Titlaeus	34182	
	Tizo_Lake	3634	
	Tnuk	9225	
	Tnuks	39716	
	ToRepublikanin	26018	
	Toastgod	11119	
	TobyMcfly1125	8179	
	TodBoonfield	18135	
	Todayismine69	11724	
	Todayyoupay	9170	
	Todesreiter88	30650	
	TodoDiego	28140	
	Toeg	15889	
	TokeWorx	2153	
	Tokenchrono	4673	
	Tokersmoker	27477	
	Tokinator	28805	
	TomBrownJm	1151	
	TomHanks	22547	
	TomKromer	3671	
	TomRob	33407	
	Tomacco	12904	
	TomandJerry		52435
	TomasG	3988	
	Tomatfrosk	16504	
	Tombakto	12506	
	Tomford	12924	
	TommyGavin		140667
	TommyVercetti	23181	
	Tommy_Pickles	27749	
	Tomy289	29487	
	Ton666	24360	
	ToniNGuy	13332	
	Tonnyb	19714	
	Tony69	8876	
	TonyAbbot	22995	
	TonyDeVit	38425	
	TonyM03	15595	
	TonyT	15917	
	TonyTheTiger	1826	
	Tonytone123	4429	
	TooAwsomeToDie	26742	
	Toot	11148	
	Tooty	7015	
	Top50ff	12045	
	TopBuzz	18457	
	TopGun	25797	
	TopSecret	2332	
	Topper14	38553	
	TopperHarley	4636	
	TorBrother	11041	
	TorCreep	32857	
	TorDevelop	27375	
	TorShop		254007
	ToravitchP	5675	
	Tori0121	11569	
	Torloko	10109	
	Torn	27224	
	Torn895	20483	
	Torr-King	39710	
	Torus38	30864	
	Tosspot	10755	
	TossyC1	32977	
	TouchDown	16785	
	TouchMeDownUnder	31041	
	Toulou	2220	
	Towelie	2892	
	Towelie2014	13238	
	ToxicWaste	12662	
	Toxicshock	4127	
	ToyBean	13816	
	Tr1bute	29741	
	Track06	29277	
	TrackAndField	19750	
	Trade-Fair		255467
	TradeStone	9991	
	Tramoteket		201715
	Trampantpro	1845	
	Trancer	20481	
	Trancer2	37543	
	Trancetraffic	11761	
	Transendence		25621
	TransexualGirl	23781	
	TransitionFancy	37923	
	Tranz	3284	
	Tranzcentral	3027	
	TrapHouseBoomin	6974	
	TrapLife		134030
	Trappy	25947	
	TrashBaby	1757	
	Trasm	1350	
	TravelGuys	16963	
	TravisJ	13760	
	Travlr79	29102	
	Trebor	9558	
	Tredmill	28865	
	TreeBay	4795	
	TreeBender	34214	
	TreeEater	27182	
	Treegarden	30316	
	Treekle	29956	
	Treintaytres	24474	
	TrembleB4MeUK	24428	
	TreyvonMartin	3712	
	TriPsycho09	23518	
	TriadZ78	34164	
	Triceratopless	27464	
	Trike	35715	
	TrillCosby	12044	
	TrinidadJames	805	
	Trip420	29793	
	Trip_advisor		17055
	Tripadelic	17784	
	Tripette	15646	
	Triplecoin	5395	
	TrippShroom	11727	
	Tripped4	36065	
	Trippikauppa		274898
	TrippingTime	22537	
	Trippsec	38436	
	TrippyMan	18258	
	Trippyswa	14681	
	Trismegistus	11919	
	Troika	36507	
	TrojanHorse	30188	
	Trollis	30746	
	Tromped	21532	
	Tron	2753	
	TropicalMan	30970	
	TropicalSmoothie	12939	
	TropicofCap653	4270	
	Troxic1776	9008	
	TruckWriters77	2168	
	Trucker11	12811	
	TrueBlue		22142
	Truefitt	18136	
	Trugrit	2370	
	Truisenews	8758	
	TrustShop	3567	
	Truth1560	30006	
	TruthDetector	31151	
	Truthseeker	1589	
	Truthseekerrr	2049	
	TryAg41n	21964	
	Trymonopoly	30396	
	Tryptaminded		213813
	Tsadqiel	1583	
	Tsukinome	26487	
	TubaMan40	12634	
	TubbyTina	13787	
	Tuckerqt	10900	
	TuggSpeedman1	37118	
	TukoAlfredo	12639	
	Tullverket	25473	
	TunaLuna	22320	
	TungstenGold		7933
	Tupac	9236	
	Tupacacabra	23279	
	Tupoy11	24369	
	Tur2	33746	
	TurboIrish	4144	
	TurgidAllegory	34512	
	TurkAzov	3120	
	Turkish	2766	
	TurnoverPancake	16552	
	TurntCookies	18855	
	Turnupthenotch	37487	
	Turtle21534	30807	
	Turtle22	18711	
	TurtleHead		33452
	Tussin570	16577	
	Tux23	13878	
	Tuxedomask	26687	
	TvFreak	6407	
	TweakedTwit	23485	
	TwigTown	13814	
	Twiner34ern	9039	
	Twinkies	27978	
	Twinkletoes2856	31448	
	Twisted714	7994	
	Two-Face	2795	
	Two-One-Go	36793	
	TwoKeen		81838
	TwoTired	7787	
	Txm12x41A	10500	
	Tyga	8967	
	TylerDurd3n	32499	
	Tyr0on1389	38289	
	Tyrant	9282	
	Tyrionsnow	19433	
	Tyroe1	6473	
	Tyrone-Williams	10995	
	Tyronic	37791	
	Tyzon05	10498	
	U47b35LL	7221	
	UF00	20912	
	UID0	5208	
	UJY6DTJK56EJI	31711	
	UK-Buyer12321	31227	
	UK-Chronic		314939
	UK-Connection	32227	
	UKBobyy	36823	
	UKBuyer	12017	
	UKBuyer2014	7369	
	UKCannabisClub	4779	
	UKChronic420	2073	
	UKExporter	3492	
	UKMDMA		35970
	UKPROFILES		133250
	UKPharma	21006	
	UKSteroids		81242
	UKStock		25677
	UK_Bulk		32536
	UK_Fraud_Squad	30361	
	UKbossman	16420	
	UKc20diaz	6843	
	UKevin	39261	
	UKfullz	6208	
	UKheis39	14166	
	UKmandyMAN1		25388
	UMCBUY	3743	
	UMIT		180220
	UNADrugs	27660	
	UNIQCON	5170	
	USA-Benzo-Vials	34845	
	USA-Dope-Head	8735	
	USAbags		33604
	USDollars	305	
	USER100	33939	
	USEtizDirect	12084	
	USMAll50	39209	
	USPSNewman	19969	
	USSRJohn	17783	
	USSR_Johnny	29367	
	US_Mint	3313	
	UX57DU	11779	
	UXL991	14711	
	Ubangy	38974	
	Udinga5000	15553	
	UeatAdick	24103	
	Uebnaej	33744	
	Uhlen303	34450	
	UkBoy	9554	
	UkBulkCannabis	9460	
	Uknown	22285	
	Ulament	28546	
	UlanBakarr	20175	
	Ulf-Luerssen	18107	
	Ulgr	12911	
	UltimateTEAM	15245	
	Ultimatemoney	25620	
	Ultramega	19668	
	Uluhatu	19241	
	UmphreyMcGee	14679	
	UmphreysMcCheese	9045	
	Unagi77	12732	
	Unamuno	27421	
	Unbekannt	16898	
	UnboundedSpirit	14006	
	Uncle	24631	
	UncleFreeze	15049	
	UncleGram	27936	
	UncleGravy	9629	
	UnclePester	3813	
	UncleRuckus	26383	
	UncleSammissle44	11400	
	UncleTrappo420	10815	
	Unconcious_Mind	12813	
	UnderTheSkiN	9012	
	UndercoverAgent	18283	
	Underground	152	
	UndergroundKings	11197	
	UndergroundKingz		242181
	Unfamous	6193	
	Unfo69	34894	
	Unhideonhombre	30681	
	UnicornMeat	23168	
	Unique	12824	
	Units	32648	
	Universal12	5998	
	UnjustCactus	21623	
	UnknownEntity	8287	
	UnknownMan	14188	
	UnknownSeller		57998
	Unlocked	2831	
	Unmasking	32657	
	UnusualFrida	27471	
	UpAndComing	39256	
	UpInFlames	25993	
	UpTheCreek	4391	
	Upload_Joe	10370	
	UpwardVolume	29346	
	UrbanDruid		220637
	Urkabio5	371	
	Urukahu	10939	
	Usagi6	13609	
	UsedVolleys	12139	
	UselessAlky	10182	
	User	413	
	User201555	35085	
	User35154984	36866	
	User6151	9382	
	User909	30047	
	UserNotFound	24977	
	Username12345678	16516	
	Username20	17733	
	Useruseruser	38359	
	Usher	5695	
	Usser	3008	
	UusqVugq	13253	
	Uwe411	15237	
	Uzer	5607	
	V0ltar3	11989	
	V14J4NT3_DOTEMPO	6660	
	V3gativ0	29679	
	V3ndetta	2492	
	V3rtigo	7300	
	VECHTERBAAS	24338	
	VEXEL	15606	
	VINVEGA1994	31734	
	VIPSeller101		38956
	VITA1983	18535	
	VO2point0	10073	
	VPNHoover	26668	
	VPhantom	507	
	VTech	32973	
	VU193232	19764	
	VVjTLvnt9CCL	16054	
	VZQx65	38117	
	V_for_Vendetta	15579	
	Vacuumpacked	7842	
	ValainaEmory	27636	
	Valery	33429	
	Valid339	11462	
	Validbank	16099	
	Valium125	14172	
	Valkyr13	11541	
	ValueLucid		182339
	Valverde	28939	
	VamonosPest	34245	
	VanDerWall	10047	
	VanOpstal	28992	
	VanPersie	18655	
	Vanilababe	14840	
	VanillaIceIce2	18016	
	VanillaIcecream	11206	
	Vanillalila	11627	
	Vanzetti2716	12441	
	VapoChill	5708	
	Vapor	8529	
	Vaporizyr	11622	
	Varacuda12	33390	
	VascoDiGammon	25044	
	Vash445	35009	
	Vasjloush2		32549
	Vassallo	7882	
	Vassil	15842	
	Vayakhan	24282	
	Vayu	13658	
	VbaInf1000	16875	
	Vearguat	6072	
	Vector43	12198	
	Veenlijk123	21810	
	VegaPunk	2405	
	Vegarddd	3383	
	VegasKid	25783	
	Vegasbaby	12178	
	Vegeta007	6706	
	Vegnip	19562	
	Vehemence12	38652	
	Velvern	5706	
	Vendetta	2338	
	VendingMachine		360799
	Vendor9	4669	
	VendorDeGuides	22489	
	VendorHeko		42945
	VendorJensS		154258
	Vendor_LSDooski	13030	
	VendorsSolutions		17807
	Venkman	10353	
	VenomousViper	17381	
	Verax	6111	
	Verbati	8404	
	Vercingetorix	23511	
	Verdena	952	
	Verified123	12297	
	Verilitude	25202	
	Vernost	9938	
	Verona	32666	
	Versace	22694	
	VersacePython	26919	
	Vertigowq	15336	
	Veryda	15089	
	Vex8	19879	
	Veyozei	15471	
	ViceCity	18182	
	Vici	10207	
	Victor-Amos	3744	
	Victor-Lustig	10163	
	VictorBut		18987
	VictorNotTaken	17305	
	VieRusse		380165
	Vigilance	14804	
	Vigo5	35740	
	Vigo55	38473	
	VikingAngel		76698
	VikingShrooms		24922
	Vikula	1219	
	Viminal357	26568	
	Vimpat	29963	
	VinceChung	6996	
	VinnyMeadows	30852	
	Vinyl1	36582	
	Viosense	10442	
	Vipash	35576	
	ViperOfTheSea	1657	
	Viquhh	39229	
	Viralzz	35772	
	Viran	33341	
	VirgilHawkins	25449	
	Virgin	6434	
	VirginSeeds	28556	
	Virmo	31969	
	VisaHing	3019	
	Viscount	1880	
	Visidel8	13444	
	VitaleAlk	10617	
	Vitaro	7659	
	VivaLasVegas	3998	
	Viva_la_Vida	26593	
	Vivec	16912	
	Vlad	9880	
	VladTepes35	3117	
	VladdyRS		185930
	VladimirLem	36391	
	Vladisl4v	34053	
	VoIvo	1602	
	VoeDoe	9830	
	Vogue	9315	
	Void_Draw	26851	
	Voidbringer	12584	
	Voight		2142
	Volcano	5660	
	Voldemort	21080	
	VoliBear55	7242	
	VoltronVendor		20112
	Volvo	1627	
	Vom7	6273	
	Von_Jenkinwitz	5153	
	Vonwhite	25132	
	Vorenus	24361	
	VoxisTeam	12159	
	Voxx	13254	
	Vrillon	29145	
	VuC75XIdanaF	24506	
	VuaSao99	25737	
	VuduGuides	25327	
	Vulpes	2122	
	Vundervelt	992	
	Vyg1	17691	
	Vypper345	37045	
	Vyron	11838	
	Vyvance	23494	
	W047079501	10336	
	W0rmSec	21033	
	W3awwe	12095	
	W3edstar	29361	
	W5Minotaur	38783	
	WARNEDER	39172	
	WARSAW	10846	
	WASAB33	31827	
	WAXpress	19361	
	WBS01	9870	
	WEBvillain		39821
	WERX	32671	
	WHITEDREAM		16932
	WILLIETHEDISC	19331	
	WIZARDOFOZ666	22298	
	WNDJMS	9586	
	WOWWWWW	11934	
	WS-BorisTheBlade	26426	
	WTSK	32557	
	WULF	20338	
	WUReciver	31590	
	WUesEa863H	3837	
	WWLP245	33609	
	WXC99		27309
	Wabbor	26900	
	Wackomann666	35359	
	Wadozo	28829	
	WaffleHeart	19904	
	WaffleStatus	30860	
	Waingr0	722	
	Waitingroom	6110	
	Wales	8183	
	Walkman09	29566	
	WallStreetPussy	24798	
	WalterWhite		17347
	WalterWhyte1	26397	
	Walter_Mitty	19733	
	Waltraud	29927	
	WamBamSpecial	35365	
	WanderOverYonder	17842	
	Wandero	7950	
	Wantaname25	19250	
	WarGet	33921	
	Warbeast		46249
	WarehouseDirect		92804
	Warhammer01	19211	
	WarraBay	26198	
	Wasiadam98	17360	
	Wastamo	28427	
	WasteElitePro	30786	
	Watari	3394	
	WatchMeWash	35181	
	Watchme33	9333	
	Water	10644	
	Waterbird	34974	
	Waterbuffaloo	6421	
	Waters	28816	
	WatupWohNin1	15401	
	WaxedMonkey	14142	
	WayUnderTheLine	34460	
	WaylonJennings	32773	
	WaywardWarrior	4192	
	Wazaman	1166	
	Wazzier	20602	
	Wcorrdell	1150	
	WeWillWin	13685	
	WeaverOfDreams	13314	
	WebbSlinger	13158	
	Weborntodie	11012	
	WeeCert	34814	
	WeeJohnPaul	21502	
	Weebey	13560	
	Weed28	8858	
	Weed420	14264	
	Weed4Bits		129289
	WeedBay		367699
	WeedExpress		208271
	Weedland		35726
	Weedmaster		40991
	Weedninja		192128
	Weedpuppy	12386	
	Weedsh0p24		331884
	Weedshop24		25003
	Weedspecialist	4648	
	Weedy		35230
	Weeman	28110	
	Weezer	39788	
	Wehkampf	4366	
	Wellinghoff	24272	
	Weottababy	16018	
	WernerHeisenberg	23783	
	WernerVonBraun	25483	
	Werniix33	12770	
	WertFoley	17954	
	West-Indies	5046	
	WestCoastRX	18679	
	WesternDigital	10278	
	WesternPiracy	18226	
	Westwood	28244	
	Wh1t3_Rh1n0	1916	
	WhAtEv3r	14041	
	WhamBamThankuMam	32129	
	WhatADelight	29530	
	WhatSONot	23597	
	Whateva	16459	
	Whatismyname	12517	
	WhatsPien	27809	
	Whatty	20862	
	Whatwhenwhere	10666	
	WhereTheHoodAt	36632	
	WhipHuffer	26157	
	Whirlygig69	39355	
	WhiskeyTangoFox	34045	
	Whiskeyjack	38058	
	Whistleblower	11780	
	White-Queen		324161
	White27	19	
	WhiteCh	37112	
	WhiteCrane	2243	
	WhiteF0x	107	
	WhiteHouse	35541	
	WhiteLadyFast	34794	
	WhiteLexus	20009	
	WhiteLunarWind	28310	
	WhiteOnWhite	30353	
	WhiteReaper	12338	
	WhiteSheppard	7909	
	WhiteStallion		66828
	WhiteZTE	9395	
	Whiteball	7444	
	Whiteboywasted	7199	
	Whitemansgrace	9085	
	Whiteoak789	17681	
	Whitestone		8475
	Whitsnow		17808
	Whizard	19749	
	WhoDoYouVooDoo	3779	
	WhoYa	28628	
	Whoader	16987	
	WhonixX	26425	
	WhoreMoans	11155	
	Whoreface	26379	
	WhosAsking	8051	
	Whothafuck	26764	
	Whousee1931	19919	
	Why_Me	1339	
	WhydvdWhy	17344	
	WiIIowsmom	17442	
	Wice		10325
	WickZman1834	21341	
	Wicked	2758	
	WideOut86	3663	
	WieGehtEsDir	12368	
	Wiesenstepp	31767	
	Wikto255	15312	
	WilbaForce	25151	
	WildChild	9899	
	WildDuckDuck	17411	
	Wildcoyote	17936	
	WillOldham	13705	
	Will_Scarlett	15256	
	William	4379	
	WilliamFerrell	22261	
	WilliamPaxtonSR	21956	
	Williamson	22864	
	WillieGreen	25766	
	WillieNelson	11103	
	Willow_Wisp	26812	
	Willsden	3776	
	Willy95	34940	
	WillyBonkst	38060	
	Willycock	10553	
	Win98Secure	29901	
	WindApp	19499	
	WindChime	27877	
	WindDude	22647	
	Wink31893	13359	
	Winklestein	22609	
	WinstonSmith1984	20469	
	WinterCub	32219	
	WinterMyst	6899	
	Winzer	37866	
	WiseYsera	33200	
	WithoutDreads	10023	
	Wizard900	18019	
	Wizlap	12508	
	Wizzybit	21237	
	WnArEr2014	10790	
	Woden	23407	
	Wokanda	3763	
	Wolf6966	19000	
	WolfRich	8474	
	Wolff	27141	
	Wolfgang	2041	
	Wollsmoth	16689	
	WonTonCrockPot	20847	
	Wonderbread	6323	
	WonderlikeGod	30733	
	Wonka6	4926	
	WoodenPeggers	8570	
	Woodie	18541	
	WordOrder	19097	
	WordSmart	30682	
	Worgen711	31187	
	Worldo55	21254	
	Worth_The_Risk	28930	
	Wortill41		7947
	Wotif	25927	
	Wozn14k	26267	
	Wraistlandalus	35816	
	Wrathchild	13138	
	Wreathy	24858	
	Wrecker70	14698	
	Writhe	21331	
	Wrocker	30145	
	WuTangWeed	25470	
	Wuffy	16666	
	Wulf_stalker	30944	
	Wulfert62	13536	
	WumpaApples	9866	
	Wutanger93	10527	
	WuweiPanda	29659	
	Wyall	5714	
	Wyoon911	8996	
	X-CHERRY-BOMB-X	28668	
	X-Neo	1477	
	X-pertAssassin	33127	
	X0rizone	8335	
	X3VN	17232	
	X54H	9547	
	XANDERSTACEY	634	
	XB4k46	9053	
	XCOMS	22094	
	XE5r-Qev4fruthaD	32979	
	XEWCX	35970	
	XEYON	19022	
	XHV1	9883	
	XJudgeDreadX	11461	
	XKsVpTRreT2yZ5r8	17963	
	XMAN1		119574
	XNotoriousX	29936	
	XSCALPEUR	6047	
	XTAZEE	7693	
	XTCC187	7681	
	XTCEES96	22452	
	XTR57	35928	
	XTandMD		221411
	XTraceyX	38987	
	XU001	18003	
	XXDVDXX	38791	
	XXEWCXX	36204	
	XXXTOILET	35536	
	XXXXUXXXX	30950	
	XXXXX	552	
	XXXXXDVDXXXXX	36797	
	Xalum	25445	
	Xanax67	36732	
	XanaxHeaven	34643	
	XanaxKings	7509	
	XanaxUSA	31463	
	XanaxUnique	36255	
	XanaxX		6432
	Xante	37196	
	Xanthar	25765	
	Xanti45	35194	
	Xaoc	7811	
	Xapp	26605	
	Xasta	8805	
	Xatoku	11645	
	Xavek	265	
	XavierRA	8921	
	XboxUser99	23939	
	Xbox_1_Games	2629	
	Xcala	33400	
	Xdey18	28698	
	Xdrf	35582	
	Xeisenberg	8601	
	Xemmon	33906	
	Xenochrist	9980	
	Xenon	4181	
	Xeper	17073	
	Xesoze	4086	
	Xfigures	6130	
	Xile	38965	
	Xitier	12641	
	XnoybisOmega	21830	
	Xonique	37044	
	Xored	24673	
	Xortex	7651	
	Xotrem	18600	
	Xouiiz	29283	
	Xpaq	19974	
	XperiaForDrugs	34179	
	Xpilito	25711	
	Xrief	23948	
	Xryan	14512	
	XtalNoix	5595	
	Xtaticmind	8699	
	XthetruecharlieX	39671	
	Xtopherus	16543	
	XtremeB12	27459	
	Xtremia	504	
	Xtrenity	6784	
	Xtrme	8602	
	Xulia		167400
	Xulop		16938
	XwalnutX	26052	
	XxAndyDufresnexX	17930	
	XxLxAx23	19932	
	XxShadowxX	12062	
	XxTheCrowXx	17928	
	Xxzotic	36778	
	Xzaviar	23606	
	XziL	12350	
	Y8c4it4657E375U	405	
	YDKM112233	8518	
	YESMORTY	34382	
	YILD9898	33806	
	YOHOYOHO	13891	
	YOUDEAD	37190	
	YOUG19	14236	
	YOUNGSTAR	2303	
	YUP1985	22442	
	YZAaIT	16142	
	YZFR1	25543	
	Yahtzeema	36816	
	Yakuntcha	16835	
	YamPowder	13820	
	YangW	23186	
	YaomingTheKing	26923	
	Yarajip		27390
	Yarlet	33791	
	Yasmin	11321	
	Yasoamonto	4462	
	Yasou	35839	
	Yasuo2	17813	
	YasuoGuide	21121	
	YasuoGuides	22047	
	Yasuosdick	9342	
	Yati	13117	
	YayYey	26683	
	Yazoo	16536	
	Yazzz	31072	
	Yccef	10857	
	YeeHaw	24053	
	Yekin009	18485	
	Yell0w	34760	
	YellowKidWeil	20294	
	Yellow_Beak	14427	
	Yellowjacket8	13723	
	Yellowrag	19041	
	YenLoWangTchort	24415	
	Yentilin	23371	
	YesMan671	29653	
	YesWeCannN	21941	
	Yes_I_Am	36100	
	Yggdrasi	7815	
	Ygyazelia	14821	
	YimYam	17518	
	Yipzoiu	9167	
	Yman	38986	
	Ymmot	36735	
	YoDogz	31951	
	YoIomofo	23162	
	YoIoswag	23160	
	YoRentInMySwisha	29843	
	Yoda		4201
	Yohan	30408	
	Yokocho	13357	
	Yolerke	16433	
	Yolodump	21930	
	Yolosag	26150	
	Yoloswag	16852	
	Yoris564	8910	
	YouTubeViews	5685	
	Youbeautay	35764	
	YoungBart	9289	
	YoungGeneration		24514
	YoungJeffe	36090	
	YoungLion	8721	
	YoungYorick	24191	
	Youngblood	9968	
	Youngchoppa828	25933	
	YoungerPaladin	13179	
	YourGermanFriend	7721	
	YourHumbleServnt	37514	
	Yourafan	30498	
	YoursTrrruly	19111	
	YqRu-b	8106	
	YuiLight	1884	
	YungCarbonFiber	13134	
	Yungsweg	29873	
	Yuppis		370421
	YuriGuy	6855	
	Yuri_Orlov	20621	
	Yuzaho2	6803	
	YzupxB3H	35167	
	Z0kKufe8	29348	
	Z13774	16822	
	Z1890	11996	
	Z1Hzz	29842	
	Z1ggy	31788	
	Z7ko3	36678	
	ZAKMFCBORO	18029	
	ZBATATA30	35823	
	ZELDA299	31893	
	ZENDO_YOU	35127	
	ZUHNNY123	22900	
	ZXSpectrum48	6352	
	ZXY987	19100	
	ZXYvWET	38207	
	Zaccheo	30610	
	Zafi	16049	
	ZagorX29	38177	
	Zahloug	8418	
	Zakhar	1264	
	Zalom	4038	
	ZamZi	8413	
	Zammy	4840	
	Zana	18186	
	Zandalar	37472	
	Zaph0d2	31647	
	Zaphod	13219	
	ZappyFlash	14121	
	Zarathoustra818	20255	
	Zarmal	12643	
	Zarpadoenpala	10856	
	Zavar03	5865	
	Zawinul	15259	
	Zayy23	297	
	Zbox	36469	
	Zdzislaw	1729	
	ZeDon	31968	
	Zeaphire	16242	
	Zebelai	24953	
	Zebra0	1629	
	ZebraCake	4294	
	ZebraMan	19651	
	Zebrahead	524	
	ZebulonPike	3301	
	Zebulonnet	24946	
	Zedex123	35858	
	ZeeBeeblebrox	13214	
	Zeeman	7465	
	Zeemar	6537	
	Zeerrrooo14	34337	
	Zeiss	12633	
	Zeitgeist	18012	
	ZelbubVI	14029	
	Zelgadis	9152	
	ZenHamster	19795	
	Zendeko	15775	
	Zenox	10538	
	Zensin	7198	
	Zentan	14629	
	Zenzibar	37941	
	Zeon21	34544	
	Zephyr23	32594	
	Zephyr71	37248	
	Zer0	1769	
	Zer0Zer0	28404	
	Zeratul	22559	
	Zerious	38019	
	Zero009	36665	
	ZeroZorro	8667	
	Zeus	518	
	ZeusCards	10436	
	Zhao	37600	
	Zhivili	13149	
	Zhou	36133	
	Zhuurst	19065	
	ZhxH	22892	
	Zicki	30338	
	Zidane12	16510	
	Zierfisch	32851	
	Zigandzag	9011	
	Zigeuner	6705	
	Ziggs666	9049	
	ZiggyZiggy	37036	
	Ziiot	17531	
	Ziko18	19346	
	Zilterio	34440	
	ZincPicolinate	35258	
	Zindoo	4701	
	Zinn	11070	
	Zinty	451	
	Zipacna	38758	
	Zitoon	17911	
	Zjkdc3	23044	
	Zkeevo	7472	
	ZmaChoc	24285	
	ZnCr	21335	
	Zodiac	2988	
	Zoelife718	34048	
	Zoepound1804	11415	
	Zoidberg	12467	
	Zolktisk	17593	
	Zoltan	28488	
	ZombieDreamer101	35668	
	Zombieee	9377	
	ZomboidsSheHippy	23778	
	ZongOik	29689	
	ZooMan22	15850	
	Zoolander		20859
	ZoomNick	5846	
	ZoopyCLONE	7454	
	Zopher13	35240	
	Zorax	25519	
	Zorbithia	4347	
	Zorglub	1676	
	Zoring	7316	
	Zort25	5569	
	ZsanettEgerhazi	5990	
	Zu6A9b0B	39635	
	ZuPPa	14865	
	Zuan	20577	
	Zubrovics	14794	
	Zucharev	19172	
	Zuenta	11213	
	ZutWalle84	7786	
	Zuuul	19619	
	ZvGjQ3sU	14137	
	Zwiebelbrot	23051	
	ZyklonB	20272	
	Zyklon_B	1259	
	Zyteyvey76	13492	
	Zyzz	10052	
	ZyzzTheLegend	29492	
	ZzAzZ	12026	
	ZzzCcc	28034	
	_Anonymous	1108	
	_BirdSocks_	13064	
	_FoleX_	21759	
	_HansGuck_	17362	
	_RoleX_	16933	
	_Sc4r4B_	30216	
	__Gorilladude	30945	
	__init__	21354	
	_kcm	7530	
	_leopard_	36737	
	_nai_	17979	
	_on_fire	13352	
	_paralyzed_	22927	
	a00rSilk	25520	
	a05gfzr	14049	
	a0ldb0b0	24343	
	a0zzzp	19143	
	a10n3_h3r3	27372	
	a123df	38707	
	a158	27945	
	a1familyman	9056	
	a240sx	17953	
	a346wsysuu	6301	
	a55jj44	31437	
	aBc8316	34691	
	aItajade	26702	
	aItajadeinspirit	26855	
	aNoN_mOnStEr	17309	
	a_hippie	4363	
	a_lads_cave		9632
	a_watered_bottle	21238	
	aa12aa	38194	
	aaaaa	3947	
	aaaaaaa513	20704	
	aabrac	12817	
	aahj6klp	28852	
	aalbion		416078
	aardvark42	38110	
	aarjavk	26215	
	aarondiaz	25360	
	aaronman44	16199	
	aaronvnc	13630	
	abalafar	28817	
	abalas	20566	
	abarber217	39378	
	abatu666	19789	
	abba75	33647	
	abbadon	16178	
	abc123d	17778	
	abc321	725	
	abcd1978	19587	
	abcdc	29958	
	abcde99	39545	
	abcdef	2057	
	abcdefghik	18544	
	abcdpron45	13863	
	abckid	23532	
	abclsd	29306	
	abcplatee	15879	
	abdkashem	16432	
	abdul123	9385	
	abdul1982	31654	
	abdul48	26366	
	abdulahcoco	21076	
	abdullah2014	28139	
	aberboyo88	25102	
	abgal		205361
	abhram12	37324	
	abilitics	18002	
	abineinander	30355	
	abioish	32107	
	abobo	22700	
	aboogabooga	24597	
	about3fiddy	36451	
	aboveboard	29833	
	abovepostnoidea	7536	
	abovetwentyone	26914	
	abq78666	28186	
	abrax	24131	
	abschz	769	
	absconditus	28512	
	absentia887	34962	
	absurd	22634	
	abtif	27417	
	abyss	2699	
	ac130	37832	
	ac1793	19075	
	ac3j4ckal	10814	
	acab23		19665
	acabulco88	27985	
	acadaca	36734	
	acaiblueberry	38687	
	acamus1985	15326	
	acap	30952	
	acard314	25277	
	acarhitme	23257	
	acc610	1130	
	accept		86285
	accounthacked798	39254	
	accounttobuy	30272	
	acdc69	37309	
	ace244	32906	
	ace_4247	27575	
	ace_to_ace	11827	
	aceace	8458	
	aceg0246	25318	
	aceg2468	2418	
	acegi	27602	
	aceman	14259	
	aceoner	652	
	acer2013	4637	
	acer2015	36058	
	aceracer	16030	
	aceroman	1272	
	acerwaxx1	24485	
	acetastic350	23142	
	aceventura7	9003	
	aceweil	17671	
	achiepp1234	28529	
	achja	1644	
	acid420	34783	
	acid88	35968	
	acid_barrett	19156	
	acidadler	4976	
	acidboyyy	32111	
	aciddrop		20145
	acidhash	21642	
	acidhaze	34140	
	acidjunky123ug	25284	
	acidmademecrazy	12220	
	acidmotion	532	
	acidspill55	20445	
	acied	34233	
	acr0	34976	
	acrobatreader10	13874	
	acticash	3476	
	actimelo123	17868	
	actionbronson	23787	
	actionman	34752	
	activ8	2182	
	actonly1	39011	
	actor	3390	
	actuald	24481	
	ad4m	6261	
	adabdoesme	2716	
	adabdoesme2	18886	
	adam221010	11731	
	adam8890	25499	
	adama	20522	
	adamanderson	12206	
	adambwoi	16524	
	adamciroc	35267	
	adamcor	25199	
	adamgi	14224	
	adamlake4979	30583	
	adamnev33	10732	
	adamrm	7275	
	adamsoza	4892	
	adamus	5893	
	adamwilliams8	23064	
	adbi	26464	
	adboss	11655	
	adc122	12615	
	add1ct	7072	
	adderall65536	37326	
	addict66	24921	
	addicted	9628	
	addixx	16895	
	addking		79032
	addson	8033	
	addy2014forme	21327	
	addy4yourmom	20790	
	addysgrace	7347	
	adeepass	20849	
	adertipnip12	5373	
	adev17	9685	
	adex000	17538	
	adfgtgerstg1	29606	
	adfork3yc4rds		107992
	adforksey	10201	
	adgjl0	13231	
	adgr227	21186	
	adhasantana	13900	
	adhd55	14168	
	adidasbar	19882	
	adireb	1478	
	adiwasyl	11318	
	adjacent	33918	
	adjustnet	37836	
	admi123	35368	
	admiralchucky	5323	
	admonitio	36358	
	adnuser	6336	
	adolf45	14493	
	adonis77	19812	
	adorn	12087	
	adozark	4345	
	adpkilluminati	27790	
	adraa192	14544	
	adrenaline1	31557	
	adria34	12749	
	adrianagora	37858	
	adrianfent	21169	
	adsa99	25238	
	adson01	12651	
	adteem	18305	
	adumas420	22916	
	advapi32	7756	
	advent930	22889	
	adventuretime05	11941	
	advobro	11105	
	adwardbob	18985	
	adzski	12679	
	ae0634hu	31837	
	ae1977	17369	
	ae86	20591	
	aechairo	11407	
	aeff88	32319	
	aekara4ever	24634	
	aelin	10769	
	aeneas	12596	
	aenema313	13322	
	aeris	5404	
	aerkanxia	21483	
	aerobubbles2	24418	
	aerogel	4110	
	aerosoladdict	36627	
	aeroz	5356	
	aesopsrocks	23756	
	aestival	19830	
	aestle	9393	
	aetad7	34226	
	af62knc12	28582	
	affhous	184	
	affhous2	1513	
	affiny	35805	
	afford	2304	
	afj&ograve;		35710
	afkjones	22640	
	afonsobrandao	17212	
	afraudster	12629	
	africancandy12	13555	
	africandave	23041	
	afrochainsaw	12682	
	afrolayan	26920	
	afronegrobarb	14811	
	aft0ec8h	16914	
	afterdark989	9965	
	afuflores	35002	
	agadashi	33941	
	again	33752	
	againoncemore	18834	
	againstall	16721	
	againstthewall	16174	
	agame157	18815	
	aganex01	36677	
	agas	13855	
	agata12	10505	
	agent-oddd	24642	
	agent027	22049	
	agent472	19329	
	agent99	26946	
	agentincrime	14772	
	agentl	18538	
	agentm00se	26784	
	agentnomero1	16686	
	agentofkaos	35907	
	agentorange420	21706	
	agentsmith	6126	
	ageofpoo	6455	
	aggressor	9610	
	aggrobait	14096	
	aggydidit	19615	
	agimhz	39146	
	agip	2289	
	agmsta	1347	
	ago15	36659	
	agodzilla1	1397	
	agodzilla2	1746	
	agonize	36995	
	agor	36791	
	agora1	30494	
	agoraddict1	6109	
	agoraorange	17645	
	agoraphobia22	9197	
	agorb	27143	
	agpleasestandup	999	
	agroyt	32414	
	agth12	30965	
	agx_excl	11698	
	agyarko	24771	
	ahahgetit	12789	
	ahdls	8275	
	ahindrih	16798	
	ahjussix	27751	
	ahmetfam	34538	
	ahoj22	35521	
	ahokX	11038	
	ahola999	24596	
	ahvipealik	11856	
	aidenlot17	20426	
	aidenpierce2	9521	
	aiiDaH	34650	
	aim1219	35326	
	aintnolove	21768	
	aiojou	11076	
	aiopudhfo45245	25371	
	aira	11578	
	airborne35th	8164	
	airborntesla	25063	
	airdr	8101	
	airjordan23	24069	
	airjordan4ever	28947	
	airtiess	36372	
	airvent	11399	
	ajar	28702	
	ajax13579	38399	
	ajax72	19976	
	ajax73	13627	
	ajaxs	12332	
	ajc654321	38302	
	ajeje	406	
	ajensengpalmer	8490	
	ajeva	16416	
	ajohns	37189	
	ajonaye2006	7567	
	ajones	22963	
	ajsoprano	10950	
	ajt49	35439	
	ak00	10460	
	ak47shot66	24105	
	ak53	27262	
	akaaka55	22011	
	akai	33946	
	akaij	39128	
	akaiuk	31159	
	akamac	37391	
	akamai	36641	
	akash44	13290	
	akb0804	18427	
	akdabeast	25072	
	akdov2	7333	
	akdrewski	10971	
	akira434	34749	
	akiskvakis	36356	
	akulamatata	11648	
	akunfagjidpnce	22122	
	akurei	31700	
	akuse	23636	
	al13n	27851	
	al_du	15436	
	alaaf	34314	
	aladinking	19866	
	aladinking1	25426	
	aladinoxx	9803	
	alaindelon	1556	
	alakazamz		10879
	alamo22	17889	
	alan-keys	18446	
	alanhat	4933	
	alanjohnson	21192	
	alano	27469	
	alanshearer1979	9798	
	alaska	6387	
	alawiii	30038	
	albanase	20605	
	albanlesse	14792	
	albbudz	16762	
	albert3	29328	
	alberteinstein	6220	
	albertico	12059	
	albertosocrates	31279	
	albertsmith	29603	
	albertspeer	24195	
	albig73	22435	
	alblay71	17143	
	albn	23688	
	albundy	4154	
	alcatraz90	529	
	aldogrossi	13366	
	aldohexose	17293	
	aldostus	31834	
	aldoushuxley	13378	
	ale_38	37265	
	alebundy	11593	
	aleivanov	14863	
	alek99	37137	
	alekseev	16255	
	alertone	12557	
	alevay	4886	
	alevian	34294	
	alex-85	27828	
	alex19	8825	
	alex1jones	37468	
	alex20012002	17365	
	alex919	4483	
	alex_kidd	14709	
	alexander01976	22294	
	alexander123451	18425	
	alexandergrate13	17730	
	alexchilton	16708	
	alexclare	37756	
	alexdelarge1312	24817	
	alexdelargem11	9882	
	alexdmt5950	18271	
	alexenglish	3726	
	alexeyrnd	687	
	alexilaiho68	23804	
	alexio0304	27030	
	alexk1d	24307	
	alexk212	24082	
	alexmagnus	7926	
	alexmdma	29191	
	alexos	3402	
	alexru	5633	
	alexterca	30964	
	alfa	13041	
	alfaandamiga	3126	
	alfacomet	24303	
	alfand22	26183	
	alfax	4800	
	alfie007	13315	
	alfie300	17514	
	alfkre	12121	
	alfons	19012	
	alfonsus	36854	
	alfos	3760	
	alfredo39	32032	
	alfricet	14513	
	algaefree	19435	
	algirdas	7436	
	algol	21330	
	alhattab	10437	
	ali1234	23416	
	ali6258	27533	
	ali83	2048	
	alias5	3271	
	alias525	7835	
	alias99	377	
	alibaba10	13795	
	alibaba16	11194	
	alibabaNL	2502	
	alibabaa	9907	
	alibabaarab	14826	
	alibrite	6736	
	alice101	36075	
	alice731	17808	
	aliceant	3890	
	alicia	32166	
	alien12	12752	
	alien9o	8376	
	alien_aliene	29469	
	aliendator	10171	
	alienpiss		22014
	alienware05	23199	
	alighaligh	9877	
	alinco	23981	
	alino20	26811	
	aliusss	14829	
	aljandroos	14846	
	alka66	22024	
	alkaloid		267108
	alkfa	24508	
	alkuhawlik72	25514	
	all4hustle	21907	
	all4you	7976	
	allah	15302	
	allan	23515	
	allanon	7140	
	allblacks	5541	
	allcapz	29055	
	allday98	24949	
	alldayeveryday	12096	
	allenk	21509	
	allergodil	22002	
	allgonepetetong	21778	
	alliancesjc	13995	
	alligot	20800	
	allin8280	13547	
	alliron		72005
	allisgood	6081	
	allisone392	19392	
	alllike	2446	
	alllsrck	20355	
	allnight	29269	
	allyb	6036	
	almiforo	542	
	almost2high	2535	
	alnehayan	19610	
	alnow		269379
	aloha420	21275	
	alomazad	34711	
	alongcrazyuser	24601	
	alonso	1819	
	aloread	38296	
	alorec	12835	
	alpha1	5461	
	alpha19	39536	
	alpha22	26717	
	alpha420	15958	
	alphaPew	22587	
	alphabear	6281	
	alphabeta	10703	
	alphabeta9898	8332	
	alphabetaomega	31674	
	alphabetty	12307	
	alphabigmouth	20479	
	alphadog01	558	
	alphamonkey38	8734	
	alphaplusultra	22820	
	alphasojourner2	10394	
	alphatwofourty	11299	
	alphez	28471	
	alpine2014	16481	
	alprazi	1131	
	alreadygone	24856	
	alrida13	25095	
	also	21897	
	alt12345678	6166	
	altajade	3559	
	altajadeinspirit	26829	
	alternate23	13886	
	altintop	19792	
	altocumulous	38951	
	altoid	4543	
	altrouyalt	14735	
	altus2555	10977	
	alvaro2	36746	
	alvesbeach	25670	
	always420	18970	
	alwaysdankrupt	24719	
	alwaysfun13	28773	
	alwayshigh	7143	
	alwaysonpoint		14233
	alwaysright		13700
	alwaysxballin	5326	
	aly94	1616	
	ama8002	12484	
	amab	11732	
	amadeus	350	
	amadeus0987	4091	
	amadeus555	36851	
	amando1	12219	
	amandus	18950	
	amansup	7248	
	amasoldier	18090	
	amaz0nia	4349	
	amaze3000	19556	
	amazigh	12885	
	amazinger	35328	
	amazingsammy	15310	
	amazon	10007	
	amazonion	7095	
	amberleaf1893	33170	
	amberleaf24	13038	
	ambiguousenigma	1066	
	ambiwalentny	26171	
	amboss	18398	
	ambre	22361	
	ambrosia	15496	
	ambs2236	31626	
	amdm1234	30009	
	ameliabalzac	28723	
	amenz	2204	
	america	24370	
	americabro1212	22551	
	american54	34194	
	americus	10899	
	amerikandream	2219	
	amexicant	9014	
	amg63	19727	
	amgbab	70	
	amianonnow	21802	
	amiareyou	13736	
	amigo003	7057	
	amigogo	7946	
	amiond	8526	
	amirkhan		40166
	amitryptylina	31702	
	ammo28	27891	
	amn0918	33610	
	amnesey	13221	
	amnesicBytes	31403	
	amonra	17675	
	amountperserving	4775	
	amp707	39240	
	ampickers	35995	
	amputateyourhead	28775	
	ams93	10640	
	amsterdam4all		146702
	amused	33120	
	an0nium	4778	
	an0nt0r34	30587	
	an0nym0us	5849	
	an0nymous	36394	
	an97d814	1864	
	anabolicwhey	34162	
	anabolicwindow		325369
	anacletopayaso22	10142	
	anaconda		30250
	anacondabut	14729	
	anacondaman	15487	
	anakin121	7033	
	anal_probe	35451	
	anangrymob	8750	
	anarchiste	30745	
	anarchy99	5785	
	anaslex	3115	
	anatolia	12908	
	anatomy666	29275	
	anchientlib	4138	
	andanotherthing	3941	
	andcats	22798	
	andelson	18816	
	andevak	2400	
	andfrim	22741	
	andie	22074	
	andifree	23230	
	andiloso		40336
	andiste	5760	
	andora	5601	
	andrea2009	18575	
	andreababy	26445	
	andreahugs	10339	
	andreahugsagain	35198	
	andreasfallz	25996	
	andreasrza	9792	
	andrei	898	
	andres1	21057	
	andres964	67	
	andrew54	96	
	andrew7876	22459	
	andrewjackson	5053	
	andrewl0l	19534	
	andriuxa	13072	
	androcity	32652	
	android2	2774	
	androlean	6814	
	andstyalli	7238	
	andthealien	35066	
	andwhatsnext	7240	
	andy	9834	
	andycrown22	16284	
	andyrt	18412	
	andyuki	140	
	anelder	8819	
	anewusername	19827	
	angel1	8194	
	angel2008	20194	
	angela	18565	
	angelatwerkmore	21383	
	angeleyes125	36875	
	angelfirestar	8036	
	angeliika	23892	
	angelo1111	7137	
	angelo42	10227	
	angelojos		19515
	angelolev	31974	
	angelos	2782	
	angelpason	5807	
	angelus11	21582	
	angelwane	29431	
	angen	18584	
	angiewil45	35377	
	angleofattack	14251	
	angrycustomer	5196	
	angrytoast	25555	
	angvil13	2960	
	angz123	12593	
	aniclip41	35524	
	animatedfoliage	17785	
	anisetta	12707	
	anitablunt	16662	
	anjax	14889	
	anjunabeach	18841	
	ankitap753	32506	
	annakova	32532	
	annanonax123	10238	
	annapurna	3097	
	annemasse	7408	
	annesophie	34912	
	annie_r	37115	
	anniesohigh	19973	
	anniewallace	5410	
	anno1337	15882	
	anno333	400	
	annon1	7070	
	annon3991	26766	
	annonus	24436	
	annuler2	15382	
	anojuls	16439	
	anomaly	15524	
	anomie	11524	
	anon00	12851	
	anon0009	14575	
	anon0710	24097	
	anon12341	7545	
	anon123456		22680
	anon12420	31416	
	anon14		205452
	anon15672	30074	
	anon1612	8561	
	anon2012	513	
	anon247365	30458	
	anon359235	19187	
	anon36413	8635	
	anon41	12039	
	anon420000	21708	
	anon4fun	2620	
	anon788	33489	
	anon8534	2854	
	anon881	11335	
	anon963258	4901	
	anon9736	28369	
	anon998	8359	
	anon_666_89	12064	
	anon_me	11036	
	anonbagofskin	39167	
	anonbluurr	21179	
	anonbuyer1997	15116	
	anondick	9530	
	anondump	9433	
	anonguy74	17350	
	anonhw	31991	
	anonimoose	12736	
	anonman212	38565	
	anonmoney	17515	
	anonmous_anarchy	23794	
	anonomousvendor	14497	
	anonoob	4939	
	anonooomoto	2127	
	anonsearch	35318	
	anonski	10130	
	anontoker	944	
	anontorguy	16610	
	anonventure	7794	
	anonym99	10113	
	anonymaus	19378	
	anonymity	11292	
	anonymohello	8725	
	anonymous1	1986	
	anonymous2	1552	
	anonymous2148	21283	
	anonymous747	12944	
	anonymous75814	1129	
	anonymous7878	13768	
	anonymous79	28245	
	anonymous_doe	4626	
	anonymous_nova	27613	
	anonymousaddict	9808	
	anonymousbacon	38892	
	anonymousben	9499	
	anonymouse	2307	
	anonymouse999	20965	
	anonymousfucker	11720	
	anonymousonion	35919	
	anonymouswon1	30186	
	anonyuser	1279	
	anonzil	12075	
	anoone	23234	
	anorris1	38919	
	another211	9176	
	anotherhuman	33169	
	anotheronebite	9122	
	anphrax	27072	
	ansage	30600	
	answerman	22734	
	ant000	26216	
	antani123	22213	
	antanix2	3214	
	antant100	1786	
	antho57	3063	
	anthonycarter	21834	
	anthonyrome	13058	
	anti	838	
	antimatter3	37575	
	antman	4474	
	antoinette	14669	
	antonchigurh	14450	
	antonio155	30492	
	antonio44	9015	
	antoniotony	12279	
	antonlavey	35481	
	antonyy	7271	
	antor	8044	
	antsaps	1364	
	antuan99	6951	
	antwest1986	29293	
	anubis69	11548	
	anussmith	8854	
	anwarhu79	35680	
	any1	947	
	anymaus	20158	
	anywhere	15913	
	anzuleiro	14129	
	aoeusnth	11912	
	aoriginals	20016	
	aositinglin	18010	
	apVtp093	19096	
	apachebanks	16406	
	apctaz	9184	
	apecz	21248	
	aperson14706789	12860	
	apeshit	9386	
	aph82	10465	
	aphrodite	93	
	aphrodite123	7103	
	aplemix4	1470	
	apmulapmul	27493	
	apollo		14439
	apollo45s	18035	
	apollogreed	29740	
	apostleleary17	7288	
	apostrophe	7643	
	appHacker		73234
	apple-ice	18260	
	apple1	8793	
	apple2014	15824	
	apple555	2529	
	apple_okc	6042	
	appleeuro	30206	
	applefanboy	9885	
	applegg	1618	
	applemister	35051	
	appleotterbox	19081	
	applepie12	8789	
	apples119	10409	
	appleseed	3404	
	appleservice	37084	
	appolion	12832	
	apresarch	6299	
	apricot	33279	
	aps-	2877	
	aps-temp	11757	
	apsmith33	31226	
	apuaustralia		44884
	aqswde	31129	
	aquarian	39145	
	aqwx	27620	
	arabtony	4964	
	aragonite	5265	
	arampe	21686	
	arandon	18280	
	aranox	10909	
	arbarbar	21726	
	arbeitarbeit	26180	
	arbeitsamtt	23192	
	arbok49	29570	
	arcadia	7992	
	arcana	4627	
	arcanyx666	16870	
	arcerius	7327	
	archa7777	22819	
	archdukefranz	34424	
	archer24	7837	
	archer_drezelan	7043	
	architecht	6772	
	archos	12784	
	archpenguin	23158	
	arcsales		1785
	arctic		83387
	arcturusprime	3774	
	argean_alubolg	35736	
	arhangel	8960	
	arhat	17137	
	ariad20		4889
	ariana	3249	
	ariek	6024	
	aristoledo	16382	
	ark1	18	
	arkan0	27522	
	arkasiawubs	691	
	arkham9	6228	
	arkhamanon	6167	
	arkitekt	7274	
	arkor1986	7823	
	armaan56	32736	
	armagetonboy	14293	
	armagh	12645	
	armalos	25438	
	armani77	4978	
	armenios	3332	
	armgold	11193	
	armgold1	19573	
	arminpa65	24425	
	armote		35925
	armswited	2576	
	armyboy	2113	
	armyboy1984	32452	
	armyranger51686	11242	
	arnagos101	10079	
	arnaud12	26167	
	arod409	7130	
	arodnap	32293	
	aromasin	3895	
	arrowboy	29185	
	arrowman	2907	
	arsenal07		8101
	arsenalthrough	18686	
	arson	13853	
	arstoien	8502	
	art05	5391	
	art_of_the_con		38473
	artemis66	15319	
	arthak	20512	
	articcat17	4741	
	articz	16596	
	artioma	15314	
	artline500	9357	
	artofcarding	892	
	artur15	8995	
	arturdent15	8841	
	artwar	8364	
	as00m	10043	
	as12as	8244	
	asahi	3386	
	asalama	16009	
	asap2chainz	14910	
	asapronnie	33017	
	asasas1	8379	
	asd1qw2	22280	
	asda123	5625	
	asdf4040	10836	
	asdf7777	9165	
	asdfasdf12344	11575	
	asdfasdf532	29914	
	asdfasdfffewg	27189	
	asdfg1928	7592	
	asdfg7172	36699	
	asdfghjklak	37206	
	asdfgzxcvb1	34563	
	asdfoptb	15900	
	asdfqwer1234	12512	
	asdfw	24526	
	asdljaklsjdaj	9451	
	asdlkj	569	
	asemmyrre	17618	
	asf953	13205	
	ashker	31965	
	ashland4073	11852	
	ashleytisdale	10020	
	ashmund	16244	
	ashogooner	23315	
	ashspare	10811	
	ashtraypress	33073	
	asianfusion	27648	
	asianpersuasian	24654	
	asifyouknow	11630	
	asilosmagdalena	11945	
	asisa	4335	
	asius		399666
	asm7797	33740	
	asmith1	10803	
	asoom	9788	
	asot	8091	
	asot700_	28278	
	asotehrucdshb	20975	
	asouljah	13405	
	asparagus	11537	
	aspire7750	15069	
	asprin	32789	
	assam	30398	
	assasin	6499	
	assbanger1	6597	
	asscrack	6510	
	assmanim	14401	
	assrapenigger1	9900	
	assuncao	16156	
	astaaaa	36853	
	astar860	3128	
	asterik216	8650	
	asterix12345	6055	
	astonedman	7938	
	astonished	12391	
	astonkusa1	14747	
	astrac	20068	
	astral9	14702	
	astralfire666	30780	
	astridricadona	7603	
	astroboy87		12576
	astrofonik	9959	
	astroim92	9467	
	astronaughty	22800	
	astronomicat		61810
	astrovia6		279826
	astujis	9906	
	asurbanipal	26872	
	asusa	29115	
	asycobud	34542	
	ata100t	15473	
	atari	9562	
	atarriFerrari25	18516	
	atestview	29525	
	athelas	29611	
	athenas	8939	
	athenathegreat	8171	
	atilla0308	11829	
	atlantic	332	
	atlasrising	17111	
	atlasshrugged	2314	
	atlconnect	31777	
	atm0	19797	
	atm718	1705	
	atmosfear	28822	
	ato2014	5022	
	atomicdog	9427	
	atomiclad	17234	
	atomicmass	7214	
	ator	2648	
	att4k	6920	
	attiladanun	8261	
	attr1b	5593	
	attugaga	14673	
	attune	12747	
	atuamama	15682	
	audiotechnica	39674	
	aug88	6148	
	augi	6326	
	augustwest	28420	
	aulonocara	8971	
	auntyn	6096	
	auracle	5843	
	aurai	16672	
	aureleetwinston	1329	
	aurora	618	
	aurorab	869	
	ausMethimports	4200	
	aus_connect	16082	
	ausbe	28468	
	auser	6332	
	auser123	14008	
	aushi	9251	
	ausimport		324313
	auspost		159332
	aussie88	5705	
	aussiedude27	16170	
	austrianmilkcow	37973	
	austro2014	12269	
	authentik	37392	
	authwiggidy	30921	
	auto587643	25040	
	autoexchange	24609	
	automatic_jack	21753	
	automatik	3342	
	autonomous6	34767	
	auxin99	30230	
	avalanche	20229	
	avantgarde	11772	
	avatar220	22791	
	avatarP	30823	
	avdul666	19611	
	ave1111	30276	
	avealaugh	38155	
	avedalton14	26917	
	avenge	5895	
	averageconsumer	7890	
	averagejoe	5941	
	avermotic	17010	
	averno150	9932	
	averoh	7166	
	avid	506	
	avogadroconstant	9759	
	avoided	22655	
	avoideddd	29486	
	avonb	9065	
	avowing	30199	
	awaddap	4440	
	awaydepetro	36583	
	awdlijawdlij	10399	
	awesomebrodie	13411	
	awesomeface224	5179	
	awesomepp	21446	
	awil357	7732	
	awilson1	33595	
	awlaQ	6246	
	awol819	5287	
	awola77	10922	
	awowe	14809	
	axagui	7313	
	axdy420	3094	
	axiomatic	26324	
	axman22	11858	
	axolotl	10159	
	axperjahn	7987	
	axtrader	29415	
	axus	4238	
	ayafan	11542	
	ayavvaska	2245	
	ayed12345	622	
	ayen0nny	4396	
	aylue	12381	
	ayoade23	16733	
	ayoung83		36365
	aysen25	9916	
	azax666		42580
	azazel666	2235	
	azer293	12363	
	azerty3028	9739	
	azerty91184	13625	
	azertyui93	33246	
	azims099	27543	
	aznh3or	20314	
	azrael999	24503	
	azuro1312	34941	
	azzure	5152	
	b-o-b	29154	
	b00gienights	29722	
	b00ked1time	36216	
	b0nKeRzZ	15081	
	b0risl33t	8475	
	b0x1337	7816	
	b0x3r	2900	
	b12bro		26518
	b1gg1esmall	9555	
	b1llyhunt	23702	
	b238588	38621	
	b40490246f	12242	
	b4rc0de	4897	
	b4rt	12238	
	b4zz	23749	
	b7FGR4W7FB4	24969	
	b7ac77	7174	
	b9a5v3p	17798	
	bBllsI7	8642	
	bLazEr2184	38127	
	baal666	2860	
	babafriday	9470	
	babas	20739	
	babbbaooo9	33243	
	babble	19997	
	babblebeats	4510	
	babita	7427	
	baboo2603	23826	
	babouche0	39131	
	babs999	13771	
	babsber	38169	
	babun	6362	
	baby_ug	594	
	babybee	35053	
	babyfoot	14651	
	babyjeezus	16513	
	babylon-doomed	7577	
	babylonwillfall	15709	
	babypowder	9365	
	babyshoez	33860	
	bachlovesstories	33875	
	back1008	10398	
	back2flash	36934	
	backfired	3370	
	backofapostcard	2343	
	backthebeef	34706	
	backupplans	11898	
	backwardsschool	19484	
	backwoods	5667	
	bacon22	4094	
	baconman35	24700	
	baconsambo	35116	
	baconspam	9818	
	bacontripper	39555	
	bad-yoda	13129	
	badabing19	36020	
	badabingbadaboom	17985	
	badam	18331	
	badanglzbite6988	12849	
	badas6	13875	
	badbadboy	4580	
	badbitches	10917	
	badboy1	34875	
	badboy1961	11273	
	badboy6225	16008	
	badboy79	6653	
	badboybrat		301259
	badboymc	14225	
	badbrains	21162	
	badbrother	33676	
	baddazzent	18570	
	badenbaden	34374	
	badger101	11297	
	badger3	4588	
	badgerman2	6224	
	badmantrig	34573	
	bado	9662	
	badoo666	2240	
	badteeth	4843	
	badwolf1234	25107	
	baffietaes	18961	
	baggy	3368	
	bagueton	9323	
	bahamaz	1876	
	bahlool	2496	
	bahr	4713	
	bainbrain	1439	
	baisch	25653	
	bajabaja	3354	
	bajoloho	11620	
	bajul	32036	
	bakedpotato1626	39538	
	bakerbaker	34134	
	bakery1234		24210
	bakery1245	20340	
	baklavachristof	21436	
	bakounine	12698	
	bakteria	37758	
	balam	460	
	balamala	5689	
	balchinian4lyf	18671	
	balduran234	9625	
	baldyballs	38727	
	balger	33945	
	ballan	21106	
	ballanciaga	11371	
	baller_90	3104	
	ballerina52	12063	
	ballistonix	22219	
	ballz	2540	
	ballz69	7534	
	balmain	9951	
	baloy08	2207	
	balr2014	17854	
	balrog	9764	
	baltar	6679	
	baltazar666	35345	
	balubaer	10476	
	balugawhale	22602	
	bambeskeiser	2543	
	bambo1982	4882	
	bamboopanda	13552	
	bambubu	7121	
	bamby	39824	
	banana49	37108	
	bananachips	12980	
	bananahammock	3310	
	bananajoe2000	18140	
	bananapower	39403	
	bananaswirl	34668	
	bananenbom	33303	
	banano92223	1658	
	bandanaman		27772
	bandcamp91	4254	
	bandcampsr666	7925	
	bander	2791	
	banditascarbone	10005	
	bandors	38414	
	bandoz147	22540	
	bandzior	4022	
	baneit	9022	
	bangbang22	26935	
	bangersmac	26499	
	banglamamu	3237	
	banhuhoian	10075	
	banjo77	19630	
	banjoexpress	8727	
	bankbuys118	5383	
	bankbuys119	5479	
	bankc	15569	
	bankingtransfers	30704	
	bankonit	33516	
	banksy	16712	
	banktransfer	2441	
	banmenot	6642	
	baobaoxiong	4724	
	baotoujin	22160	
	baphometh666	20358	
	bar0090	25536	
	barackocarda	29206	
	barbaDOS	7793	
	barbara	26060	
	barbc	7792	
	barbelith	25310	
	barbera	32791	
	barbiegirl	15000	
	barbzdopi	23744	
	barca	14077	
	barca83	13738	
	barclaykha	10962	
	barclays99	24833	
	barcleys	29943	
	barcode1111	19700	
	bardamu	3073	
	barecountry	26228	
	bareknucklejack	9979	
	barkly	6763	
	barkodas	23081	
	barlanda8	8125	
	barlock	6747	
	barma	15727	
	barney77	13566	
	barney989	28802	
	barneyrubble	3221	
	barnez	13636	
	barreface	18044	
	barry1432	17976	
	barry22	16002	
	barry33	16022	
	barry_j	28730	
	barryevo	7346	
	barryshitpeas	6639	
	barrywhite	7100	
	barryzevo	20606	
	barslow	21898	
	bartard		127724
	bartender32	7379	
	bartman	33032	
	bartock	6933	
	bartosz	27887	
	bartr	10241	
	bartx	1255	
	baryo	22642	
	bas31	2036	
	basedcookie	18748	
	basemoon	6725	
	basepeople	28781	
	basepiy2k	3680	
	basepiy2kshop		24750
	basetostraight	12696	
	bash420	22159	
	bashbauer	9841	
	bashii1991	39517	
	bashmans	4362	
	basic_human	12865	
	basket	7301	
	basketball	10301	
	basketballgoth	8283	
	basscode	12031	
	bassfreak	21229	
	bassic	22918	
	bassmasters	7181	
	bastardo246	10771	
	bastards	14605	
	batchking	1770	
	batcountry		75595
	bateye3	30452	
	batfire	11637	
	batman139451	25494	
	batman19	249	
	batman312	28134	
	batmanandrobin	22044	
	batmaun77	8827	
	batmeninvisible	14756	
	batmobile007	15663	
	batoquejodel	15526	
	battlejuice	14834	
	battyness	39618	
	bauer69		166633
	bauernfreund	20686	
	bawa	4650	
	bawbag01	24426	
	bawbagdude	34632	
	bawqyksbukpx	5882	
	baxinho	3828	
	baxmans	37631	
	baz3828	20397	
	bazdy123	20547	
	bazek	32419	
	bazookajoe	5894	
	bball123	29155	
	bballer007	17549	
	bbb123	12299	
	bbb1233	13187	
	bbb3000	33801	
	bbbb47	12098	
	bbbtrust	12090	
	bbbtrust111	13113	
	bbbtrust1112	13175	
	bbbtrust12	12492	
	bbbtrustcouk	12145	
	bbeto1964	8058	
	bbond99	10760	
	bbrandom1537	31347	
	bbuyer	9233	
	bcbuds		29102
	bcferlo		6195
	bcjr	20581	
	bclarkent	3282	
	bcndrugs		116265
	bcpltd		20624
	bcre8tiv	12844	
	bdawg111	29834	
	bdax	13612	
	bdaybang	12201	
	bdk069	30905	
	bdoverlytmp	1521	
	be2d2	37902	
	beachbum8732		22755
	beachlova927	5736	
	beachturtle	21427	
	beadyl	7307	
	beakdipper	10951	
	beaker	3335	
	beakertube	9945	
	beammeup	4972	
	beamo	6118	
	beanz23	36243	
	bear111		3714
	beardedbrew	2169	
	bearmex66	28608	
	bears	9772	
	bearsfan87	527	
	beatdre	5034	
	beatlefangirl	1489	
	beatlesfloyd123	21459	
	beats	2832	
	beatsbyray	14384	
	beattlejuice	10332	
	beautifulliar	35334	
	beaver13	6408	
	because	38450	
	bedia06		201835
	bee2bee123	13362	
	beebob123	4478	
	beeebeee	10996	
	beefhead	23898	
	beeflat	10335	
	beefman	11316	
	beefy1369	9242	
	beenieboom	12435	
	beentrillone	15268	
	beepboobbill	8169	
	beer	15933	
	beeralex55	13042	
	beetlejuice2121	27506	
	beezel	6976	
	beffie	10483	
	begun	2905	
	beherenow23	24868	
	behindthecurtain	6359	
	beholdapalehorse	19670	
	beiberhole69	6950	
	bekakom	181	
	bekwesgar	23016	
	beldaroh	25810	
	belial6669	11401	
	bella-again	7828	
	bellegardefd	31038	
	bells	7190	
	bellybusterz	28415	
	belphegor		20965
	belvedere	11339	
	bemused11	21146	
	ben1002	9247	
	ben777	8990	
	ben911	2834	
	benali	27374	
	bendavis89	38772	
	bender100	34771	
	benderoz	11583	
	bene74y	22817	
	benedict9211	13271	
	benelux	10297	
	bengeben	13350	
	benhat123	9248	
	benjamin15	28432	
	benjamindover	31311	
	benjamins4747	22065	
	benjaniah	37602	
	benjs100	34068	
	benjwg	12408	
	benko	30728	
	benmartinezca	14569	
	benmoshea	27301	
	benny-redbull	11820	
	bennych	22852	
	bennyhill	2160	
	bennyhillton	39518	
	benpablo	5100	
	bensobror		36373
	bentheman	28256	
	bentil	28195	
	bentzr	3076	
	benyakrik	2019	
	benzogod	6921	
	benzohead	14553	
	benzoman		161707
	benzon	2659	
	benzopro	20086	
	beolight	18451	
	beortheold	30066	
	berlingo	6443	
	bermuda	21866	
	berna	1211	
	bernhardi	5240	
	bernie922	19021	
	bernietorreswf	25624	
	berri1943	87	
	besmart	33658	
	bestcalibuds		11839
	bestofbest		316105
	bestuserever	29801	
	beta1	4150	
	betalution	30139	
	betalution2	32871	
	betard	9474	
	betax86	21862	
	betazocker	5557	
	betelgeuse44	29964	
	betelguese	15244	
	betito	25697	
	betterbestealth	11656	
	betterthantitch	15279	
	bettybop	31566	
	betweenarock	7539	
	betzola	32954	
	beur3r	18956	
	beute	36918	
	bewart1	22276	
	beye4404	8209	
	bezee	170	
	bezem1982	3933	
	beznus	9235	
	bfgshres4y3	25736	
	bgdu85		116986
	bgorman79	4720	
	bgsth	26759	
	bgtoker420	11313	
	bgurion32	13489	
	bhamballer	30763	
	bhps9231	37262	
	bibadger	12609	
	bibbs	6871	
	bibby	2055	
	bibbybibby	15941	
	bibeloeba	34539	
	bibifock	12463	
	bibifuk	15111	
	bibs64	25853	
	bichodope	8324	
	bicoma	35018	
	bicyclerepairman	26996	
	bidingmytime	28357	
	bien11	11737	
	bifiapp	12347	
	big-digit	3580	
	big-ff	2259	
	big370	15169	
	bigHit	17218	
	bigTP	9118	
	big_bear	4183	
	big_import		93649
	bigandbad	28123	
	bigbadandheavy2	20720	
	bigbadbannanaman	15213	
	bigballer69	4351	
	bigbig30	37940	
	bigbird14	14686	
	bigblooper	12984	
	bigblue49	10070	
	bigbluesky	12370	
	bigboi11	16287	
	bigboob	5952	
	bigboss00	36921	
	bigboss007	10902	
	bigboss22	16640	
	bigboss23	8562	
	bigboy0990	1419	
	bigbro0611	25273	
	bigbrownbear	32366	
	bigbrownbox	8554	
	bigbrowser4	8528	
	bigbuyer08	2465	
	bigdaddy35	22601	
	bigdaddy85	5812	
	bigdave	7471	
	bigdick99	34493	
	bigdickbigdick	23658	
	bigdog	5977	
	bigdog42	17217	
	bigdumps	38664	
	bigdunc	32663	
	bigfeet	5357	
	bigfuck	2706	
	bigger-suz	29386	
	biggercock	20612	
	biggestbuyer	17340	
	biggie187	35044	
	biggie1977	33078	
	biggucci8787	38785	
	bigguwop	11253	
	bigguy	8697	
	bigguy1986	29210	
	biggyboss22	34208	
	bighomie1	7200	
	bigigcard3r	9762	
	bigirmana	29231	
	bigken7714	1689	
	biglegzzz	10161	
	biglemonsquare	13990	
	biglug3	33592	
	bigmafia	23466	
	bigman78667	1904	
	bigmbigm		206906
	bigmoney22	23	
	bignickmetro	15690	
	bigobi	32609	
	bigpimpboy	16991	
	bigred8732		160257
	bigrgotit	39540	
	bigsam	21628	
	bigshot1990	29582	
	bigsmallbuyer	5221	
	bigsoj121	37077	
	bigsummerblowout	27385	
	bigtex89	19043	
	bigtk	31356	
	bigtony77	37142	
	bigwang45feet	19092	
	bigwatchface	19304	
	bigwave123	31228	
	bigweeman	10084	
	bigwetfish	32297	
	bigwilly	20820	
	bijikurdistan	20217	
	bikerbarnes	13956	
	bikers12333	15177	
	bikes1	9560	
	bilbao1	30109	
	bill762	18375	
	billadenuga1	11263	
	billaheat	39812	
	billandben	343	
	billauk	12733	
	billburroughs	6062	
	billc1974	9867	
	billerSin	8133	
	billfold	10450	
	billiewhiz	5825	
	billion	6398	
	billoddie	34541	
	billstoni	35003	
	billy201	2583	
	billy21061	8260	
	billybob9999	20911	
	billybobjoe66	30846	
	billybud	13305	
	billybuddy	28100	
	billyc	5204	
	billycat	6395	
	billyconnolly	17525	
	billyjoel	6076	
	billyk786	2821	
	billyking	31303	
	billynomates354	38403	
	biluzinha	1050	
	bimbob	2899	
	bimbse123	15867	
	binarybob	27999	
	binga	11090	
	bingoClowno	14298	
	bingob	4017	
	bingobongo	10765	
	bingoman	29608	
	binkie	2537	
	biochem1	31637	
	biocode	26975	
	bionik		347960
	biotech	11034	
	biotex	4993	
	bipolar2	1040	
	birdandmandi	35847	
	birdbiotic9	2680	
	birdfeeder	12316	
	birdman	2590	
	birdman1400	13077	
	biscopat	6287	
	bisounours	21245	
	bistroboy	28337	
	bitandcheese	25612	
	bitblender	7523	
	bitblender2	21700	
	bitboy96	36662	
	bitcards		9228
	bitch2000	10679	
	bitch333	9509	
	bitchesaintshit	33288	
	bitchesonmydick	35579	
	bitcoin229	15746	
	bitcoin8675	23659	
	bitcoiner	2599	
	bitcoinity	17653	
	bitcoinrudolf	2665	
	bitcointalk	10375	
	bitcointalk101	10031	
	bitcommit95	20348	
	bitdrone74	34265	
	bitelf	10984	
	bitflag	3437	
	bitg123	13497	
	bitgame	13082	
	bitgamelab	12482	
	bitgamelab1122	13007	
	bitgamelab123	13002	
	bitgamelab12345	13613	
	bitglasto	9720	
	bitjedi	12983	
	bitjunkie	2982	
	bitmapx	16455	
	bitmining101	20579	
	bitmixerio	11946	
	bitmonster		29954
	bitpill	29282	
	bitterleaf		3299
	bittobit	3478	
	bittrsweetsanity	25176	
	bitulent	3138	
	bizarro	2743	
	bizmarkie	34368	
	bizude	7286	
	bizzardnight	27106	
	bizziboz23	34392	
	bjason1	3885	
	bjqsjfqnq68	10138	
	bjugstadluongo	33326	
	bkarza	14108	
	bkm101	5310	
	bl4ck3skim0	19975	
	blabla333	11807	
	blacboard	38010	
	black0987654321	17032	
	black1122	9727	
	black5555	8864	
	black_balaclava	7112	
	black_garuda	33143	
	black_men	7188	
	black_rabbit888	14391	
	black_saddam	35388	
	blackb	6144	
	blackbeard1989	21414	
	blackbeard76	33858	
	blackbeard9989	21820	
	blackbird37	6638	
	blackblood	23030	
	blackbusinessevo	36268	
	blackcandy	25528	
	blackcat	2755	
	blackcat2014	2201	
	blackcat766	34652	
	blackcbo	21084	
	blackchili	30436	
	blackchongqing	5864	
	blackcoin	1189	
	blackcreep	4032	
	blackcurrant7	4245	
	blackcybernet	27485	
	blackdice	21223	
	blackdoctor		160246
	blackdog62	4806	
	blackdog88	32896	
	blackdogshit	9131	
	blackdok	18070	
	blackeaglenl	15469	
	blackestpikachu	32458	
	blackf0x	30616	
	blackfatjesus	14307	
	blackfire	215	
	blackfrankwhite1	36917	
	blackguard	15480	
	blackhat000111		281380
	blackhat52	1829	
	blackhat82		8474
	blackhatter007	14498	
	blackhawks12	36257	
	blackhck		90509
	blackhit55	29733	
	blackhole	2306	
	blackhole_emc2	28449	
	blackhollowgrave	1733	
	blackhorse1988	28946	
	blackishcat	20124	
	blackjack13	10481	
	blackjesus	2736	
	blackjew	15464	
	blackk2350	12371	
	blacklagoon	17100	
	blacklistme666	2082	
	blacklives	2121	
	blackmaestro	34174	
	blackmajik01	15108	
	blackmamba	7216	
	blackmambas	7504	
	blackmarket9	17460	
	blackmarketer	1514	
	blackmaster131	13107	
	blackmastu	15374	
	blackmonkez	545	
	blackone234	11614	
	blackorange	10515	
	blackout123	24572	
	blackreing	22447	
	blackrequin26	1724	
	blackroomb0y	4815	
	blackrum	1640	
	blacksad	11594	
	blackshark	2258	
	blacksheep666	707	
	blackskinhead666	24066	
	blackslik	16579	
	blacksmith11	21249	
	blacksmith111	27867	
	blacksmith1905	1184	
	blackspider	11892	
	blackspider99	9043	
	blackwater52	12251	
	blackwater91	19011	
	blackwhitetan	19564	
	blackwindowcap	18405	
	blackyu	22335	
	blackzabi	37888	
	blad3	4235	
	blade154	16738	
	blademan444	7902	
	blagga420	35477	
	blagoumarg	26718	
	blahblah	2784	
	blahblah666	13035	
	blahdude69	6995	
	blakeberner	34507	
	blammor	4448	
	blanco777	28068	
	blanco_diablo	7447	
	blancoteam	12874	
	blane1950	37453	
	blank420	24060	
	blanket77	37209	
	blankman	2443	
	blankus	4373	
	blankzerghit	12693	
	blaqtuesday	36088	
	blarney	2598	
	blast	23286	
	blaster	8905	
	blastoiseXXX	7290	
	blavim3	7671	
	blavk	22091	
	blavkjr	22704	
	blaxx	17426	
	blazdude	7810	
	blaze2690	37796	
	blazeguy	8962	
	blazin12	4197	
	blazinallthetime	2793	
	blazinkualla	24658	
	bleaners	23184	
	bleedasap	12611	
	bleeder	3538	
	bleekki2	27577	
	bleghburger	32206	
	bleh	12951	
	blehcheeze	12834	
	blekota	33581	
	blessmycouchass	21350	
	bleucash	7824	
	blick13	39779	
	blimp0	23522	
	blimpsoap	7602	
	blimthepixie	15630	
	blind	4555	
	blind_lemon	16766	
	blinder	35065	
	blindmagic	10344	
	bling	6051	
	blinkybob	11936	
	blissful	31515	
	blissful_shaman	8503	
	blitsjongen	27754	
	blizp	24102	
	blizzard10	11948	
	blkham702	12673	
	blknight33	6709	
	blobbermasta	20440	
	blobi	29291	
	blobthebob	25348	
	blockchain	20758	
	blocker	5360	
	blockhead	11295	
	blockheadz	16920	
	bloconix2	34547	
	blodynipple	94	
	bloggins		29768
	bloodhound55	17441	
	bloodred27	35433	
	bloodworthy	23790	
	bloodyknuckles	5984	
	blooloomsire	26621	
	bloopr	30347	
	blowfish	37684	
	blowingloud	22935	
	blowmeplease	10062	
	blowmoney1996	23202	
	blowmoneyfast2	35397	
	blowmymind	13764	
	blownaway44	1141	
	blownkush	26721	
	blt85	18759	
	blub3	5457	
	blue3	39171	
	blue404	32586	
	blueandpurple	18161	
	blueballs	3611	
	bluebathrobe	27110	
	bluebear	2991	
	bluebluesea	3413	
	blueboxexpress	12469	
	bluecamel90	12728	
	bluecardinal	15174	
	bluedevil		15576
	bluedinghy	11444	
	bluedog8113	13647	
	bluedream	18079	
	bluedreamz	19358	
	blueedition	29136	
	blueey1212	32138	
	blueflanel	2825	
	blueforest		24160
	bluefunk	12897	
	bluegiraffe		15774
	bluehappyfeet92	33367	
	blueisthecolour	4427	
	bluejesus01	10688	
	bluekda	27537	
	bluemagic21	5554	
	blueman12	6077	
	blueman123	4740	
	bluemonday	36077	
	bluemoon22	27971	
	bluemoon420	4920	
	blueox502	14197	
	bluepipe1	22705	
	bluesanzor	9263	
	blueshorts	4513	
	blueskies	3852	
	blueskies331	3182	
	bluesky		7280
	bluesmachine	33267	
	bluestalker	37834	
	bluetwo	18879	
	bluevelvetcake	8935	
	bluevioletbuy	12936	
	bluewater	29111	
	bluewizard	33140	
	blufields	8566	
	bluishbeard	19876	
	blunted23	10253	
	bluntsnigga9999	34859	
	blupush36	10961	
	blur	23927	
	blurluck	4549	
	blutpopel	20497	
	blvckking	1176	
	bm009988	36410	
	bmore	11573	
	bmsusm	25703	
	bmw745i	7666	
	bmwm4321	38911	
	bnetkillzone	25682	
	bnuighuigui	14283	
	bo604	10430	
	bo99999	4329	
	boab	1047	
	boar311	15507	
	boarf	24252	
	boat	1661	
	boatsanhoes	38940	
	bob-bitchin	4464	
	bob12321a	23929	
	bob1994	35421	
	bob4200	19360	
	bob588	1942	
	bobajob	7161	
	bobarcher66	6902	
	bobbackland	6209	
	bobbele	154	
	bobber	23911	
	bobblehead19	10284	
	bobblehead20	17415	
	bobblow	1716	
	bobbobbob	3612	
	bobby1315	8239	
	bobbyb17	16960	
	bobbybands	24857	
	bobbybobsen	35756	
	bobbybrown1	5916	
	bobbybrown1988	5814	
	bobbybuble	938	
	bobbyearl76	34336	
	bobbyewing	32623	
	bobbygeneric	10269	
	bobbyhand	26983	
	bobbyhill	11236	
	bobbyjoebob	7115	
	bobcatpride19	6936	
	bobchobtl	37591	
	bobdehuisbaas	34269	
	bobhopex	25669	
	bobhung123	24121	
	bobi	5721	
	bobjohnson1234	33454	
	bobjohnson782	26062	
	bobjonesu	37725	
	boblikesbeer	36505	
	bobma	22710	
	bobmark	33733	
	bobmarley69	25212	
	boboav	13446	
	bobomarin24	18011	
	bobotata11	6071	
	bobpgp	26371	
	bobs91	10379	
	bobsacremento	345	
	bobspender300	352	
	bobthesheep	7295	
	bobwheeler	19491	
	bobybob	2723	
	boccaccio	34451	
	bodiddly	18469	
	bodie91	28338	
	boeman	6982	
	bograd2	36895	
	boisionberry	27862	
	bojangles420	12081	
	boklika	28502	
	bokonon22	26885	
	bokosa	8644	
	bolaget22	8517	
	bolgar		355547
	bollhav	35946	
	bolokian46	20428	
	bolts	5570	
	bolus	17904	
	bomba7	16930	
	bombay23	11998	
	bomberoner	29365	
	bombinitorini	13186	
	bomboss	6583	
	boncave	38103	
	bond007	5866	
	bone1234567	18520	
	bone8		11420
	boneman	29257	
	bonerpants	14456	
	bones11	813	
	boneskull	4804	
	boneznigkar	27243	
	bongergarage	12049	
	bonghits4jesus	5463	
	bonglight	3975	
	bongo	495	
	bongobongo	2873	
	bongobongobongo	5066	
	bongos	15356	
	bongspliff	7910	
	boniba01	19109	
	bonibon	12281	
	bonjour	13640	
	bonnie	3561	
	bonny	25088	
	bonnyville	6599	
	bonz	27670	
	bonzokush	14968	
	boobbyjoe	21480	
	booboo	1973	
	booboobear	6703	
	boobsie	16339	
	boobsluthuh	32084	
	boodyinma	7039	
	boogie	2585	
	boogieKnight	34847	
	boohoo	28619	
	boojiboy101	5920	
	book	2261	
	bookouttahere	37748	
	boomboompow	34697	
	boombox	6272	
	boomboxfunk	13108	
	boomerang	6924	
	boomertime420	1474	
	boomkapow	36311	
	boomshaka	8949	
	boon21dox	5704	
	booom	24872	
	boot14	1825	
	bootrunner		187481
	bootybandit	28303	
	booyahz	35829	
	borat69	38251	
	bord	29235	
	borderline	2895	
	borge_victor	14147	
	borisbecker	32514	
	borishufson	7368	
	borngborn	273	
	bornruffian	15858	
	bornsinner	1100	
	bornslippy	5835	
	borntobewild	10199	
	borntodie	4269	
	bornwinner	12099	
	borris12345	2601	
	borsok	12028	
	bosatlas	37131	
	bosco_jones	10412	
	boscobosco	23995	
	bosko	9552	
	boss	2752	
	boss12	7433	
	bossbud	29433	
	bossensk	19538	
	bosshog90	15745	
	bosshogg8	8312	
	bossman10	11558	
	bossmanjay187	26066	
	bosszozo	1283	
	botanikk		32781
	botfly82	16377	
	botgirl1234	11915	
	botone	541	
	botte	22061	
	botticello	26253	
	bottomdrawer	29881	
	bouie34	1094	
	boulzai	242	
	bouncy12	32750	
	boundtofail	10683	
	bounty69	16993	
	bountyhunter	6727	
	bourbon57march	39418	
	bout350	15598	
	boutit	22130	
	bouvier34	24788	
	bovinetb	6046	
	bowboy	9252	
	bowflex	27928	
	bowie1910	4584	
	bowwow247	8188	
	boxblue	2001	
	boxboom	34324	
	boxcutter	15846	
	boyb10	13192	
	boygeorge	6221	
	boyka	1730	
	bozapub	26099	
	bozolovesmolly2	35058	
	bozzmann	68	
	bp73	20852	
	bpafree	13562	
	bqa217	31152	
	br117086	33619	
	brabus63	860	
	bradbury2483	17670	
	bradde	7269	
	bradleycooper	10102	
	bradpitt	1309	
	brahmsss	31885	
	brainchild	1059	
	braindeadalot	9094	
	brainjohnson	7506	
	brainlessmofo	12934	
	braintrust	9837	
	brainvalid	15834	
	brainy	13372	
	brak11	7883	
	branbrain	245	
	brandcrowww	12937	
	brando	12334	
	brandon50112	11687	
	brandx0511	22958	
	brass67	18653	
	brassmonkey	31369	
	brasston	32552	
	brav0s	16184	
	bravearmorslave	15147	
	bravefoot	14160	
	braveheart	35032	
	bravoxx	29762	
	brazilboy	3902	
	brazilcomz	23500	
	breadkun	27645	
	breadman	18123	
	breadwinner	3240	
	bready	23179	
	breakingbad11	19492	
	breasticles	27586	
	breathe72	29254	
	breathing	18523	
	breathran	3899	
	breeboy	4376	
	brennain	30578	
	briangroslin	21155	
	brianlock	2604	
	brianwalke	20731	
	brianwhite	37739	
	brickboyy	3783	
	brigada09	26734	
	briggs	13860	
	brincev	38756	
	brinkmaskey	309	
	brislo	16903	
	brita1	13109	
	britishfakeids		1757
	brixton101	10610	
	brkbad	8274	
	bro111	17825	
	bro7	21734	
	broadsword	2128	
	broclean	14135	
	brodagh	11230	
	brokendreams	31922	
	brokenstring	10585	
	bromcheek	8208	
	brooker36	38842	
	brooklynbaby	9424	
	broombroom	24993	
	brosef1	13529	
	bross	16574	
	brotholopithicus	11082	
	brouzoubik	6643	
	brown81	13258	
	brownbadman	29781	
	brownblade	26762	
	browntable	35287	
	browse	7458	
	browseguy1116	20801	
	broxy2225	26733	
	brqst	6666	
	bruce167	25875	
	bruceleroy	13906	
	brugo	33764	
	bruh88	17553	
	bruhmanfrom5d	25615	
	bruins	21876	
	brundlefly88	21588	
	brutalcuzz	10510	
	brutus4554	29357	
	bryanjo	13977	
	brünoschmidt	13517	
	bscott1196	29551	
	bsmoker18	22284	
	bsolo	6447	
	bsrtdssaa	1741	
	bsuyroup56	9933	
	bsz8hxh86	5855	
	btc123456	3442	
	btc4life4	29466	
	btcblizzard	37241	
	btcftw	3350	
	btcgenius		35752
	btcminer	5060	
	btcmoney	36880	
	btcpal		41525
	btcsales	2767	
	bu11d0g	8883	
	buadmon	26770	
	bubatzer	15545	
	bubbakush	39825	
	bubbelator	19526	
	bubble19	26637	
	bublu	30448	
	buckgrower	22207	
	buckiii	14712	
	buckwild	13653	
	budbrain	5377	
	budddwyer	25761	
	buddercup		92915
	buddha0	28552	
	buddhaboy77	18150	
	buddies08	11640	
	buddysbuddy	23543	
	budfried	22607	
	budmann	12940	
	budsman3	13073	
	budzilla	5668	
	buffalocatday	18922	
	buffet18	25490	
	buffygirl	25056	
	bugatti9999	9645	
	bugmenot	3025	
	bugsbuggin	8885	
	bugsbunny-se		193405
	bugsbunnyswe		25228
	bugsysunday	27029	
	bugtu70	32249	
	bugzys777	11967	
	bulbmaster	12631	
	bulkman	38592	
	bull_t	33506	
	bullboxfred99	27211	
	bulldogsnake	4726	
	bulletproof	2187	
	bullholeyo38	24344	
	bullman	13961	
	bullox	11527	
	bulltemp	11248	
	bullwinklex	24271	
	bulova2007	5334	
	bumbawarrior	19920	
	bumberclar	9423	
	bumble701		206970
	bumhead	14277	
	bumpbump1	11408	
	bumpbumpo	8440	
	bunaalt	34423	
	bunchafunk	12003	
	bundlebrot	561	
	bundyxtc	1284	
	bung	4825	
	bunkeywoser	2513	
	bunniesofbliss	24749	
	bunnybee	5361	
	bunsenbeaker	28531	
	burak2	3322	
	burberry	1067	
	burgerpie	11859	
	burkey22	38743	
	burnedout	30603	
	burner	31094	
	burningman69	9908	
	burnmanytrees	18209	
	burnoutx	8454	
	burntout101	19810	
	burritoz	34756	
	burrows43	11943	
	bushdoctor	30790	
	business	1273	
	businesschap	426	
	businessfirst	2917	
	businessmansmg	5174	
	busta21	11979	
	busybee	12565	
	busybusybusy	25121	
	butch_cassidy111	21100	
	butteredstuff	35759	
	butters5	20883	
	butterskush	15472	
	buttfucker123	13016	
	buttholessuck	14309	
	buttonhead	3699	
	buttons11	9587	
	buttparis	5744	
	buttplugboy15	23021	
	buttpotato	33863	
	buy0r	10189	
	buy1evo	33393	
	buybuy	25456	
	buycc21	5140	
	buydontsell	37319	
	buyer	1963	
	buyer111	92	
	buyer123	19987	
	buyer123456789	34688	
	buyer321	33684	
	buyeraccount	11907	
	buyercoop	6805	
	buyerno1	39181	
	buyertest123	3822	
	buygoods	26438	
	buyit	26034	
	buyonly	6267	
	buyonly2	1781	
	buypax	11921	
	buysomeshiz	27192	
	buytheticket	31505	
	buzo	9822	
	buzz4123	33057	
	buzzer23	24125	
	buzzmonster84	27339	
	buzzwoody	37715	
	buzzy	9436	
	bwz23	28771	
	bxbvmxbieiiop	34904	
	byG90	24648	
	byanymeans	5927	
	byebyej	37841	
	bynand	26901	
	byoon	16710	
	byroNt	14123	
	bytebybyte	2749	
	byter71	14610	
	c00rs	9832	
	c0bra	11706	
	c0d3xdude	7682	
	c0nk3y	6275	
	c0nqueso		22798
	c0rps3dge	26264	
	c0rrupted	3952	
	c128	13059	
	c1d4	17980	
	c1do132	11183	
	c3z4rr	16589	
	c4our20	39465	
	c4rm4	522	
	c4s4n0v4	12258	
	c4t3y3	34588	
	c5e0fa5f19	6229	
	c5ibuys	21449	
	c6907f	7948	
	c888fu	24236	
	cANDc	19447	
	cD9HxZOxUnVPoQw	11192	
	cWpuTp5niR	22790	
	c_2_c	18299	
	cabbage	13019	
	cabbagehead	27138	
	caboucha	21139	
	cabraloko	28520	
	cacadoi	34979	
	cacawachi	37860	
	cackman	8297	
	cadex13	35884	
	cadillacrainbows	3124	
	cadoo	21904	
	caesarsalad	26960	
	cafetacvba	9487	
	caffeine99	22622	
	caffeinecraze	828	
	cagrix	12867	
	cain	7129	
	caine4me	32989	
	caipiroska	914	
	cajuca	7281	
	cakeisalie	24633	
	calabroma	6086	
	calamity	37114	
	calamity69	31108	
	calcal	4083	
	calculator	36685	
	calev	15144	
	calhounboi	1849	
	calibirds	16072	
	calichick91	11523	
	calicojak	36447	
	calif2014hoops	28863	
	california-guy	12260	
	californiaconnec	12403	
	caligula199	8587	
	calimba	27992	
	calino681	21211	
	calintibilek	32710	
	calippso	13122	
	calislacks	32431	
	calister	34357	
	callmeoasis	21724	
	callsman2	2990	
	calyr	14785	
	cam0	13946	
	cam693	15023	
	camac	30245	
	caman	29359	
	camanders	10262	
	camboguy	7483	
	cambssupply	30378	
	camcam444	16279	
	camel	179	
	camel1	6612	
	cameleonroad	31479	
	camelz	23800	
	cameron7	28105	
	cameronlewis	28128	
	camilazul	16225	
	camlgod	10097	
	cammozabisyu	16451	
	camolando	34510	
	campfire23	24464	
	campsite	9595	
	campushero1	8508	
	camron1129	20807	
	canabis	14460	
	canadaflag		29801
	canadapilot	22105	
	canadasunshine		45266
	canadian	36668	
	canadianexports	23574	
	canadude	7037	
	canardo44	31036	
	candyapples	28676	
	candybars	35427	
	candykrush55	32699	
	candyman19	729	
	candymanuk	30406	
	candyraver	17378	
	canelo45	15905	
	canino1997	23944	
	cannabiscafe	13349	
	cannabisismanna	7008	
	cannabliss1	11944	
	cannabyte		25877
	cannalution		115227
	cannaweed25	27172	
	cannedgoods	12515	
	cannibas	23406	
	cannon	5271	
	cano53	20424	
	canofbeans123456	23360	
	canondragon	34483	
	canoxy		173689
	cantalapiedra	5294	
	cantcatchme	5491	
	cantown	11366	
	canuto68	24085	
	canyonman	2266	
	canyusan	25161	
	caocao	9691	
	caparks	14247	
	capealava	9786	
	capecappo	1875	
	capecobras	3650	
	capetown100	8902	
	capita420	8606	
	capital	3419	
	capitancook		105458
	capitu	20183	
	capo56	11158	
	capone	4554	
	capone213	2481	
	capone214	2489	
	caprice	31395	
	capricorn85	438	
	captainbake92	27287	
	captainelmo	23767	
	captainfalcon302	37081	
	captainmeatball	39235	
	captainmunchie	22508	
	captainskyhawk	9124	
	captainsnow	17790	
	captaintfu	9111	
	captainzo		105848
	captdred	25488	
	captemmy12	88	
	captweirdo	18622	
	carameltimtams	26316	
	caravela	10596	
	carax	24486	
	caraxism	15830	
	carbonnnn-12	18994	
	carbonphil	12404	
	card	933	
	card2015	26822	
	card_king	3235	
	cardbuyer	1102	
	cardcap657	8616	
	cardcrash	26009	
	carderjoe85	9042	
	cardeurshop-Fr		362391
	cardexpertdev		279913
	cardhackian	35151	
	cardhoar	3568	
	cardies101	7005	
	carding0	26852	
	carding4dummies	2351	
	cardingDell	1452	
	cardingzone	626	
	cardiologist	28679	
	cardkinguk	28046	
	cardocrypto	95	
	cardugina	13887	
	carelessness	28574	
	careswho	9493	
	carhar	38498	
	carhartt1	17133	
	carlarcrazy	7744	
	carlcrooks	29105	
	carlitorodrigo	23764	
	carlos1050	26213	
	carlos420	34870	
	carlospicyweiner	5958	
	carlsagan	28968	
	carlsdancing	11506	
	carlton2014	7108	
	carltonbreezy	34915	
	carlvon		88127
	carmes32	34530	
	carnage07	3787	
	carolina	26132	
	caronte82	5245	
	carpatrol	24525	
	carpediem	10759	
	carrom24	13255	
	carrotcake	2286	
	carrothead	27090	
	carrotjuice	5585	
	cartelkid	35734	
	cartelo13	13119	
	cartelversus	36944	
	carter345	7084	
	cartman	27213	
	cas414	11063	
	casablancavic	14554	
	cascade	12239	
	casdiangreen	3735	
	caseinpoint2341	39768	
	cashandshit	26825	
	cashcow72	36644	
	cashcr0p	28353	
	cashflowsup	33665	
	cashinter	36267	
	cashley77777	14899	
	cashman1	5378	
	cashmeresweater	24912	
	cashmoney420	35606	
	cashmoney69	23432	
	cashone	17380	
	cashout12	35077	
	cashout2015	33451	
	cashoutboys	36192	
	cashoutt	25793	
	cashy123	36923	
	casimir555	3194	
	casio414	21077	
	casiofx	29744	
	casper0696	2700	
	casperbuyer	24800	
	caspertheghost	374	
	cass187	13045	
	cass2115	39833	
	cassano	8884	
	casteli	7183	
	castlechariot	19083	
	castro6891	10081	
	catanroge	10561	
	catapultturtle	18946	
	catchmeifyoucan	4117	
	catclaw79	37963	
	catfish50	16111	
	catfish916		300081
	catgirl45	18514	
	catinthehat	4783	
	catkiller14	26260	
	catmandooo	12726	
	catmandu69	5850	
	catplay		210418
	catroot2	1972	
	catscan	32346	
	catsgomeow	24908	
	catsinthecradle	23383	
	catspajamas		19623
	catsrcrazy	33083	
	cattleman	12933	
	catundercar	9429	
	catus	5129	
	cavalomarinho	7524	
	cavepers0n	37590	
	cawalk	18350	
	cayenne		268021
	cazorla19	12953	
	cb123	5838	
	cb7560438	35491	
	cbaron	21292	
	cblo168	6519	
	cboschen	156	
	cburk12	20991	
	cc4621a	36095	
	cc4u772	9430	
	ccarterr	4187	
	ccbrazil	19420	
	ccbuyer	1014	
	ccbuyer11	24043	
	ccc2241	10497	
	cccamsuperdeals		43257
	ccdetails	36153	
	ccdurham5274	6745	
	ccj9	615	
	ccjohncc1	24666	
	cckcc	35771	
	ccltd99	18178	
	ccm1	10805	
	ccmeplease	9457	
	ccoossmmiinn	15510	
	ccpages	18256	
	ccpost3r	12589	
	ccrab	9174	
	ccsbitcoin	11726	
	ccvault	3340	
	ccvv	4065	
	cd091256	7268	
	cd0pe	34634	
	cd8n		197851
	cd9dd0c7c1885224	6122	
	cdbey	12054	
	cdnduppy	11649	
	ceasarj	5818	
	cedaba82	30371	
	ceeton	15032	
	cegherap	13148	
	celes	677	
	cella	8387	
	cellcom9999	12916	
	cellphone	1442	
	celtic9	13778	
	cenforce	20681	
	ceostatus	33898	
	cepo76	36919	
	cerberys	706	
	cermebaatsisvye	7664	
	certs1234	22814	
	ceusel2006	14254	
	cex-io	15777	
	ceysu	26893	
	cga1	4553	
	cgibin	18093	
	ch33z3cak3	25261	
	ch3cKP0intIzEFBI	35233	
	chacha	9270	
	chachagiz	9241	
	chacomoli	25857	
	chad999	5995	
	chaddihead	27852	
	chadhogan121	22222	
	chainblock	19917	
	chainsaw420	2002	
	chairman58	35897	
	chaiwala	1907	
	chakam1945	35683	
	chake	8794	
	chalkboard	6503	
	challenge1	29290	
	challenger1919	33703	
	chameleon	15901	
	champagnegirl	38559	
	champagnetito	26603	
	champer	12613	
	championop45	8005	
	champone	12583	
	chamstar22	37069	
	chan123	25634	
	changemonger	22125	
	chankowpung	9649	
	chano	29211	
	chantello	4381	
	chaoshypemasterx	751	
	chaoticneutral		47396
	chapchap	30515	
	chapeaux	31579	
	chaplaine	5555	
	chaplin	24974	
	chaplincharlie17	9543	
	chappiz	25504	
	charadeyouare	10890	
	charas	3328	
	charcoal7	14962	
	charevo	26595	
	chargestop21	24996	
	charlem12	34678	
	charles	3782	
	charlesbroccoli	23742	
	charlesbronson	32930	
	charlesdarwin	1882	
	charlesdarwin93	13940	
	charleshem	33545	
	charlestube	26679	
	charleswood074	16379	
	charlie102810	2958	
	charlie123	1967	
	charlie69	21458	
	charlie77777	29989	
	charlie_086	16340	
	charliebrown12		392731
	charliecharlison	1961	
	charliesays	24924	
	charliesbest	33969	
	charlieslookout	25232	
	charliharper	18781	
	charly949	17320	
	charlysnow	32510	
	charmin	5798	
	charnel	17932	
	charon	2738	
	charritah1	9999	
	chaser44	19470	
	chasingthedream	32270	
	chavez23	13952	
	chaz0r123456	35641	
	chazz	1920	
	che666xxx	16214	
	cheapbeer	11199	
	cheapguides101	21071	
	cheapluxury		158027
	cheapparrot	12504	
	cheappills	2384	
	cheapthrills		394005
	checkbook	26584	
	checkingout	4356	
	checkmate	499	
	checko200	20446	
	cheers	3912	
	cheesebear	26731	
	cheeseburger234	18646	
	cheesecakestew	6487	
	cheesegrits	35566	
	cheesesticks	23394	
	cheetotheburrito	15847	
	cheezwiz	4306	
	chef420	13374	
	chefchao	14152	
	chefinpain	29037	
	chefmartin	15185	
	chelsea_king	33149	
	chemicalb	16897	
	chemicalmik	30383	
	chemicals		19815
	chemicalshop		18566
	chemichrist1	8381	
	chemtourist	30571	
	chemtrail1	4651	
	cheodore	25174	
	chernobyl	24624	
	chernogorsk	28848	
	cherrytomatoes	12971	
	cheryl001	8263	
	cheshunt	35626	
	cheskacheska	7780	
	chesneycheese	3157	
	chestermanuk	29583	
	chestplayer	8129	
	chevelle	5084	
	chevy2	36371	
	chewichwichwi	13448	
	chewy1504	25831	
	chiag	6741	
	chicagocigar	5568	
	chicken_salesman	17571	
	chickendippers	2504	
	chickenehead	16691	
	chickenleg777	8983	
	chickenmarx	15609	
	chickenmister13	28667	
	chickennoodle	2886	
	chickenwings	26080	
	chico1979	1026	
	chico3	29085	
	chidzezuma	6882	
	chiefchokeaho	10861	
	chiefkeef300	2132	
	chiesel5	12669	
	chile2323	24891	
	chilipapa	32259	
	chillbro	2871	
	chilldik	25557	
	chillies	23363	
	chillinallday	7914	
	chillinone	8095	
	chillpillz	5219	
	chillstorm		173126
	chilltweaker	7225	
	chillum	3924	
	chimaira	32505	
	chimchim	30808	
	chime	10143	
	chimere	24473	
	chimichangajones	19152	
	chimiracle5thave	35635	
	chimp	2356	
	chimpanzeethat	13116	
	chinaAAC	22764	
	chinabb	8482	
	chinabroker4life	34695	
	chinacat	22929	
	chinawhite	9707	
	chineseholiday	1481	
	chinesemonkey	17724	
	chinesetrain23	18339	
	chingchangchong	25029	
	chinitobro	25524	
	chino-coke	13842	
	chip999	16052	
	chipaddiction	21212	
	chipandwing	8783	
	chipsmunk1	10310	
	chipsta1987	10934	
	chiqouta	21467	
	chiss101	6997	
	chitownsubs	13328	
	chiukup	18249	
	chiver75	4049	
	chlf	10261	
	chlorineisgreen	34466	
	chluke	16683	
	choad	37537	
	choata15	9789	
	chocolatedroppa	24560	
	chocolateman123	23131	
	chocolates577	5729	
	chocolatesunday	5290	
	chocolope	5043	
	chocomou	22708	
	chod	1103	
	choice	2378	
	chongdude	33702	
	chonk420	13745	
	choofington	23796	
	chopcc	137	
	chosen1		20218
	chosencarefully	5562	
	chowderhead	26857	
	chrdm	11510	
	chris29664	29569	
	chris3225	36692	
	chrisTel	4776	
	chris_carter	36375	
	chrisb83	24645	
	chriscarg	28329	
	chriscoke	1046	
	chrislance80	25500	
	chrisog1977	1275	
	chrispbacon	25852	
	christ123	5900	
	christianaicher	4069	
	christinakyle	32571	
	christine	5809	
	chrmit01	37244	
	chronic180	27967	
	chronic1973	10548	
	chronic3137	22326	
	chronic584	15238	
	chronic777	27661	
	chronickush1234	7514	
	chronicmeds		195270
	chronicpainmen	7343	
	chronicphonics	37851	
	chronz82	33068	
	chuckfinley	402	
	chuckfinley1	795	
	chuckfinley69	24132	
	chuckmoney	15124	
	chucky	1348	
	chuggers1302	12243	
	chujwdupe	32959	
	chukbuk	9876	
	chule157	15843	
	chumba472	25207	
	chumbawamba	9105	
	chumbo	28344	
	chunklover69	13127	
	chuntyrosa	7546	
	chuny	8534	
	chupalo420	5583	
	ciacia91	13394	
	cian_emilio	21630	
	cib3rthug	16094	
	ciccioci	7889	
	cicciosharing	6776	
	cido1540	39121	
	ciemny	718	
	cigarcigar	235	
	cigsmoker13	11644	
	cilmpyj0o1hxAnSn	11611	
	cindelle	12303	
	cinders	17647	
	cinemania	20766	
	cinosa	6150	
	cintruders110	13645	
	cippolippo	32365	
	circleoflife	6136	
	circleofsalt	26337	
	circusclown	15855	
	ciril	12277	
	cirrusSR	7045	
	cirslu	5123	
	cisco2014	440	
	ciscokid	22719	
	cit&eacute;moderne		10951
	citadel	9618	
	citizen1	1919	
	citizent	37239	
	citizon2	10307	
	citrusmint	2733	
	citydragon	9557	
	citysharp700	16075	
	citémoderne	2557	
	ciuffo	3052	
	civiccentre	27631	
	civikz22	30508	
	civilian	19414	
	cizia	8591	
	cjjujitsu9	31128	
	cjop00	37025	
	ckegg	27791	
	ckon1608	7918	
	ckrypt	13011	
	ckzkty	8961	
	cl559	1198	
	clackclack	261	
	clairewest	10215	
	clamslam12	24203	
	clapalot	1995	
	claptonymous	28167	
	clarenceover	11713	
	class101	29321	
	classicvolcano82	19948	
	classwarfare	18385	
	clay	4224	
	claybohne	7604	
	cleanbandit	6804	
	cleanc0de	6422	
	cleaner	2829	
	cleaner98	35212	
	cleansober	27054	
	cleargold	14533	
	clearvision	15914	
	clem5i	16585	
	cleo	14400	
	client32	37422	
	cliffbarr	15148	
	cliffton007	17347	
	climacool11	7700	
	climaks1	14461	
	climtex2000	29196	
	clinton123	17244	
	clippieee	11489	
	clique95	5955	
	clockface69	39732	
	clockwork	3449	
	cloner	27892	
	cloontje123	31210	
	closetjock	3648	
	cloudatlas	18337	
	cloudcloud	28063	
	cloudy	5351	
	cloverpatched1	23524	
	clown00	8327	
	clownpound	26219	
	clozed1139	13744	
	clr80	24816	
	clubber_lang	25051	
	clust3r	31093	
	clusterchuck	13494	
	clyde3	34023	
	clyde301	13451	
	cmac1234	1081	
	cmaster	23726	
	cmb4015	29832	
	cmc1314	28464	
	cmdr_stryker	14113	
	cmm2	11580	
	cmmtor	2335	
	cmonster	7019	
	cms0678	26897	
	cmsmbl	7071	
	cnII	13052	
	cnchewy	18430	
	cnotewrote100	8533	
	cnutz	13334	
	coalesce	24759	
	coasttocoast		3524
	cobra	3420	
	cobrahead		195389
	cobraswe		8559
	cocacola		29118
	cocacola111	1686	
	cocacolamonster	6413	
	cocainecool		123275
	cocksucker1	1566	
	cocktailparty500	23116	
	coco123147	31002	
	cocoanatta	10026	
	cocobrico	26074	
	cococo3014	18941	
	cocololo	34351	
	coconuteater911	8974	
	coconutoil	212	
	coconuts00	28478	
	cocopop	21966	
	cocopowpow		21047
	cocosel	11877	
	cocuntnut	11355	
	codenamefuture		79772
	codenamewildbill	1909	
	coderiver555	35229	
	codface	28463	
	codpro921	37979	
	codyal	11205	
	codymoore1642	8249	
	coffeeburgers	11905	
	coffeemerchant	27812	
	coffeered	11172	
	coffeez	11951	
	cognac	15797	
	cohlcohl	24093	
	coin2cash		23823
	coinedgold	8897	
	coinerx	14242	
	coinguy64		12733
	coinhut	31021	
	coinotron	36037	
	cointelpro5	4893	
	cokeandwhores	5243	
	cokebottllee	16252	
	cokemaniac	13425	
	cokeuser97	23733	
	colafreezepops	17610	
	colby	24362	
	cold-bowl	18439	
	cold_blanket	6346	
	coldasice		24272
	colde1	2437	
	coldmoldy	16693	
	coldreaver	10844	
	coldstart	34489	
	coldxice	24300	
	coleslaw	8681	
	colexplus	9671	
	colgate	11621	
	colhaourze	35082	
	colhippo1	9905	
	colin	979	
	colin1	3051	
	colkgore	9425	
	collateral	9259	
	collectis	13181	
	colo13	6165	
	colocures		311488
	coloflower	33332	
	coloherbs		362162
	colonoscopy	24071	
	coloradocannabis		66316
	colorfulteddyy	24312	
	coltcannon420	24322	
	coltdan	35052	
	coltonw	8709	
	coltpeavey	13153	
	coltpeaveyfail	8344	
	coltrane	8012	
	colts		7954
	columbus112	32381	
	columbus2	6482	
	com4loves2	26738	
	comanchechief	18377	
	combatonion32	31606	
	combintoric	10911	
	comegazewithme	18883	
	comeoncomeon	24518	
	comet	1527	
	commandantdingle	29562	
	commoncitizen	7439	
	commondude06	14370	
	commontragedy	6236	
	commrade80	7457	
	communique1	25551	
	communista	35459	
	compk1ng	32643	
	compson1	19155	
	computaguy99	126	
	computerusr	1300	
	comradewithers	36955	
	comrads	2969	
	conancan67	36631	
	concealmentiskey	13018	
	condas	9120	
	conderes	22010	
	condor	3707	
	confow	20442	
	confuciusx	9156	
	confusedguy	9145	
	conifun	10346	
	connect4	13873	
	connectfo	12310	
	connermay1234	1158	
	connex		15766
	connormcgreggor	33423	
	conork	833	
	conquerDystopia	10445	
	conquistador	808	
	constructionwork	3610	
	contactlight	16219	
	contractor985	26128	
	contrapen	13897	
	contrefeit		20052
	controlshiftnfap	24978	
	controverso	6577	
	converse	9458	
	coo491	24491	
	cook	9295	
	cooked1	6701	
	cookie22	21036	
	cookiepie	25198	
	cookies1000	6610	
	cookster13	34885	
	cool4ever	9483	
	coolblue	2097	
	coolboss	26249	
	coolboy	4587	
	coolcash	36217	
	cooldog101	29183	
	cooler2q	1933	
	cooler34	34571	
	coolflying12	20295	
	coolguy372	34365	
	coolhand	10022	
	coolhandluke	3591	
	coolhead04	2979	
	coolio	2757	
	cooliojones1776	21819	
	coolj3	11482	
	cooljaz1	31438	
	coolkid64	4156	
	coollighter111	7217	
	coolmac98	35048	
	coolsurfer	3670	
	coolvilla	3375	
	coom54321	6659	
	cooolkev169	3048	
	coopcoop	8113	
	copkiller187	20682	
	copsruleudrool	16104	
	copycash	16391	
	coralgazer	24968	
	corbindallas	4179	
	corchi321	26870	
	cordial009	5372	
	corei37	7419	
	coretwo	17927	
	coreyhaim	19297	
	corkscrew	26042	
	corleone	1009	
	corleone666	16723	
	cormack	4615	
	cormacmc	24050	
	cormagcross	6831	
	cornball22	27190	
	cornchip1989	13459	
	corndog	31177	
	cornettos		32959
	cornettos		45799
	cornfedpig	27361	
	cornshucker	25811	
	cornwaffle	1984	
	cornybro	5929	
	corona69	12461	
	coronaextra		20452
	correctsix	21389	
	corrosive	2237	
	corruptOfficial		41354
	corsoc324	31126	
	cortana	24040	
	corvo50	27735	
	corvooncrack	28796	
	cosanostra	2142	
	cosmicbites		121646
	cosmicharlie666	11893	
	cosmickev	28970	
	cosmiclife0101	932	
	cosmictit	39369	
	cosmictrig	27139	
	costagd	8675	
	cottoneyejoseph	35587	
	cottonwalkway	22104	
	coucou777	38309	
	count1900	21070	
	counterfeitsdo	3574	
	country305born	28509	
	countryboy	1887	
	countup1	11220	
	courtneybabe	4074	
	coustou18	6211	
	coveredunderrwp	10558	
	covert47	35031	
	coviekiller5	19465	
	cowboy2	1445	
	cowbrice	11229	
	cowface1	28029	
	cowgoesmoo2	27057	
	cowmilker	19945	
	coxxified	1412	
	coyotes	20599	
	cozy	32442	
	cpsguy	16506	
	cpsmanager	17329	
	cpt27	1328	
	cptteemo	9947	
	cqcdw988	37517	
	cqrderfr	193	
	cr07	2561	
	cr8zboss	10158	
	craaiig1	12702	
	crabbitrun	19549	
	crabpeople	20156	
	crackajack33	31155	
	cracker101	30384	
	crackingredbird	7492	
	crackmonster	14661	
	crackpin	11970	
	crackqueen2015	28604	
	crackwhore369	32904	
	craig1366	22060	
	craiglab243	6128	
	craigman		222724
	crak	8919	
	cramcram1	23429	
	crane	6325	
	cranky	6781	
	crankyshank	38036	
	crap911	18487	
	crappy2u	839	
	craptor	24513	
	crashfear	531	
	crashman	5353	
	crashoverride2	111	
	crashoverridecc	2089	
	crashpepper	6588	
	cratz	25315	
	craulouh476	11534	
	crawfbigg	35411	
	crawlsz	13750	
	craxx33	36830	
	crazwiz234	6667	
	crazyb420420	20480	
	crazybank	14051	
	crazycarl	7155	
	crazycarl12345	12956	
	crazychris666	3620	
	crazydave	31717	
	crazydonut	13164	
	crazyfire	33816	
	crazyfuffi	9277	
	crazyguy	6809	
	crazylegs69	22119	
	crazyminiondave	14345	
	crazypoe	16070	
	crazypuppylady	3543	
	crazyshit495	22281	
	crazystyle	8645	
	crazytaco	2404	
	crckhd	23913	
	cre8iv	5054	
	cre911	24202	
	creaman	12554	
	creamyanddry	23123	
	creditcardhelp	1357	
	creditline	1205	
	creeper	17617	
	creepers	34880	
	creepingdeath	31305	
	creepingkush	3524	
	cremedela	14362	
	crenshaw	27401	
	creosote	12548	
	crfam0001	13773	
	cricchio89	8549	
	crimeallday	5030	
	crimejackOC	6168	
	crimzlm	19726	
	cringemachine	13256	
	crispo	30407	
	critical_plus	11796	
	critix	12130	
	critizizethebob	13708	
	crixus	9634	
	crocell	5563	
	crocodal	6114	
	crocoin	15931	
	crocop763	22567	
	croissant24	7625	
	crondom	3864	
	cronrizzy	10174	
	crookscastle0710	29544	
	crosstek	8322	
	crowking	30183	
	crowned352	13288	
	crowtrobot	11093	
	croze	2912	
	cruisewithme	15523	
	cruizen	36166	
	crumbly	26988	
	crunkydory	9481	
	cruser	2299	
	crusher	8640	
	crustybacon	709	
	crustypirate	15819	
	cruzers	4802	
	crybaby	5122	
	cryclarity	21083	
	crycrap	31383	
	cryngie	3881	
	crypt0231	20648	
	crypticmario	24502	
	cryptmas	23442	
	cryptocris	2789	
	cryptocrunch	31073	
	cryptoguy		19699
	cryptorlyfe	12654	
	cryptosaure	3272	
	cryptosporidium	10964	
	crysis93		29341
	crystallatti	15844	
	crystalmicky		331143
	crystalskulls	5135	
	crystalxcastles	8268	
	cs2303	20011	
	cs4455	9692	
	csc72	8835	
	cscottm	6817	
	csilluminated	29507	
	ctd432	8979	
	cthulu	7576	
	ctief	6475	
	ctmdm220	5992	
	ctnyoungmoney	5921	
	ctos1251	21340	
	cu20011	36908	
	cuban	4470	
	cubancigars	33110	
	cubephoenix	31455	
	cubereal	19229	
	cularis	28820	
	culprid	35767	
	cultus30	11707	
	cumlord	8759	
	cumulonimbus	15769	
	cunningstunt	24099	
	cunto	7675	
	cunytomtam	10504	
	cupcake	34159	
	cure4ignorance	14138	
	curiosity088	22158	
	curiosity83	3494	
	curiosone23	16266	
	curious1	1985	
	curiousPurpleblu	972	
	curiousjane55	18156	
	curiouskid	36021	
	curiousone	20228	
	curiousthisone	11689	
	curiouz	8222	
	curleystraw	36335	
	curlyhairprince	11774	
	current	3832	
	curtis4fear	8509	
	custardo118247	39274	
	cut130807	30125	
	cutcornered	23893	
	cutedoll	3177	
	cutitout	6718	
	cutter2540	19056	
	cvrcko	17001	
	cvv2heaven		43671
	cvvbuyer	1918	
	cvvv	25668	
	cvvvoice	4461	
	cw121	37652	
	cwa255	6941	
	cx3one	1889	
	cxttuml	49	
	cyan79	26166	
	cyanidical	33452	
	cyankaly	17213	
	cyanoptic	23042	
	cyanspore		280056
	cyber_ghost	650	
	cyberbuddha	11045	
	cybercomrade	7598	
	cyberdogg	8207	
	cyberhead	15838	
	cybernet	4446	
	cyberonkel	32527	
	cyberpenetrator	36740	
	cyberpenetrators	31103	
	cybertech	32614	
	cybertrack	1239	
	cyborg213	14052	
	cyborg7250i	14356	
	cyclejunky1	12650	
	cyclonee	13476	
	cydr	592	
	cymro	30898	
	cynand	16428	
	cyntax	7903	
	cypher12	29062	
	cypheromega	5415	
	cypherpunk	3357	
	cyphrox	13056	
	cypo22778	5935	
	cyprianus	39210	
	cyrius		347758
	cyrusdav1rus	35914	
	czarian007	13763	
	czczcz	9669	
	czczcz77	19497	
	czekalla	10058	
	czetta	2996	
	czrdizi	24172	
	czstuff	16772	
	d-h4wk	536	
	d00d	8655	
	d01t	16497	
	d0llaskyler	9108	
	d0lminvs	7697	
	d0lmio	11519	
	d0pe	10876	
	d0v3	13656	
	d10c12b02	15309	
	d1369	34671	
	d1747	11141	
	d1cod3x	26880	
	d1rtr0ad	15799	
	d3adb33f	17172	
	d3adlyd3mon	14388	
	d3monX	23680	
	d3p0rt	9347	
	d3p3ndz	23205	
	d3p4rtur3s	36162	
	d3rric53xpl0r3r	14543	
	d3scended	24672	
	d3zv2	12989	
	d4bdoub	9417	
	d4niel	7551	
	d4rk	2739	
	d4th	6436	
	d7atdie	12452	
	dRV5gvS9cQmdU	37263	
	d_lucifer	3829	
	daansk13	12850	
	dabberboy	11502	
	dabberpens		20830
	dabble	4234	
	dabdankking		189002
	daboo3000	5441	
	daboss12	444	
	dabs28	16191	
	dabsdabs	11917	
	dabswax	8423	
	dabutch3r	4750	
	dacardda	6682	
	dacarder123	2035	
	dachemist	11164	
	dacia	9400	
	dacowardrobford	10563	
	dad_	32645	
	dada01	26049	
	dada12	1905	
	dada56	945	
	dadaa	21025	
	dadalife10	12531	
	dadaweed		32768
	daddislim123	5506	
	daddydaycare	13894	
	daddylove	23434	
	dademurphy	8559	
	dadito		1462
	dadude1984	19649	
	dadycreeper69xx	37022	
	dadyman	7525	
	daedra	12545	
	dafaq	37916	
	daflame	35835	
	daflik	11226	
	dafumil	11357	
	daga4all	6270	
	daggy	26357	
	daguvna	32640	
	dahllers	24165	
	dahmernosepizza	23544	
	daiello-coimbra	30397	
	daifuego	17603	
	daikanjyo	19426	
	dailypiff	5751	
	daine	39448	
	dainfamousmofo	3207	
	daisygrace	31180	
	daisypig	39092	
	dakettyhorse	18274	
	daking	5901	
	dale1356	23661	
	dallascowboys4	36870	
	dalle5000	10015	
	damast34	11239	
	damcdina	34559	
	damduudam	5550	
	damien1988	2046	
	damnhardstory	28913	
	damnson	584	
	damute	31944	
	dan120	28336	
	dan269	15916	
	danaplude	1087	
	danaspilon	16876	
	danbrown1	8226	
	danc27	8820	
	dancebear26	19844	
	danceinthesmoke	14326	
	dancer	3422	
	dancingelf	29533	
	dancingwithmolly	6655	
	dandana	6800	
	dandypandy989	17170	
	dandyworld	33724	
	danealkelly		177056
	danes82reloaded	24228	
	danezot	2148	
	dangadanga	32272	
	dangdingdung	11231	
	danger777	12601	
	danglesac1234	827	
	danielRB	4663	
	danielbryan	17780	
	danish_dude	19259	
	dank420	23867	
	dank95	14741	
	dankWeed		324317
	dankent	16703	
	dankercho	20775	
	dankf2	8754	
	dankh420	36937	
	dankify	29247	
	dankindustries	5258	
	dankknad	3436	
	dankpower	26601	
	danlurkin	8878	
	danniel	39029	
	danny2014	14163	
	dannyrushed	18929	
	danpaddyandy	1302	
	danrieraland	910	
	danskeren	6544	
	danskhacker	6939	
	dansurfs	28003	
	darKo84	17955	
	dardush	21356	
	dark3301	14603	
	dark_catalyst	13739	
	dark_commandox	8555	
	dark_king	31727	
	dark_marketeer	17214	
	dark_marketeer_r	38020	
	darkangel2014	11590	
	darkarcher	10328	
	darkatom	9804	
	darkavenger	9622	
	darkbug	29705	
	darkbux14	18202	
	darkbuyer	26036	
	darkbuyer001	38536	
	darkcandy	20414	
	darkcash	34267	
	darkch33rios	39654	
	darkchop	13687	
	darkcomet		375098
	darkconsul	27718	
	darkczar	22990	
	darkdanish	9612	
	darkdexta	15224	
	darkdoudou	6911	
	darkdr0idz	15470	
	darkdreamer	20745	
	darkduck	7380	
	darkdut	17871	
	darker	500	
	darkfirefly	20103	
	darkfox	35123	
	darkgreen	8999	
	darkhat		16490
	darkhatty	29546	
	darkhorse007	9536	
	darkhorse118	5222	
	darkhorse1990	5574	
	darkjohnny5	3733	
	darkk	3880	
	darkknight212	20109	
	darklancer	23785	
	darkleimi	12681	
	darklight	1929	
	darklordie	21161	
	darkmac777	8481	
	darkmagic65	12083	
	darkman	13360	
	darkmarket		393803
	darkmatter69	36846	
	darkmatters101	32397	
	darkmax111	17750	
	darkmilitia	15945	
	darkmontagne	17349	
	darkness0243	25129	
	darknet2015	35474	
	darknetalias		93322
	darknetbot	25099	
	darknetevo	38045	
	darknetguy	23096	
	darknetmaster	32585	
	darknettn	15954	
	darknettor	29391	
	darknight	2079	
	darknight79	30925	
	darknine	17265	
	darko1408	30184	
	darkox	23480	
	darkp00l	12248	
	darkpaste69	18867	
	darkpat69	11816	
	darkpeel	20245	
	darkpussy	4686	
	darkrealm	33781	
	darkruler198	26381	
	darkshadow112	32953	
	darkside123	32372	
	darkside2	5158	
	darksidedmoon	35867	
	darksied9	5244	
	darksite		14625
	darkslayer	12719	
	darksoul82	10952	
	darksparker	10331	
	darkstar1983	38848	
	darkstar39	1271	
	darkstarwars	10010	
	darksun52	11960	
	darktimes199	10462	
	darktoast	4258	
	darktone	15759	
	darktrav3ler	37443	
	darkv0rt3x	18109	
	darkweb5891	10192	
	darkwebnews	5306	
	darkwizard	11803	
	darkyobankai	12635	
	darm	10179	
	darmy	26479	
	daronmx26	15076	
	daronzo87	4008	
	darqmyth	11140	
	darrellick	8247	
	darren	758	
	darren101	5307	
	darryl123	8155	
	dart33	35476	
	darthmaul	3217	
	darthmaulx	3374	
	darthuchia	15991	
	darthvader123	23430	
	dartking701	21790	
	dartodil	10327	
	darwinC20	38645	
	darwin_specimen	1673	
	darwinbio	30387	
	darwincharlie	720	
	darwinning	28160	
	das1289		7277
	dasiman45	15150	
	daslulzyo	5918	
	dasracht	29952	
	daswrb33st	26051	
	datBoom	29649	
	datangel	7315	
	dataprof		216129
	datface	23043	
	datgirldontcare	11053	
	datrudeboy	34856	
	datsdatshit	12516	
	datsikfunguy	32083	
	daumuielaunguri	3072	
	dave2014	25802	
	dave777	33467	
	dave_shar	8772	
	davedelta	4180	
	davemcfc	20072	
	davethomas	9868	
	daveypoo2	31609	
	david01	10009	
	daviddavid	9356	
	davidgibb033	2411	
	davidjohnsonhere	35727	
	davidmason	18115	
	davidoff2014	36501	
	davidrockefeller	16615	
	daviebreen	33142	
	davincicode	515	
	davionist00	10390	
	davos-hanich	17508	
	davyjones	24927	
	daw13	24919	
	dawriter	4878	
	day1	6183	
	dayloop19	21581	
	dayman91	24994	
	daysin	34796	
	daytona	11333	
	daytona500	31984	
	daytripperz	27465	
	dayum24	35043	
	daywalker	994	
	daywalkerog	25614	
	dayweed	33513	
	dayznight	9853	
	daz3dx	25390	
	daza	3118	
	dazedchef	32246	
	dazinzi	26864	
	dazz21	25677	
	dbauss	6045	
	dbcoop	8874	
	dbking	17185	
	dbman		169230
	dbrick	11529	
	dcbc81	11122	
	dcd7		106201
	dchamb1984	22942	
	dcltc	13025	
	dctech	24086	
	dctrozcoon	30717	
	ddan77	14920	
	ddd345	14100	
	ddd546	6469	
	ddddbbbb	7170	
	dddima	24740	
	ddelange	22037	
	ddff	12547	
	ddgddgem	11842	
	ddgoftp2	9340	
	ddigi	35507	
	ddjp5	26109	
	ddos21	31198	
	ddresearcher2014	15814	
	ddropadarky	27097	
	ddsa006	12443	
	ddwddwd	39238	
	deAlchemist	354	
	deaap	3135	
	deadbeef	7210	
	deadboy74	18754	
	deadflargy	38547	
	deadhead0830	19628	
	deadhead2617	31630	
	deadheadinbed	9638	
	deadjedi	12030	
	deadjunkie	6737	
	deadkrow	3609	
	deadleaves	30524	
	deadlock742	25707	
	deadmaufive		11837
	deadport	15826	
	deadreagans	12966	
	deadshadow	25304	
	dealindoug	10433	
	dealking87	32462	
	dealman	27244	
	dealman1	6289	
	deanowinchester	29545	
	deathbedgift2	5087	
	deathcab	22202	
	deathrow	3299	
	debarre	8165	
	debugtoken	12640	
	dec0y	37317	
	decentOne	19741	
	deceptive	7869	
	deciliter	37522	
	decima	8540	
	decker	5161	
	deconiam	19196	
	decorumest	10103	
	decracat	13885	
	dedcause	4883	
	deddred666	10643	
	dede25	20177	
	dedeisme	23203	
	deejay	35644	
	deep-noob	11007	
	deepamnetic	13629	
	deepburak1234	13395	
	deepchoice	12954	
	deepdog	9805	
	deepfry2012	37299	
	deepghanima5415	16042	
	deepgo	2024	
	deephouse	25206	
	deepkayak	17177	
	deepoil	2859	
	deepset	2350	
	deepwave	16347	
	deepwebspinner	32230	
	deepy	27146	
	deer_soup	24498	
	deesel21	12674	
	deezee	8574	
	deeznutz0101	3163	
	def-tone	21054	
	defalt2014	26604	
	defaultperson420	31549	
	defboy	5698	
	defender82	21675	
	defmos	38593	
	defrnero	9731	
	degenerateFTW	9898	
	deglingoo	4556	
	dehook	39589	
	deinemutter2015	34550	
	deinter	4115	
	deiy	31447	
	dejavu	1248	
	dejoliv	16045	
	dekramann	4710	
	dekuscrub	19776	
	del-boyTCF	12480	
	delayday	31849	
	delb0t	32127	
	delhinaanstadt	19589	
	delishwah	21452	
	dellboy1211	29607	
	delldude	25749	
	dellplate9990	30417	
	dells13	4708	
	delovoy18	978	
	delph14	33165	
	delta92	9160	
	deltao	11353	
	deltewa	3775	
	deluges	8890	
	deluxe13	5549	
	deluxer	17506	
	delvx	24207	
	dem0z	25191	
	demagogogo	13311	
	demcy	7942	
	demdrom	5580	
	demifuror	12767	
	demineur	31754	
	deminor	9537	
	demmoman666	2417	
	democrazy	34080	
	demon17	10708	
	demon1970	14407	
	demon999	11066	
	demonskater420	26785	
	demontec	3074	
	demplaces	39771	
	denaro	16486	
	denart	12977	
	denguy58	27906	
	denisx	12653	
	denkel2	34902	
	dennismckenna	39832	
	dennison	22982	
	denoinside	12599	
	dente	10408	
	dentiste	7739	
	deny	4943	
	depakan	37549	
	dephead	3481	
	derbeer	37784	
	derby123	23552	
	derejrcar	37987	
	derekjeterfan890	16942	
	derekmc	36841	
	derhappymerchant	3006	
	derkalerk7	29514	
	derpintine	7065	
	derptard	8340	
	derrusse	33838	
	derry2001	38316	
	descentdigger	37676	
	desdoge	24836	
	deselection	10799	
	desertrose	9535	
	designateddriver	8516	
	desirnord	27719	
	despe	11636	
	desperatetimes	22901	
	dessar777	5924	
	desserttime	7353	
	destiny7	13037	
	destruKtz	24585	
	deusj	15419	
	dev03xit	12587	
	devil50	12740	
	devilinanewdress	17612	
	devilmind	11056	
	devilminer	8457	
	devilslettuce101	32020	
	devirs87	26460	
	devolusionism	19822	
	devops	33369	
	dewaalrus	37869	
	dewbie226	79	
	dewbie622	13957	
	dewbiestackz81	11826	
	dewer	36144	
	dexoz	10932	
	dexplanet		19470
	dexs_L	2183	
	dexterdexter	14195	
	dexterlabs77	31524	
	dextermorgan	1000	
	dexterthemops	22510	
	dexterxtorm	1894	
	dextripp	27727	
	dextroyer	12780	
	dezarr	8063	
	dezus23	28425	
	df007	31695	
	df5ZtgS1		175979
	df6n8o	6138	
	dfg1123	2098	
	dfghsdfrghe5yhb5	25912	
	dfh14	11876	
	dfjernmc342	29014	
	dfjjfhcie12	23694	
	dfklnkapwlnt	5671	
	dfrintsr	4868	
	dfsafdsajiojew	14219	
	dgh556	1952	
	dghuul	2816	
	dgkld78	26866	
	dglol	13402	
	dgold1	8584	
	dgoni	11831	
	dgwvqf56048	22042	
	dh921	4499	
	dhealth	26057	
	dhirubhai	4133	
	di6blo6	20400	
	diablitored	9997	
	diablo666	1604	
	diablotin		10580
	diakosis		36101
	diametrical	23464	
	diamond		3699
	diamond63	24115	
	diamondamerican1	19150	
	diamonddogg	20350	
	diamondeyes	27923	
	diamondoz	33731	
	diana888	31390	
	dianaelah	18077	
	diarea	37450	
	diavolik777	6508	
	diazedan		333044
	dickcobra	5513	
	dickhead2	7716	
	dickheader	11284	
	dicktaster	3859	
	dickyb	16559	
	didgy1	8678	
	didi123	23514	
	didier1234	20399	
	didilouis	31887	
	didoo	6688	
	didoo1976	8395	
	diedonermaster	27621	
	dieform	28247	
	diegojrtj	31436	
	dieken	15264	
	diemer	5193	
	diesel1	16375	
	diesel1980	29755	
	diesel85420	38197	
	dieselmvp	11931	
	dietcoke30	4113	
	dietpepsi	18134	
	diffeo	11130	
	digar	37930	
	digger666	17356	
	diggernick5599	2950	
	diggnation	20780	
	diggs	29983	
	digiEvolve	12241	
	digispin	33556	
	digiswan	10737	
	digitaldon	31147	
	digitalgoodbuyer	3201	
	digitaljesus	13121	
	digtrep	2575	
	digweed1	16059	
	dikensrover	20336	
	dikidank	29571	
	diksomm	13294	
	dildos	27849	
	dildosaurus	5514	
	dillerfjaps	14308	
	dillyhoop	13568	
	dima	141	
	dima718	6720	
	dimati	5475	
	dimdim	12429	
	dimi8139	29027	
	dimitri45	11497	
	dimmi	1101	
	dimples	36272	
	dimsum	10654	
	dinbroder	24167	
	dinemuatta	13233	
	dinero	19448	
	dinfarfar	18613	
	dingdong	1812	
	dingdong1	11509	
	dingdong77	33227	
	dingdonglicker	37249	
	dinglejam	18989	
	dingodropper	13403	
	dingsting	26711	
	dinky33	20029	
	dinkytuesday	10668	
	dino1221	2968	
	dinohh	21587	
	dinoraver	3295	
	dio5charon5	17834	
	diocane		10570
	dionysos		18173
	dionysuss	3607	
	diosestafa		363174
	dipterrier	32843	
	dirkadirka	13970	
	dirkinky	4932	
	dirkyboy	31908	
	dirt	637	
	dirtbagiguana	7970	
	dirtybambam	26348	
	dirtyboot	977	
	dirtydan	9862	
	dirtydino	21257	
	dirtydutch2020		14448
	dirtyhands	37983	
	dirtyking		351619
	dirtyneedles	13464	
	dirtysocks78	30877	
	disc1ple	7935	
	discodave	3984	
	discountabortion		1843
	disdisdat	11171	
	disfela	5680	
	dishonored	8817	
	disjadoas82	24249	
	disposable001	30814	
	distantimporter	15301	
	districtson	9391	
	ditchutah	22822	
	ditdot	12541	
	ditdotdat	9431	
	dito19	25756	
	divabbb36	18959	
	divert	12741	
	dixa	678	
	dixeenourmous	7953	
	dixychic	10183	
	diz7y	37533	
	dizvar	6202	
	dizzy000	1484	
	dizzydean2	5099	
	dizzyrtd	4814	
	djaikovski10	15446	
	djanderzz	11356	
	djang99	30816	
	djasperelli	5976	
	djbeef123	36503	
	djdan200	10624	
	djdubbin	17792	
	djelwaeX1	35992	
	djenebagarre	35133	
	djentleman777	29892	
	djidjibidji	26362	
	djj1570	23146	
	djkameleon	22054	
	djkaos	32195	
	djlaw7	4639	
	djnutron	27302	
	djohnsen93	16050	
	djohnson1868	14124	
	djr2251	24905	
	djshaz	7473	
	dkdhtpxtjp	30824	
	dkdnz	21225	
	dkfoxen	15426	
	dksz15	37750	
	dkt6wh	1149	
	dlMA	17377	
	dlanning	28444	
	dlondoners	19863	
	dm123456	14333	
	dma9473	34617	
	dman99	19166	
	dmd123e	34147	
	dmkzncv	21977	
	dmn3857	34618	
	dmt0231	3010	
	dmtaddict	32634	
	dmun1982	10607	
	dmxfan	27657	
	dmytriyPVasyok	6345	
	dncndnts	7370	
	dnfinder529	20187	
	dnj378	19077	
	dnm_toto	6942	
	dnmalias	24713	
	dnmhistorian	23647	
	dnmtaff	27610	
	dnsat	9294	
	dntmindme	35161	
	dnto7feu	32589	
	dntshot	15354	
	dobbyland	25459	
	dobermann_33	6618	
	dobinn	38124	
	dobit	9185	
	dobleezerosietee	33670	
	docbogs2000	11674	
	doccholiday	36377	
	docholiday	3347	
	docmomo99	11015	
	dococ	11830	
	doctor_winter	8628	
	doctorbho	23979	
	doctorfilth	27496	
	doctorknife93	22000	
	doctortoboggan	1550	
	documents	34717	
	dodecagon	11039	
	dodgeball	6087	
	dodger	9653	
	doebyday	809	
	doesitrain	24593	
	dog2dog	34175	
	dogbones	37434	
	dogbyte	8631	
	dogecoins	1568	
	dogface	12285	
	doggoneit	28293	
	doggydog1	12695	
	doghouse	11579	
	doglyx	21841	
	dogma	12997	
	dogman21	38331	
	dogman457	11786	
	dogmeat	22516	
	dogtooth	17909	
	dogtrainer	30856	
	dogwater	15649	
	doinkdoink	20678	
	doitleft	20123	
	dolanevo	14316	
	dolce	10029	
	doldagatan		385626
	dolejuicemeds		312147
	dolemite	14574	
	dolieonme	24619	
	dollarbillsyo	7862	
	dollatrump	23009	
	dolmio	12439	
	domdu93		23723
	domesticdoode		37669
	domesticdoode		156667
	domi2014	3484	
	dominodance	4681	
	domique	37226	
	domitilla	3153	
	dommod57	25717	
	domperignon	28215	
	don-martini	8469	
	don876	9475	
	donGiovanni	4496	
	dona	2660	
	donald	25508	
	donald-duck-30	6601	
	donaldaz	10382	
	donaldbrigz	11330	
	donaldnice	9472	
	donaldswank	8398	
	donaldtai136	26283	
	donaldtrump666	23148	
	donaldwhite	21515	
	donatas1379	22594	
	donb09	2164	
	donchicon	22405	
	doncorleone123	19067	
	doncrackavelli	29285	
	doncrydonbeg	8788	
	dondelillo	35599	
	donduck	7342	
	donflower	7717	
	dongle	32160	
	donguan	5442	
	donigh	6490	
	donjon187	28759	
	donjonko99	6649	
	donjuan66	32188	
	donjulio42	29752	
	donk730	3835	
	donkeydong	1449	
	donkeykong	913	
	donkeykong12345	35463	
	donkeykong1900	15315	
	donkeykong88	8149	
	donkeypunchKIA	39383	
	donkonoji	32128	
	donkyshot	6116	
	donmark	117	
	donolik77	34895	
	donpietroooo	35833	
	dont_tase_me_bro	25142	
	dontbeadick	5802	
	dontcallme	27950	
	dontcareaboutme	12060	
	dontdoitnomore	12754	
	donthemoney	9847	
	donthurtmenow	13810	
	dontisho	28779	
	dontrocktheboat	14387	
	dontscream	34651	
	dontstop	12868	
	donut_bee	6550	
	donuts69	3304	
	donz	8370	
	dooflords12	31530	
	doofus420	11978	
	dookiepants	4421	
	dookiestyle	5758	
	doomwaffles	7254	
	doopydoop	23743	
	dooskle909	18641	
	dooves	11447	
	dopeammo	5036	
	dopeboysuk	12320	
	dopebuy	4449	
	dopedutchess	10551	
	dopee14	10665	
	dopehope	38945	
	dopeman419	37104	
	dopenoze	15452	
	dopesneaky	6978	
	doppelgaengr	28864	
	doppler8745	23748	
	dopra	6530	
	dorade258	23134	
	doriander	20534	
	dorienaquino1	26286	
	doris	11223	
	dorman	23424	
	dormouse3000	8742	
	dortmund97	16677	
	doseslysergic	29634	
	dosiaman420	5150	
	dosumthing	6830	
	dothackgeass	22773	
	dothebart	3985	
	dothehustle	32022	
	dothraki	21093	
	dotonthewall	39105	
	dotter19	9584	
	doublebarrel	21402	
	doubled69	6129	
	doubledd99	7846	
	doubleyouteaeff	27281	
	doubtfuldirk	25208	
	douce	16182	
	douche	1899	
	doudoucore	21023	
	doughnuts	19744	
	dougk56	20561	
	douglas14	18661	
	douglas796	4136	
	douglasaa	2426	
	dougout2316	9017	
	doukara	12190	
	doulibats	4226	
	doveoriginalevo	16799	
	dovepeckscott	10915	
	dowdow	16452	
	dowdowmdea	13973	
	dowjones	11266	
	downgrade	29381	
	downies	2458	
	downsouth	9494	
	downtownbomber	33145	
	dox3r	4500	
	doxytita		15681
	dpark8729	21942	
	dpiper233	1025	
	dplb	21676	
	dpole10	25196	
	dpr4life	8242	
	dquiett	16573	
	dr-trips	15756	
	dr_slayers		1084
	dra794	17158	
	drabo	38703	
	dracharys	2602	
	draco0	34710	
	dracula333	17269	
	dragonballz	1547	
	dragonbz12	25568	
	dragoncall	23449	
	dragoncat	3734	
	dragonkid	31878	
	dragonne	8278	
	dragonops	25849	
	dragonr	17655	
	dragonspeedrun	24392	
	drair	20049	
	drakeinmyarse	18227	
	drakeovo	32410	
	drakes	9941	
	drako		9755
	draks	37673	
	dranzers	38833	
	drastic	16224	
	drbadass	10236	
	drblackcat	18481	
	drbobo	12384	
	drcook	20526	
	drdank7144	22522	
	drdeezy	8776	
	drdex		21488
	drdopeman	4530	
	drdouglas		197857
	drdr2678	12165	
	dre1993	14179	
	dread12	37366	
	dreadheaddrilla7	37254	
	dreadmike	9981	
	dreadpirateslol	25542	
	dreamboy	11378	
	dreamcatcher_14	9159	
	dreamer	2762	
	dreamlook	2190	
	dreamstate	28598	
	dreamteamnine	28585	
	dreddboss	25910	
	drenyc	3764	
	dretalato	24889	
	drewsa_88	25250	
	drex		8296
	drfaustian	35515	
	drfeelgood1017	19193	
	drfoetus	23045	
	drgrimes718	1806	
	drhappy		14552
	drheisenberg170	35074	
	driclor	29320	
	drippin346	24431	
	driver671	27609	
	driverman1970B	7611	
	drizzit	12882	
	drizzl	9615	
	drizzt	31985	
	drizzy	12594	
	drkim	25413	
	drknsrk	26538	
	drkstar	4863	
	drlooney	24073	
	drmabuse	29636	
	drmania	39642	
	drmaxwellhouse	27075	
	drmorton	16475	
	drodia1212	9896	
	drogotron	23409	
	dronk2014	35130	
	droog999	29986	
	droopy58	25772	
	dropacharge	31456	
	dropbox	13140	
	dropkick	3520	
	dropleton	2735	
	droplyf102	16258	
	drosmond	10750	
	drpdiz	33255	
	drpepper32	7566	
	drpiggoo789	13447	
	drshmoctor	21537	
	drsick	26401	
	drsin	11067	
	drsixer2	26743	
	drslims	26902	
	drstrange	12430	
	drtdvbdd5rd5	6174	
	drty	5994	
	druff	30841	
	drug4ualltheway		24213
	drugaddict	3959	
	drugbob	11663	
	drugdawg2	5197	
	drugfree	17504	
	drughugs	22248	
	drugology	10881	
	drugsRus_GB		229674
	drugsbuyer123	34209	
	drugsconnection	35260	
	drugsequalmoney	28480	
	drugsforhugs		19501
	drugsforlife	11379	
	drugsnorter	24027	
	druguser01	28977	
	drugy618	24253	
	drugz	10038	
	druidity	32494	
	drum57	24971	
	drumboom	29452	
	drummachine	6549	
	drumstick	18861	
	drunkendwarf	19267	
	drunkenmonkey	598	
	drunkonspunk	6785	
	drunkpirates	32490	
	druweed	33225	
	drvgs666	34987	
	drweb	14947	
	drwho88888	35092	
	drwhonix	31766	
	drwolverine	23779	
	drxtc		264110
	dryden	20506	
	drymartini	5521	
	dryoskea333	17312	
	drzheng		25929
	ds23snow	6731	
	dsafg-21134b-kjl	31753	
	dsanchez	29007	
	dska9918	11981	
	dsmith	33589	
	dsotmpyramid	14633	
	dtevo	16263	
	dtothek123	8895	
	dtronics	36818	
	du411ty	3919	
	duanemax	12195	
	dubai	7377	
	dubbo	31845	
	dubious	33673	
	dubito	33291	
	dublingirl20	20012	
	dubmarine	7476	
	dubs	4694	
	dubstank	25722	
	dubstep82	38038	
	ducard	12724	
	ducatilover848	33187	
	duckcream69	4256	
	duckduck	11491	
	duckduckgo74	34851	
	duckjerky	13838	
	duckme	14092	
	ducksadoom	5000	
	duckyducky	12943	
	ductthegreybeard	20741	
	duddit	611	
	dude0	13603	
	dude0078	18391	
	dude17	10733	
	dude1967	8653	
	dude8571	34105	
	dudedudedude	6317	
	dudedudeson	9540	
	dudefella	18267	
	dudekitten	9864	
	dudemanfuck	6040	
	dudreks	490	
	duffman	20234	
	duggy142	210	
	duhduh	6656	
	duke89	12034	
	dukenux	1538	
	dullrock	11442	
	dumbasses	3099	
	dumblewhore0111	11716	
	dumblewhore101	16241	
	dumbom	12111	
	dumdeuk	7386	
	dummerlein	23283	
	dummyguy999	5432	
	dumpcash	38893	
	dumpthedump	16837	
	dumpzt3r	1367	
	dumpzt3r2	5993	
	duncery	30078	
	dundeen	10279	
	dunhill	31313	
	dunk	9512	
	dunkysmarteed	14501	
	dunngar	29548	
	dupa138	8715	
	dupeflow2	9976	
	dupekkk	764	
	duplo	6576	
	dupontevo	39826	
	dura	38542	
	durbanpoison	7335	
	durrr	29489	
	dus6	7722	
	dusko	25217	
	dustedghost	26516	
	duster01	6841	
	dustination	1324	
	dustindiamond	6060	
	dusum	13728	
	dutch	9926	
	dutch-devil	6898	
	dutch_supplies		376151
	dutchcandystore		241780
	dutchdeal		12943
	dutchfire	17238	
	dutchkoelie	30234	
	dutchls	39810	
	dutchmagic		2169
	dutchman2	16282	
	dutchpartyboost		155364
	dutchquality1256		54373
	dutchweedy		40737
	dutybeast421	14547	
	dutywasjoy	34088	
	dvdasa	1007	
	dvecbe	7981	
	dvlnsd999	9346	
	dvtop	3127	
	dw4ever	7687	
	dwa36	9679	
	dwademvp1292	25762	
	dwightkschrute	7616	
	dwoods	18041	
	dx1984	29716	
	dx79	22673	
	dxs6036bc1	37461	
	dyke99	18670	
	dylaptics	38765	
	dynam1xxx	12928	
	dynomyte	3103	
	dyyrrd	13563	
	dzeko1	19577	
	dzipper	8823	
	e-bombz	8881	
	e2ek1el42	16528	
	e30m30	14248	
	e5C7	17797	
	e7j38f	12156	
	e99mcmuff	1539	
	e9R2d6fW6	28714	
	eBay	6155	
	eCloudzZzZ	13726	
	eJuiceKing		104529
	eLeSDee	18943	
	ePorMc	17043	
	eagle3330	37486	
	eagleeyes5	11850	
	eaglestrike	10303	
	eagleunix	24507	
	ealphaomega	3878	
	earlijah	12109	
	earljones	5909	
	earlycuyler	26741	
	earlycuyler420	18471	
	earlyexit69	11077	
	earthbound	5552	
	earthcitizen	7500	
	earthfckr	5509	
	easternbagman	17597	
	easy2buy		305212
	easygoingchick	35752	
	easyspeedy	23569	
	eatinglobsters58	13429	
	eazybizzle		30659
	eazyel	18066	
	eazymoney111	3622	
	ebar	2555	
	ebee187	33922	
	ebeneezergood	15672	
	eboladog	27088	
	ebolaland	34829	
	ebolamoney	10488	
	ebolaparty	15132	
	ebomb21	7387	
	ebproco	643	
	ebuyer	30303	
	eccntrc	15133	
	eclectic	17157	
	eclips247	6646	
	eclipse11	24702	
	eclipse45	19954	
	ecommerce832		21127
	economyclass	25834	
	ecotek	12820	
	ecstasy	28402	
	ecuhag80	12021	
	ecusson		270161
	edcx	15539	
	eddie6915	36656	
	eddieeded	18668	
	edding361	36209	
	eddo393	8738	
	eddyhunter	2217	
	edelweiss	23753	
	edgeofheaven29	13428	
	edhacky	34428	
	edimaxxx	8882	
	editor300	39746	
	edm4200	21365	
	edmcrypt	27863	
	edmundo75	24160	
	edrb04	5078	
	edruken	36177	
	edtheconsumer	20671	
	educationBill	36324	
	eduroam	4272	
	edus	11296	
	edwardelric	12581	
	edwardnorton1969	34609	
	edwardpm	8199	
	edysh4	36985	
	eelpie29	22893	
	eepa	38330	
	eerva	13218	
	ef8fugg	38997	
	efartman	16226	
	effyouzion	26780	
	efizzle21	9099	
	egeer54	23113	
	eggman	4176	
	eggplanter	22267	
	eggyfriedreece13		23068
	egift	20145	
	egon431	39335	
	egoode	35704	
	egorincho	33779	
	egyptianfighter	15543	
	ehhcfbhde	26160	
	ehleminator	39803	
	eightiesaids	28578	
	einstein12345	11794	
	einstein999	7961	
	eiowa	14532	
	eirco	12938	
	eiz3011	10853	
	ej830	30328	
	ejac1975	6300	
	ek008	17211	
	ekoplus50	28597	
	ekriminell1	10954	
	eksT0m	7395	
	ektomorf	8901	
	el69cactuz	5288	
	elKunaguero	13851	
	el_lector	20646	
	elaine1788	14255	
	elaj	13485	
	elaking	29965	
	elantra77	32745	
	elbebbi	14019	
	elcapo	5899	
	elchapo	1161	
	elchapochapparro	14888	
	elchapoguzman	35155	
	elchi89	26779	
	elchicharito	31722	
	elclandestino75	25046	
	elderkite	19518	
	eldiablo1978	1504	
	eldorado123	11475	
	eldorado90	4619	
	elebunte	15951	
	electr1c	4657	
	electriceel	35636	
	electricfeelnow	3584	
	electricmoonkeys	2600	
	electron	13132	
	eleftheria	7613	
	elek	19647	
	elel11	11137	
	elements4shells	37350	
	elephantastic	14241	
	elestax	11480	
	eleusiszero	12394	
	elevenXOlondon	36886	
	elevenseventy	7668	
	elewedu123	16829	
	elfmachine420	9827	
	elfyourself	34572	
	elgato1	4067	
	elicwitz	28408	
	elijah287	8664	
	elijahcraig	10982	
	elimanning	29853	
	elimslive	15613	
	elinca	17596	
	eliotcc	27383	
	elitebigkiller12	39740	
	elitezerker	214	
	elixirdament	31071	
	eljefe55	14909	
	elkakarot90		261414
	elkh	5472	
	elkingos	6283	
	elkins	12981	
	elkins1	17644	
	elkotel66	14185	
	ellentriek666	18583	
	ellingef	32630	
	elliot123	26179	
	elliotthale	16905	
	elloggo	12116	
	ellwood	15172	
	elmacazo1985	11314	
	elmachico	7261	
	elmagissimo	16523	
	elmips	21232	
	elmo37	7002	
	elmo626	10369	
	elmo666	6137	
	elmstreet99	12809	
	elmsu1step	14027	
	elmztheengineer	8172	
	elnino420	9486	
	elongatedjohnson	24933	
	elpatron	2619	
	elpblj	14186	
	elpity	22954	
	elro	33625	
	elrolando	32331	
	elselle77	10168	
	elselle771	15724	
	elsu	2256	
	elusifs	2081	
	elvetichsbc	6451	
	elvis123	13436	
	elwoodpdowd	28266	
	elza3eem	11901	
	em9mmmz	1498	
	emakaniama	31117	
	eman23	656	
	eman2300	39473	
	emanekafa	20273	
	emanresu45646	12838	
	embarite	5983	
	emberx2	37046	
	embus		393094
	emergency999	2532	
	emergethru	10619	
	emerick	4755	
	emerson		113436
	emess91	25442	
	eminem10	22500	
	eminemballer	18050	
	emistigger	11631	
	emmacopes1	37722	
	emogee	14696	
	emoner93	13539	
	emory	24665	
	emphatik	6790	
	employee	27052	
	empo		672
	empty1234	10098	
	emrys	24958	
	ems29	18746	
	emsiey2896cbaiku	4871	
	emtec88	20160	
	emusername	7154	
	emzee	9273	
	enacer420	30250	
	encrypt	31768	
	encrypter	28249	
	ender6	13343	
	enderwiggins1013	34203	
	endonesian	7654	
	endorsedbyjason	36254	
	endower	7490	
	enduser	24187	
	endymion	227	
	eneira	18309	
	eneitealime07	10751	
	energy7	22212	
	engerer	31955	
	engine	26075	
	englandman	13065	
	enigmass	18647	
	enigmawigma	22946	
	enjoi8	7424	
	enkil	11022	
	enopac	26025	
	enoteltaeb	33993	
	entangledtwist	10990	
	entanglement	12788	
	enteratari	30101	
	entersandman	30758	
	entershikarii	1922	
	entheo	30924	
	enthu12	9520	
	enthusiast046	13342	
	enutrof	10945	
	envisionBlack	5496	
	envy666		365794
	enwhysea	26126	
	enymeno	24599	
	enzyme	7954	
	enzyme2	8812	
	eoixucivo2lwasv	12411	
	eolz0r	32126	
	eosanta	3069	
	eotw	2596	
	epic_failx	39661	
	epicghost	4782	
	epicsaxguy	672	
	epilepsy	6182	
	epine25011	8896	
	epowerball	5816	
	epson	3247	
	equater	24438	
	equilibrium	23586	
	er_pappa99	15024	
	eraser	3603	
	erastworonoff	1780	
	erbz4lyf	35994	
	eremus	3440	
	erfack	8922	
	eric12		20412
	ericbeta		6043
	ericcartman	2059	
	ericclegg23	11940	
	ericdenoorman	22214	
	ericstouz59	8850	
	ericszimmerman3	39432	
	ericthehippo	29316	
	erik_cartmehn	28458	
	erikalap	9752	
	erikweisz	21122	
	erimjones	23250	
	erk1mmlos	28434	
	erls	5511	
	ermurenz	31906	
	ernestH	6251	
	ernguer	14944	
	erny-worthy	33913	
	eros21	16974	
	erpatata	6219	
	errolscool	37106	
	ersoy	19823	
	ertoman	15447	
	erty3456	31414	
	erudal	30388	
	erwins	13748	
	es60	27031	
	esadamka	26278	
	esaesaesa	14504	
	esc0bare	22828	
	escante	38811	
	escape2me	2366	
	escapepods	39162	
	escobar85	18777	
	escoesco	10508	
	escorpion25	16607	
	escraw	3523	
	eshaft	1206	
	eshee	24901	
	eska1	5057	
	eslite119	11710	
	esmeralda557	8108	
	esornoj	4289	
	esoterisk	18615	
	esoterry	14327	
	esperanto	22722	
	esperao		99734
	essoran	9370	
	estprn	17899	
	estragon1	33425	
	estrella456	10123	
	estupido	35899	
	etabeta	7432	
	etardgenie	2468	
	etbaouai	3474	
	eternal_light	26967	
	ethinoze	8008	
	ethos	6768	
	etinarcadio	7023	
	etisom1	8868	
	etxmx12		282636
	eubanker	1362	
	eulerprime	35356	
	euphoria1	16657	
	euro	619	
	eurocc	14446	
	euron_g	17866	
	europa	5662	
	europhin		197104
	euroxxxplorer	16137	
	eurydice	15982	
	ev0noob	13955	
	eva30	5759	
	eva_braun	1775	
	evalution	13556	
	evanfields	20454	
	evanwilliams	12141	
	evaporate	4575	
	evavea	33792	
	eveil	11840	
	everblazing	31212	
	evercl34r	22656	
	everclear	31004	
	everville	29994	
	everyColor	26363	
	everydayman	3806	
	everydaymoney	10715	
	everythingman		130161
	evflo	15508	
	eviIsmile	23984	
	evil99	30333	
	evilaim	38216	
	evilevel	2651	
	evill	693	
	evillan	38278	
	eviloverlord	15988	
	evilsmile	1835	
	evitoM	4828	
	evjpn2014	21050	
	evkqueen	4292	
	evltntst	34339	
	evo-tion22	12779	
	evo1000	34299	
	evo135	31120	
	evo17	17092	
	evo294	19513	
	evo32891b	3308	
	evo4	9913	
	evo420b0y	13003	
	evo73	7806	
	evo917	28177	
	evo_lurker95	39738	
	evoaccount12345	11369	
	evobunny	18416	
	evocuntpeen	36246	
	evocyclops	34768	
	evoemma1	38849	
	evoevo28	30144	
	evoexpress		24658
	evoforum	33790	
	evofreeagentgo	25265	
	evoian	13850	
	evoisle	21801	
	evoking	11899	
	evolation	5321	
	evolf	6452	
	evolos	2034	
	evolove109	12273	
	evolucach	13856	
	evolute2015	34983	
	evolvedasshole	6757	
	evolveduser	241	
	evolvee	27558	
	evolveq76	25833	
	evolvethis	7068	
	evoman77	34786	
	evomate	21927	
	evomdi	20387	
	evomemo	8190	
	evomnia		303330
	evoo	19140	
	evoon6	23495	
	evopac1	7477	
	evopimps	9232	
	evorevo8ie	33171	
	evorist	38514	
	evosama	30363	
	evoscans	37837	
	evoseller1	4622	
	evoseven	28592	
	evosix	36495	
	evosmokeman	16336	
	evosniper	25719	
	evost4r	11693	
	evoswimmer	17943	
	evothrowaway123	12354	
	evouser2014	25101	
	evousermb	28257	
	evox	3788	
	evoyuio	22688	
	evron	28473	
	ewedel	19321	
	ewerk	21339	
	ewui98	23954	
	ex0de	791	
	example1	38500	
	exc3985	22302	
	excdamage	28117	
	excesses	24988	
	exclipse	23005	
	exel2002	7505	
	exeman	202	
	exeter	13365	
	exiledcarnie	20752	
	exileofmordor	22319	
	eximac	4277	
	existenz	3465	
	exit52vn0	23069	
	exitnode	8608	
	exitnodes	19794	
	exitplease123	10011	
	exitseven	28080	
	exman1	11467	
	exodus	998	
	exodustt	36973	
	expadia	26518	
	expecto	10833	
	experienceall	21885	
	explicity		330523
	explorenewlands	38573	
	explorer11	9700	
	explosion	2830	
	expressman		352365
	expugno	34603	
	extensa	32334	
	externible	6681	
	exterziahasha	27860	
	extraD	21256	
	extrauser	11961	
	extravaganza	3173	
	extraveganja	10372	
	eyesandi	34789	
	eyewideopen	21231	
	eyezpinned	12993	
	eynemvyg	9158	
	ez2b	8382	
	ezeeprofit	12879	
	ezerules	8357	
	ezeseller123	27679	
	ezetrol	13792	
	eziik420	17491	
	ezio	14288	
	ezisagirl	1557	
	ezon	31017	
	ezyaussie	24135	
	ezzyftw	21382	
	f-40	3242	
	f16jrk	32495	
	f1f516dede11	21715	
	f1r30h10plrz	11107	
	f1xx0r5	3679	
	f3ketmp	5712	
	f44control2	25992	
	f49030g03	13417	
	f4blaster	3759	
	f89bau	9384	
	f9ac4	25041	
	fDFJIF39	24847	
	fabrice	3395	
	fabulouswyze	3473	
	facebookapps11	9199	
	facelift	24580	
	facepalm368	31818	
	fackad	14252	
	fagget	8779	
	fail0verflow	9376	
	fair-deals	1126	
	fairyliquidman	29613	
	faith_departed	9229	
	fak3mon3y		2988
	fake001	9321	
	fakeaccount2	34797	
	fakeeeeeeeeee10	28065	
	fakeita		19514
	fakeloll	12812	
	fakemaster	12505	
	fakemoney		13159
	fakename	1692	
	fakename74	18902	
	fakestupid	27937	
	falconry	80	
	falken00	5059	
	falldown	14250	
	falldowntimes	10145	
	fallen321	17175	
	fallenone69	13243	
	fallfromgrace		19874
	fallingslow	6556	
	falopero237	1702	
	familyman666	17639	
	fammientrare	8157	
	famwery	8955	
	fan2q	16675	
	fancypants12	36105	
	faneuil	19220	
	fangoflight	6159	
	fanman69	396	
	fantasia	4404	
	fantasoda	32811	
	faplieve	4938	
	faque	9075	
	farandaway	9308	
	faraway200	2902	
	farebi	10421	
	fargle	8081	
	fargo_trapgod	32533	
	fark-mcgee-zax	1308	
	farkro	3519	
	farmer1	17851	
	farmerpa	36601	
	fart	2486	
	fartattack	14153	
	fartknuckle	32377	
	fartsarefunnyaus	8568	
	fasad	9580	
	fasgon	11030	
	fastandcurious	27300	
	fastcars666	11457	
	fastcash420	6196	
	fastcl4ss	1036	
	fastdave	11765	
	fastfish3020	13657	
	fastflux001	13933	
	fastlife3030	37718	
	fastrun	19894	
	fasttrackball	29288	
	fatalboi	22468	
	fatandtall	13089	
	fatboy86	38005	
	fatboysl1m_1	10160	
	fatdabs420	26330	
	fatguy47	8690	
	fatpineapple	29458	
	fatsax	21622	
	fatstacks69	24991	
	fawked	3283	
	fawkes	8569	
	faygogrape	29491	
	fazip	878	
	fbaran	13367	
	fbgduck2	12246	
	fbgduck55	1031	
	fc104432	20048	
	fchopito	19633	
	fcku	1082	
	fcsseit1905	23240	
	fcukinright	36128	
	fd123	1883	
	fdg435zh	12308	
	fduuuudii	11740	
	fearanddead	30710	
	fearlesscazim	9581	
	fearziltoid	9061	
	febbem	2233	
	federeus51	8898	
	federico88	36756	
	fedexman	409	
	fedrek999	26335	
	fedsarepigs	1453	
	fedswatching	37499	
	feecher	5358	
	feedmetuna10	26929	
	feelfree4321	32727	
	feetsintheair	23731	
	feinsmecker	37846	
	feinsurl	9301	
	feline	2851	
	felix	2913	
	felix22	18850	
	felix_nobody	37620	
	felixjones	3421	
	felixkattous	28358	
	felixthecat	21172	
	fellow44	2842	
	feminist	18677	
	fen80	31940	
	fendi	30904	
	fengo123	11972	
	fenzo	8371	
	feofeo2	34385	
	feosis	35957	
	fer-de-lance	39637	
	fer5qerf65d	33039	
	ferg345	6786	
	fernandotorres	7042	
	ferrari23099	28447	
	ferrarif50f1		2881
	ferrariguy	23431	
	ferraz	5366	
	ferronisferoli	10633	
	ferror	8877	
	fertigo	35271	
	festivalquail	39741	
	fetchdog	23403	
	fevabo1	9445	
	feztheking	24782	
	ff-shills-bump	19309	
	ffIintstone	23810	
	ffap7	35630	
	fflintstone	10519	
	ffnu	1815	
	ffotze7	6154	
	ffwilson26	27252	
	ffy1492	26821	
	fghdfdk0202	6692	
	fheir	24703	
	fhqmtmxj1682	21116	
	fiat	1089	
	fiatlux777	5251	
	fibonaccess	26624	
	fibonacci112358	33926	
	fice1991	5446	
	ficiu	24156	
	fickenfotze	4560	
	ficki0101	31672	
	fieldsmatrix	23413	
	fiendgang	13710	
	fiendinfo	19828	
	fifo1990	6140	
	fiftycds	10197	
	fiftydollar5	33641	
	fightingfalcon	39132	
	fightingfire123	39084	
	fignuts	21278	
	fikusb	37057	
	filaborg	19783	
	fillepo	7741	
	filou90		59793
	filth68kflip	1695	
	filthy	21771	
	finalfantasy1337	2349	
	finallyrich	33306	
	finalshot	9230	
	finances777	22186	
	financialbuyer	5533	
	findhyp3	27178	
	findme555	13285	
	findmuck	32313	
	finecognac	28269	
	finecoke1	30705	
	fineley	13154	
	fineliner	17065	
	finenutrition	31539	
	finesser	632	
	finesser2	2313	
	fingerling	12743	
	fingersdeep	19285	
	finiteloop	17451	
	fireball666	14822	
	firebird	2138	
	firecity	8451	
	firedr0ne	2817	
	firedr0ne_base		22152
	firefly21	9534	
	fireinthehole083	18091	
	fireluk	20226	
	fireman333	34849	
	fireman777	32525	
	firemansam	24297	
	fireme	735	
	firepower		14874
	firepredator	565	
	firesale09	7751	
	firewalker	1257	
	fireworks	10115	
	firexbomber	28076	
	firstflame	4389	
	firsttry99	3314	
	firstwind9000	1726	
	fisch1441	30365	
	fisco	27503	
	fishbr	38527	
	fished	9675	
	fisher123412	32795	
	fisherman	1398	
	fisherman121	11060	
	fishface	2802	
	fishgirl727	21305	
	fishglad	11009	
	fishnachos	8330	
	fishscale	35989	
	fishscale77	17209	
	fishshare	6617	
	fishybuddy	9339	
	fiskarn	7839	
	fitch	173	
	fitch3	10744	
	fitevolution	2704	
	fitnessguru357	35781	
	fitnessland	8022	
	fittbitterz	25052	
	fittesaft	30653	
	fitzgiboon	9503	
	fitzy1231	24795	
	fivestar	11544	
	fivestargrip	24995	
	fixer	3928	
	fixerupper	20477	
	fixingood	31031	
	fjsff	21055	
	fjtlm97k	3757	
	fk47	14483	
	fkfk	2673	
	flagrant	25842	
	flaice	11235	
	flako		36085
	flames165	14187	
	flames21	11391	
	flamewhite	3043	
	flandres	15955	
	flangepot	17537	
	flash99g	7665	
	flashmpx	29236	
	flashnl	31594	
	flashpackZ	6105	
	flatbeer	25760	
	flatex	31719	
	flava4rava	4603	
	flaxley	36431	
	fleary	33048	
	fleeing_felon	8609	
	flent	28927	
	flerovium	10889	
	flexlick	579	
	flidget	19752	
	flier45	25681	
	fligh	19821	
	fling80	4273	
	flip93	33185	
	flipitsideways	26789	
	flipmode11	30686	
	flipperkast	27784	
	floater	32581	
	floatingp	14214	
	flockaporki	34183	
	floflo3103	5942	
	floploop	13443	
	floppy777	14876	
	floppyjoe	33251	
	floraplus93	11823	
	florida2000	36443	
	floweronthewall	36096	
	flowerpoet		222501
	flowersnpie	37640	
	floxito	161	
	floyd7418	5666	
	floydfan37	16186	
	flsixtwo		32645
	flubbawubba	19480	
	fluffy	20309	
	fluffy40	18346	
	fluorescent	21641	
	flusman09	16378	
	fluva74	24895	
	fluxreconnection		25628
	fly-or-die	2412	
	flyalittle	6740	
	flyboys23	10908	
	flygoods	26782	
	flyhawk	5566	
	flyingdutchmannn		286228
	flyingmonk3y	217	
	fmds	5576	
	fmrhh123	32253	
	fmuk	32116	
	fnatic	10025	
	fnord	35676	
	fnsa	31453	
	fnufnu	16	
	fo1led	22570	
	fobman	24780	
	fodorsa	6926	
	fofori	6865	
	fogel	34947	
	fohshizzle	37413	
	fokus21	732	
	followtheleader	22001	
	folperrr	37062	
	fomiliar	12029	
	fonky101	11926	
	font	27531	
	fonziesanchez	29854	
	fooDoof	39769	
	foobarrandom	33224	
	fool	2835	
	fool089	2078	
	foolmenot	2999	
	foosballster	21069	
	foostook	6948	
	footiehead	14691	
	footstool		154171
	fopo	12128	
	for57	30381	
	forcemaximizer	6759	
	ford2012	3253	
	forehead	15458	
	foreshine	7554	
	forestlurker	8006	
	forever	1070	
	forever27	24922	
	forevercold	31310	
	forgeodude445	35207	
	forgetfull_monk	34932	
	forgethebull	25163	
	forgetmenot	5962	
	forkpalmman	32109	
	formidable	25518	
	forrettifraud	28078	
	fortheforums	39666	
	fortunagold	23399	
	forum_browser	22786	
	forv4	2029	
	forzeo912	14482	
	foshfosh	18576	
	fouduvolant	35112	
	found494	16501	
	foussi	2531	
	fox0r	9149	
	fox2	63	
	foxcatcher52314	6181	
	foxee	11403	
	foxez	5237	
	foxfox318	5380	
	foxglove	2870	
	foxrd	18187	
	foxskull	4011	
	foxtrot1seo	10762	
	foxxyroxxy	7066	
	foxycontin	21127	
	foxyoxi		167904
	fozfx69	6674	
	fozzy2	6132	
	fpuk	11411	
	fr0st69	7974	
	fr0zensmoke	15161	
	fr33LSD	30113	
	fr33d0m	6198	
	fr33lif3	3470	
	fr33n3tw0rk	17141	
	fractalelfdroid	8235	
	fractalfirefly	7086	
	fractalfreq	24741	
	fraga	7304	
	fragg3r	39806	
	fragson	35458	
	fraidnot	14628	
	frakass	24263	
	frakthewill	12284	
	fraktura	8270	
	framboisiergrail	31909	
	francamauri2014	10384	
	francehash		211154
	franchise32	7362	
	francis2	11265	
	francis23	7934	
	francisdrake	6227	
	franck974	26185	
	francky45	7752	
	francobaresi2680	24364	
	francobollo	15267	
	francomosesx	15936	
	francopiccone	18201	
	francosurse	31338	
	francuz777	982	
	frank13	5658	
	frank27	15025	
	frank501	3623	
	frank_lucas	14180	
	frank_perr	16368	
	frankbutcher	26236	
	frankcastle2377	8191	
	frankchem	28942	
	frankcooper	7136	
	frankdeen246	3773	
	frankenweiner	12913	
	frankie1969	9970	
	frankie31	34526	
	frankiecokenose	30259	
	frankieflowers	35925	
	frankieknuckled	38563	
	frankjwatson12	22218	
	franklogan	17720	
	franklucas23	17860	
	frankmackey	30656	
	frankmathews	4862	
	frankqian	655	
	frankrobinson	19638	
	franksays	3995	
	frankspencer69	23441	
	franktors		8606
	frankunderwood	5371	
	franky_franklin	30993	
	frantapokus	5047	
	franz-sass	11212	
	franz9x	36382	
	franz_ferdinand	8273	
	franzmann01	31582	
	fraseneman	6390	
	fraudmaster	20604	
	fraudprevention	15184	
	fraudster-store		41716
	frayt	9257	
	frazzino	26424	
	freak	3345	
	freakanomics	6162	
	freakshow103	23039	
	freakshow9876	16167	
	freakst	32548	
	freaky28	13004	
	freddiefingers	3668	
	freddread	34864	
	freddy	3417	
	freddyc	7749	
	freddydun	8372	
	freddyismygod	11791	
	freddypace	424	
	frederico	6973	
	fredrobert	22628	
	fredy405	32559	
	fredzebaker	5040	
	free4free	1669	
	free500	2773	
	freeballing45	20679	
	freebands	1084	
	freebandz6	20874	
	freebanz	11688	
	freebird33	12986	
	freeburd	23362	
	freecom79	34116	
	freedetainee	6712	
	freedmon1234	25344	
	freedom101	22113	
	freedom12	3391	
	freedom123	37674	
	freedom420	14453	
	freedome	11458	
	freedomer	25629	
	freedomf12	15376	
	freedomone	25655	
	freedumpz	1479	
	freedyonehand	15281	
	freefallin7	11672	
	freeflower	19344	
	freeforal	7466	
	freefun	19849	
	freehat	7774	
	freek	1688	
	freely	9402	
	freeman24	2779	
	freemanking	10270	
	freemanqaz	30058	
	freemarketlegum	18529	
	freemont	35163	
	freemymind	21371	
	freerida	18470	
	freestyle2own	27368	
	freetekno	3700	
	freethe1world	10796	
	freethefreaks	14131	
	freetibet911	18757	
	freeuse1	11384	
	freewayrick	10259	
	freeyeyo	2482	
	freezeframe	12209	
	fremsat	37651	
	frenchajsa	7856	
	frenchfries	37482	
	frenchkiss		336062
	fresh_prince_Ca	981	
	freshcoinz	35346	
	freshmanz	11743	
	freshness459	24997	
	freshone	29198	
	freshtouch		217539
	freshtreez	8673	
	fresing	753	
	fri14	26054	
	friedbrains	3305	
	friedchrome369	30154	
	friend1234	1584	
	friend7	14789	
	friendlybacteria	13729	
	friendlyfan		130906
	friendmate	30939	
	friendofmine	33903	
	frijoler0	19287	
	fringed	5696	
	fringelife	13703	
	frissian	19153	
	frithnar	1110	
	frito123	12637	
	fritopepper	15594	
	fritzbox	36416	
	fritzy_doodle	32949	
	frixi	6910	
	frizzy	7949	
	frog	15136	
	froika	4955	
	fromnl		258407
	fromthelandofsb	32924	
	fromthemargins	11819	
	fronzy	26086	
	froschsaft	2025	
	frosig	31044	
	frosken	23335	
	frosterman	10210	
	frostfrost	27424	
	frostyyy	37709	
	frotnox	5548	
	froz3nnn	7501	
	frozen	2754	
	frozentoker	2800	
	frozilla	10285	
	frucking	13672	
	fruegr13	33867	
	fruitful	14663	
	fruithoop2	5318	
	fruitpunch	24439	
	fruituk	5163	
	frusciante	7621	
	fstngs	5293	
	ftmftm	13474	
	ftp11555	35658	
	ftpabc	12089	
	ftrghy	13339	
	ftss	12592	
	ftwco	11699	
	fuckbrock	4679	
	fuckdapolice2014	15206	
	fuckface1	10883	
	fuckharder	25027	
	fuckhumanity	15078	
	fuckingbearclaw	20573	
	fuckingnumbers	38304	
	fuckingstoopid	1153	
	fuckingusername	17295	
	fuckinsweet	8975	
	fuckit43	12311	
	fuckityboo	36986	
	fuckmadbitchesyo	10268	
	fuckmecunt	21415	
	fuckmeright	29323	
	fucknproblems	12870	
	fuckofff123	8206	
	fuckstick	8009	
	fuckthatshit	2533	
	fuckthefbi	18038	
	fuckthefbi69	11517	
	fuckthisimgay	11992	
	fuckyallniggas	13696	
	fuckyourstuff	10271	
	fuckyousheep21	18503	
	fufilleduvula	31902	
	fugazi	17413	
	fukcapcha	21673	
	fukcorpz	3628	
	fukdcorp	7075	
	fukoff	8918	
	fukpunk	8232	
	fulham	3002	
	fullclip420	22283	
	fullen	7403	
	fullkeen	9684	
	fullname	17735	
	fulltime	42	
	fullweedhead	7176	
	fullze	850	
	fulzzinfo	37970	
	fumes1121	19788	
	function	23870	
	fungie666	13284	
	fungiehero	28875	
	funguy	570	
	funkbungus	37191	
	funkeleven	12237	
	funkledink	19892	
	funky-hsapiens		225738
	funky_rus	20831	
	funkygetdown	36190	
	funkyhomosapiens		203754
	funmonkey	12468	
	funnyhoney217	19123	
	funnyworld123	28233	
	funwithcruelty	30195	
	fuoyvds	22506	
	furas	36342	
	furiouspun	872	
	furnace	2882	
	furygan	30434	
	fushmush	23821	
	fusi0n	8822	
	fusionxr	27747	
	futilizer09	30278	
	futurist	24834	
	fuzzbuzz	16110	
	fuzzy-dunlop	11808	
	fuzzywhitezipper	26631	
	fvolution	27536	
	fxr2014	31614	
	fyffes	9582	
	fzze	34922	
	g-gnvir1	3573	
	g0dz1lla	14073	
	g0dz1lla1	14074	
	g0f0rbarney	12909	
	g0ttib0y	33063	
	g1ddy	13681	
	g1ng3rbr34d_m4n	31140	
	g1s3x1r0		19194
	g3petto	6350	
	g3tLuCkY	38186	
	g4nj4s4urus	19675	
	g6bspv	22022	
	g732x	8582	
	gabbyishawt234	31026	
	gabbymcflakes	11221	
	gabri86	12765	
	gabriel	1888	
	gaccka	33132	
	gadget		2207
	gafa	12101	
	gaga1000	29470	
	gagaga	12756	
	gagarin	16765	
	galacticicicle	19235	
	galaxy23	25905	
	galcapone	3739	
	galengalet	18664	
	galex	33493	
	galgecko	20974	
	gallic974	4899	
	gallushoi	37076	
	galyx	13051	
	gamataf	4336	
	gambio	11163	
	gameboy211	20131	
	gamerz		39967
	gameserver	26629	
	gandalf3000	18026	
	gandalf649	22563	
	gandalfevolved2	22568	
	gandalfsgear		207750
	gandalfthegwac	27046	
	gandanga	28095	
	gandelf777	32561	
	ganduman	11801	
	ganesh2	33093	
	ganesha1849	18297	
	ganggreen14	13727	
	ganglee318	33349	
	gangleri	11042	
	gangpae	22279	
	gangsta74	38706	
	gangstar14	25035	
	ganjabeard	7535	
	ganjaboy	11496	
	ganjafarmer	4053	
	ganjahack	7113	
	ganjalsx	16462	
	ganjaman77	3625	
	ganjamaniac	18949	
	ganjameen	2559	
	ganjanl	23708	
	ganjhi	8670	
	gaom8Che	12739	
	gaom8Che2	38662	
	gapertron	39631	
	garby3821	26581	
	garciadaniel	1119	
	garciajose314	6793	
	garett	10518	
	garliccamera	35416	
	garold	13902	
	gary141	28922	
	gary214	14306	
	gary33	21015	
	garybobby48	2520	
	garyhund	12562	
	gas299	777	
	gascookered	13654	
	gass	2884	
	gastanko7	3545	
	gastroz	23154	
	gasw87	15873	
	gateway29	19692	
	gatorx	26955	
	gatsby	7079	
	gauth	1727	
	gav710p	31511	
	gavinnn	5833	
	gavioesdafiel	28998	
	gaychat	974	
	gayelavi	9297	
	gayfrog	6364	
	gaylordfucker	36422	
	gaynard	19576	
	gazelle	8409	
	gazoo	16569	
	gazpach	10613	
	gazung	38723	
	gbaromman	2618	
	gbgb	12511	
	gbhtsar12	34266	
	gbotexes	37642	
	gcmc12	13353	
	gcool500	6414	
	gdfagewagewag	39846	
	gdgdfgdg	55	
	gdlin1	32261	
	gdph420	13449	
	gearedup	21994	
	geazerpleaser	7773	
	gebre3110	29501	
	geda007	18167	
	gedm96	37073	
	gee-fun	1666	
	geebz316	4852	
	geee	27606	
	geek359	27803	
	geekjunkie	18637	
	geetarman		36318
	geeves1000	15329	
	geewizz	22278	
	gefese8a	971	
	geforce	23235	
	gege4444-fr	6868	
	gehenom	9732	
	gehoornde	16927	
	geisha_girl	4191	
	gekametsu	6280	
	gemini84	15874	
	gemix	15043	
	gems	38960	
	gen9ja	9723	
	gener	2147	
	general_aladeen		8496
	generalbuyer	18220	
	generaldegaule	6207	
	generation-oxy	2039	
	generic12	19515	
	generickobayashi	13341	
	genesis_65	24427	
	genetherapy	8641	
	genius0617	29410	
	geniusbase	12450	
	gennarobarilla	19110	
	gentility	20379	
	gentle	19335	
	geoffrey124	14016	
	geoffreygiraffe		69447
	geojaz1	12490	
	george18000	7421	
	georgeW	8345	
	george_byron	13340	
	georgeblefferson	8130	
	georgebushvoter	1437	
	georgedawes21	31646	
	georgejones	31405	
	georgekush	654	
	georgepablo35	14114	
	georgtrakl	10048	
	geotekservices		42202
	ger0nimo	856	
	germXone	20552	
	germanHQpharm		9450
	germanomosconi	7553	
	germanpower	5481	
	germanyy	8224	
	germcage	586	
	geronimo20	35842	
	geronx	6438	
	gerrycelso2	6906	
	gersen	19456	
	gerthschuster	18300	
	gertyugz882	31014	
	gessej	11311	
	gesundheit	3557	
	getdownlow	22606	
	getgreen	899	
	getitupye	26787	
	getmoney	1983	
	getmoney22	10980	
	getonmylevel	12488	
	getsomee	6571	
	getsuga_tenshou	20216	
	getterbankey	22090	
	gettingyes	23923	
	getyournodon	9757	
	gexxx	26317	
	gfdgveawg23	30858	
	gfdsahjkl	16131	
	gfdsretklphhgg	23082	
	gfh54tg	12625	
	gfhtd512469	19848	
	gfhtrdhjtrh	13317	
	gg4real	1227	
	gg654		12054
	gggg5555	11078	
	ggllffp	10557	
	ggmccloud	3986	
	ggptrip	13250	
	gh057	16502	
	gh05t	4084	
	gh0st	7363	
	gh_84	8213	
	ghabba	6302	
	ghaniyardi	5908	
	ghershy43wyhg3	13950	
	ghost10	16482	
	ghost14	3595	
	ghost63	23559	
	ghost91	17559	
	ghostchili	17235	
	ghostface008	33660	
	ghosthero851	2563	
	ghostjt96	5374	
	ghostmobb	867	
	ghosttwalker	2626	
	ghostwalk	2868	
	ghostwalker	3317	
	ghouls	8784	
	ghriszwiss	19257	
	giack44	5289	
	giantSquidz	9286	
	giantb	26187	
	gibbybutthole	27769	
	gibithecat	745	
	gideon42	27015	
	giefdrugs	24966	
	gifhappy	3035	
	giftcardfrenzy		14106
	gifted	1039	
	gigaoam	1368	
	gigglestick90	30585	
	gigi13	28639	
	gigi59	6349	
	gigilamorosso	3565	
	gigiusa	15567	
	gijsforzel	38510	
	gijsyo	28931	
	gilbertlikes	22808	
	gillow7	4332	
	gills	20396	
	gimmeallnow	22173	
	gimmedat	7851	
	gimmetrips	4570	
	gimmikplease	24595	
	gims		372441
	ginga43	2096	
	gingerbread	16926	
	gingerbreed	30991	
	gingermickk	21651	
	gingerninja999	30639	
	gingernium	10988	
	gingertofu	34201	
	gingervitis	29644	
	gini31700	7239	
	gino	1820	
	gionsu43	37353	
	giorgio3333	113	
	giraffe	11995	
	girelli34	7817	
	girlbiggles14	22566	
	girlsamazingbutt		13450
	girohoe	18823	
	girugamesh	34230	
	gisac001	10233	
	giselethefox	7888	
	gister1	22526	
	gitdown	8649	
	giul_badneck	24875	
	givemealltheweed	23446	
	givememoney12345	32485	
	givememoreweed	25271	
	givemeweed	23754	
	givenchy	12117	
	giveshotdrinkevo	9168	
	giveyouthed	1891	
	givingup	22082	
	gizamoney	18976	
	gizmo07	15529	
	gjepettohh	21536	
	gjvfss5u888246	37508	
	gkb4	20528	
	gkgk1	10712	
	gkstyles	36432	
	glabind	9258	
	gladiat0r	15820	
	gladiatorss	4501	
	gladstone19	32898	
	glahla	5811	
	glassblower255		56927
	glasscatfish881	13759	
	glassmank	4925	
	glaukoon	39844	
	gldnpmp	12665	
	glenda55	4107	
	glider2013	11812	
	glinka	19132	
	glitchy	39054	
	glitterknee	2683	
	glny1337	29172	
	global	8855	
	globalist	17595	
	globalnomad	12538	
	globox	6348	
	globus	1133	
	glockens	28793	
	glockfan	12057	
	gloriaskids	10629	
	gloriousskull		309242
	glover	18559	
	glowsticks2	16592	
	glowworm2	23054	
	gluckspilz	10431	
	glukoza	9923	
	gm365	29050	
	gmAz	421	
	gmaildotcom	17445	
	gmark	8954	
	gmaxim	20654	
	gmijs		1739
	gmoneymaker15	21577	
	gnarkotics	9912	
	gnarlygnome		291477
	gnatsquash	13899	
	gngr	27237	
	gnikoorc	30439	
	gnome	19386	
	gnome2	23819	
	go_gonzo	5688	
	go_out	23719	
	goat2266	17638	
	gobbleaduke	10565	
	goblin	33557	
	goblinburner	1541	
	goblindoblin	14314	
	gobolts	6266	
	goboubou	34127	
	godfathermg	28766	
	godjo	6927	
	godlysoul	24859	
	godofall	10274	
	godofwar	26575	
	godspeed0	27793	
	godthebrain	32481	
	goetterbote	8214	
	goforbillion	15987	
	goforgopher	25822	
	gogetter	25824	
	gogo123	12524	
	gogoXX	26796	
	gogogoz		300411
	gogs	17657	
	gohar321	10597	
	gohillsboots	7985	
	goin_hamm	6382	
	goindians7	2083	
	goingpostal		2381
	gojohny89	10998	
	goktaf	15005	
	gokussj4	31586	
	golan	6052	
	gold1889	5978	
	gold77	4591	
	gold_pw_reset	2918	
	goldbarri	13222	
	goldbear	14149	
	goldbullion		7542
	golddust1199	19231	
	golden0000	9542	
	goldenbird	20636	
	goldenglue	16158	
	goldenrabbit	5015	
	goldenshower33	4687	
	goldfingerz	12630	
	goldgutted	8112	
	goldie123	24941	
	goldiebrown	2708	
	goldintl	26704	
	goldjuices	9468	
	goldleaf333	9154	
	goldmansux	2878	
	goldmembo	12489	
	goldrabbit	35981	
	goldrag	35804	
	goldrush32		8661
	goldsilver	3414	
	goldstd	13071	
	goldstick	29602	
	golly1	37943	
	gollywobble	34470	
	goncalo95pereira	4613	
	gonder	33759	
	gonefishing	6558	
	gongzubing	5214	
	gonnadoittonight	12995	
	gonnascamyou	39401	
	gontran	4963	
	gonzalez	15634	
	gonzowayjoerogan	26942	
	gooby	4355	
	goodboy	1448	
	goodbuy	5889	
	goodcoin	15890	
	goodflk00	20578	
	goodguy024	16448	
	goodluck	5869	
	goodsprovider		14701
	goodstuffyea	31596	
	goodtimebitcoin3	19407	
	goodtimes399	5565	
	goodweed	14880	
	goodwindaniel1	32093	
	goofybastard	22143	
	googlbot	5370	
	google4u	24265	
	googleperv	8444	
	googleyed	2549	
	googleyoutube	29796	
	googlymoogles	7695	
	googs	1413	
	goombastomp	5382	
	gooner123	36368	
	gooner97	4598	
	gooners40	17071	
	goonie69	30121	
	goonsquad	36903	
	goooooooo	26774	
	goop340	2742	
	goosey1986	26159	
	gooseygrey	25124	
	gor321	10875	
	gorall	27748	
	gorc	15392	
	gordonfreeman000	37312	
	gordonjungle	11182	
	gorilia	8603	
	gorilla98	17240	
	gorillaman	12359	
	gorillia	34349	
	gorkdoc		147033
	goro	29036	
	gory	1612	
	gosaka	11766	
	gosden1	17830	
	goshailesh	13309	
	gospurs50	15518	
	gostas	13545	
	goswipe		174036
	gotit	27884	
	gotmonies	6147	
	gotmymba	3225	
	gotothebeach	38441	
	gottaluvdrugz	23072	
	gottdamn	14432	
	gotti1212	10166	
	gowap	26026	
	gowgowz	8932	
	gozzo1678	29430	
	gphero4	39081	
	gr000ps	7407	
	gr0tesque	8064	
	gr0wer	13006	
	gr0wl	19093	
	gr33nthumb	18812	
	gr8m8	11814	
	grabben1	22406	
	gradditevo	23063	
	grail	28417	
	grambranxxer	35588	
	grammysmith	6648	
	grams4life	12861	
	gramsearch		42522
	gramspport	13530	
	grandaniel	5988	
	grandmaster1690	7658	
	grandmom	25342	
	grandtheft77	27982	
	grandvapor	25013	
	granlusso	19438	
	granolagrill	28564	
	granthur	25106	
	grantkroll	36654	
	grantswishes	22265	
	grapes19	22190	
	graphicsarray	7429	
	grasdouble		252968
	grassisgreen	16221	
	gratefulbird	19872	
	graveyclaus	1569	
	gravox	18086	
	gravyboy	196	
	grayfish	8733	
	grayfox	3989	
	graymatter23	23325	
	grayner46	8047	
	grayraven	203	
	greak1993	15263	
	greaseman99	39305	
	greatapesoda		217186
	greatbirdie22	8852	
	greatesthits	24434	
	greatkof	17715	
	greatlazy7	6163	
	greatpornhere		13443
	greatwhite	20582	
	greatwhiteflash	36607	
	grebciu	11402	
	greekd3	8494	
	green2red	1784	
	green9	20947	
	green_grocer		183254
	greenalien		17532
	greenalphafour	26016	
	greenbastard	33644	
	greenbuble	15650	
	greenburg	6733	
	greencard	9670	
	greenchilli	11559	
	greendog	3451	
	greendracul	21713	
	greendragon	25372	
	greeneagle	5108	
	greenfield	9564	
	greengirlscout	24028	
	greengnom	10910	
	greenit	20710	
	greenjellybean	38211	
	greenjohn	13735	
	greenlantern	865	
	greenmachine	2932	
	greenmachine420	12475	
	greenmanorganics		201586
	greenmelon	29092	
	greenmile	7041	
	greenpencil	10965	
	greenpower03	36682	
	greenspan430	6274	
	greenstone	20462	
	greensuit	9240	
	greentee4060	25786	
	greenthumb666	21475	
	greentobasco	10843	
	greentree	4076	
	greentumb		303046
	greeny1	24801	
	greenzone	22493	
	greezygreez	18773	
	greg4ssss	27416	
	greggor	25156	
	gregoriohubs	27482	
	gregoryhouse1791	37159	
	gregtxi	32620	
	gregwynn	31860	
	greken	24041	
	gremiofbpa	12577	
	grenco050	22062	
	greshy43y43	36642	
	gresti	30593	
	greyareas	31015	
	greygoose	8366	
	greyishcouch	37821	
	greylong	27643	
	greymatterx	29097	
	greyname	2628	
	grgio	9708	
	gridlockd	18301	
	grigger1	25319	
	grijander	10711	
	grimes56889	24600	
	grimeygrundle	19502	
	grimmerMD	19052	
	grinch		65318
	grindelgrass	18517	
	grinder69	21660	
	grinderer	39239	
	grindingpegs	20465	
	gringo90	23355	
	gringo_pimp	26533	
	grinson	7683	
	grishix	25251	
	grisu71	21498	
	gritty	2589	
	griumlon	30260	
	grizlyvapor	19662	
	grizzleychew	25412	
	grnster	9510	
	groan	24329	
	groganman	19039	
	grogg	31523	
	grolandais	34414	
	gromitthedog	12471	
	gronatomten	24245	
	groobie0909		28399
	groom	28635	
	groomi10	13227	
	groovelocked48	34412	
	grooverider	5423	
	groovymann156	28847	
	gropingard	25663	
	grossguer	6477	
	grote043	23915	
	grouchynet	22696	
	groundsquirrel	32500	
	groundzero90	347	
	groupcomeback888	37227	
	grouttime	30244	
	grow420	6377	
	growking	12757	
	grr2u4rea	4424	
	grsmgskogje	36315	
	gruenerfg	23032	
	gry_mtr	4173	
	grynet	25586	
	gshock	3797	
	gshocs6	4727	
	gshum	25837	
	gsxr1100wb	36008	
	gtaV	3111	
	gtat	19657	
	gtd242	12421	
	gte3535d	34747	
	gtlifter	34850	
	gttdi313	35586	
	gucci	2828	
	gucci_guwap1017	23207	
	guccoo2	11372	
	gucker	1693	
	gueitb1981235	12365	
	guesswho1	3961	
	guest51	17103	
	guet21	1843	
	guevarar11	8010	
	guhin691122	7615	
	gui1e	8128	
	guid-91048	9304	
	guidemaster	6243	
	guidetti		41306
	guido1999	12445	
	guik	26688	
	guiltlesscrimes	22961	
	guiug	8580	
	guizaoporra	24200	
	gulliver999	28371	
	gulp	31248	
	gumbase	5037	
	gumbygang912	14299	
	gumpa	30467	
	gunber4	23777	
	gunfighter1776	12271	
	gunit	9383	
	gunner	2298	
	gunner1211	28069	
	gunner1986	5450	
	gunners	5946	
	gunners666	24570	
	gunnerstatz	206	
	gunslinger1776	5327	
	gunsmith	3976	
	gunter801	11181	
	gunter_2	29529	
	gunwalk	4612	
	gunz	4877	
	gunzuk	10392	
	guriyo	28765	
	gusanito22	24537	
	gustaaa66	35220	
	gustav666	28161	
	gustavobros	29418	
	gustavol	2288	
	gustavsargent	11758	
	gutentag	30560	
	gutterville	26044	
	guwop	35622	
	guwop10	1030	
	guy6337	20848	
	guybrush14	5986	
	guyinblacktshirt	36800	
	guyurpail	5097	
	gveil17	12400	
	gvforsaleal		21982
	gwbush	14937	
	gwern		1786
	gwuix2	7135	
	gxyrem	13847	
	gy303	5980	
	gyaendfuli	26948	
	gyan77	26407	
	gymbob	38793	
	gypsy16	2731	
	gypsyjungle	2095	
	gypsylee	29061	
	gypsynatrum	29521	
	gyuir	8571	
	gyukersh	36345	
	h-train		226001
	h0l0gram	29272	
	h0mersimps0n	12449	
	h123h	13927	
	h1tman42o	27816	
	h2hot	13049	
	h3499	9857	
	h34dphuck	16036	
	h34r713s5	39827	
	h45s	2305	
	h4ck2k	2199	
	h4ck3r00l33t	36464	
	h4oxy	29052	
	h4t3	28	
	h4x-	2798	
	h84hti0	10428	
	h8beingsober	9415	
	hNAdkyxxge3	38631	
	h_1977	3003	
	habise420	6318	
	habit	6866	
	habz187	2542	
	hack3d	8505	
	hack62off	7032	
	hacked_dumps	11389	
	hacker4cash		150211
	hackerbasher15	32813	
	hackerparadise	27107	
	hackerwanted	27994	
	hackerx	201	
	hacknbuy	862	
	hackson	25618	
	hackteck	22198	
	hacktenzo	12877	
	hackthaworld	15908	
	hackymanuno	32526	
	hades	6084	
	hadesboy	4661	
	hagazussa	25422	
	haggis	10427	
	hahahalol	37550	
	hahas	9925	
	hahne	22783	
	hailfrankthedog	22957	
	haircare	16793	
	haireargoateye	12483	
	hairgel	10395	
	hairwaytosteven	13601	
	haisiok	12289	
	haja	39337	
	hakim176	11466	
	hakima	9102	
	hakisan	11254	
	hakkasanlol	20143	
	halciondaze	11709	
	halfgrbag	11128	
	halfshadow	7864	
	hallmark	22167	
	halofan		9943
	halogen	3348	
	halsinky87	7734	
	halstow	3202	
	halyftw	14050	
	ham0dy	26962	
	hama456	29757	
	hamburg	3911	
	hamcam2050	15229	
	hamezrodrigez	30483	
	hami1t0n	6777	
	hamilton710	27352	
	hamish12	39318	
	hammau21	24920	
	hammerman	4595	
	hammeryayy	26729	
	hamms600	37824	
	hampaprotein	24934	
	hamsterdam420	9820	
	hamza007	16613	
	hamza951	14201	
	handel123	5494	
	handler		16145
	handsomejack	9777	
	handyman82disc	20031	
	hanedizzle	10727	
	hangover	13646	
	hangtang	7165	
	hangtimezed	10611	
	hank77	4333	
	hankh		3121
	hanki	30640	
	hannah_lindsey	29025	
	hannahmontana	20748	
	hannibal23	10959	
	hannimal	2983	
	hannspree	4165	
	hanoff	11136	
	hanomnom	27650	
	hansaue	2321	
	hansbert	32087	
	hansdampfF2	16248	
	hansdetlef	32440	
	hansendude	12727	
	hanshausnot	26572	
	hansmeiser34	10425	
	hanspeter	4111	
	hanswalter1234	27599	
	hanswurstpeter	4324	
	hantxyyxx	21692	
	hanvytravels	2510	
	hanzolo2	23427	
	hanzvonveitch	18537	
	happily1	3014	
	happy1	953	
	happy2014	644	
	happy_few	29130	
	happybullseye	16617	
	happybuyer	13269	
	happycampers	24119	
	happyclam	4066	
	happyguy72	10700	
	happyhattie	10245	
	happyheinlein	7843	
	happyherbalist	24479	
	happyjoy	27221	
	happyme	14162	
	happypopper	12191	
	happyship	1958	
	happyshopper	5250	
	happzy123	5486	
	har5544	21867	
	harakiriphoenix	38696	
	harami101	13576	
	harbinger168	7790	
	harcourts	33722	
	hard8ight	5018	
	hardbacon	5575	
	hardcorep	6023	
	hardelijm	28328	
	hardgamer	14386	
	hardmode	14058	
	hardyam	11456	
	hardymir	6386	
	harek	13190	
	harkins851	9850	
	harl0ck	19498	
	harleybiker	4249	
	harlock	2797	
	harmful-casper	28772	
	harmony1209	25584	
	harpocrates	11075	
	harps1	10305	
	harpuia199	37712	
	harrenddt	37478	
	harrison	5720	
	harry1pc	33242	
	harry45	13392	
	harryall	12799	
	harrybalzac	16873	
	harryf	34869	
	harryfontana	13765	
	harryhickory	21518	
	harryhungwell69	15906	
	harryjones2222	6456	
	harrymalfoy	31696	
	harrypothead666	31057	
	harrypotteralive	14245	
	harryredknapp	32960	
	harrys	6238	
	harrythewizard	7927	
	harshboy365	8411	
	hartur	16277	
	hartwood	34148	
	harveyspec	2246	
	haschkaninen	30803	
	haschshoppen		195417
	hasdkasdja	16033	
	hash-baz	22424	
	hash2hash	17409	
	hashalhoff		24228
	hashcat	25391	
	hasher	3455	
	hashgoober6	28691	
	hashlove	13213	
	hashninja420	12979	
	hashtaghashdabs		34601
	hashworks	37127	
	hasish	6245	
	hassanaida	9032	
	hasteman	36069	
	hastobefunky	13943	
	hatdog7416	26984	
	hatechavez	11139	
	hatelife	33613	
	hatemail	29318	
	hatsare	20223	
	hattermadigan	43	
	hattorihanzo777	3710	
	haunterbr	13274	
	havana	17200	
	havass	7633	
	haveaniceday	32029	
	havefun88	22630	
	havokb24	26226	
	hawg	17018	
	hawkeagle	31168	
	hawkinthenest	24929	
	hawthorn11	27248	
	haxwellmouse	16268	
	hayao	2995	
	haycelemsi31		14003
	haydo9876	9080	
	haywoodj	27085	
	haz102	20102	
	hazardous	18414	
	hazbro	3181	
	haze1	16001	
	haze13	11059	
	hazekicks	34333	
	hazflex	35270	
	hazlisham	4321	
	hazmatt	22409	
	hazsmoke	2534	
	hb6u486	22149	
	hbheiner	13456	
	hcji37FXfCG	7252	
	hcteks321	30415	
	hctulcpiy	29540	
	hd3slyde	24110	
	hd5656	18506	
	hdj95	21689	
	hdmi	13247	
	hdtt1	38665	
	headcrusher	10782	
	heart_attack	7960	
	heartless3k	8764	
	heartofhellfire	18275	
	heavencard	11824	
	heavenk	4044	
	heavypsyplant	20580	
	hectorp654	38345	
	hedehodo	19101	
	heebeegeebee	14015	
	heehaa	12001	
	heeradog	32186	
	heinerle14	15662	
	heinig	9842	
	heinrich8547	5561	
	heinz	12853	
	heinzbeans93	12369	
	heisenb	37286	
	heisenberg111	15687	
	heisenberg2142	39202	
	heisenberg29	5207	
	heisenberg_66		8177
	heisenbob	2323	
	heisenburgg	10411	
	heistmastermind	3888	
	heizenbergg	13641	
	hek0	3269	
	helchior	6369	
	helen25ron	2498	
	heli	12667	
	helicopter84	7573	
	helium13	10655	
	helix67	31346	
	hellbilly11	15994	
	hellboy666	18144	
	hellboyp450	17456	
	heller	3071	
	hellfire959595	20733	
	hello12	11328	
	hello333		299227
	hello_kitteh	39163	
	hellobro	28194	
	hellocarl	10187	
	helloeurope	6375	
	hellog	3903	
	hellokonichiwa	8714	
	helloreddit	33087	
	hellothere11	31587	
	helloweedlol	37623	
	hellrazor	920	
	hellwind	8219	
	helmet1	23066	
	help101	30802	
	help2FA	9726	
	help4you	34212	
	helpingout5	34853	
	helplease	1456	
	helpmeimamazing	35565	
	helpplease	39410	
	hematite419	24811	
	hemavol	39093	
	hemiketal	18421	
	hempmaster	17510	
	hemstedestraat	18005	
	hendhap	13130	
	hendrixeye69	21709	
	henfieldTom	17489	
	henkmelis	35448	
	hennesyyyy	419	
	henryblackhat	6389	
	henryk123	12013	
	henxi	4010	
	herbalboy	21178	
	herbalosmosis	26065	
	herbertwest	1163	
	hereandnow	24531	
	hereford	6954	
	hereicome9091	5242	
	heren	11767	
	herhim2009	10764	
	herhseysquirter	37130	
	hermantoothrot	32217	
	hermes	2092	
	herndles	1822	
	hero14	9194	
	hero4theeg	6405	
	heroinerror1	3590	
	heroingirl26	7459	
	heromarine	530	
	herostats		18002
	herpderpy123	12494	
	herpes2	39772	
	herpiusderpius	28786	
	herrbrend	33418	
	herska	7152	
	heskk	30772	
	hestemannen	17668	
	heureka	13608	
	hexicorridor	34923	
	hextor7	1574	
	heyandrei	13139	
	heydude123	1289	
	heydude123123k	2528	
	heyguys	26895	
	heylegros	25801	
	heytherejake	23905	
	heyzeus1776	12082	
	hfdshy543wyh43	14128	
	hfghfghf	369	
	hgirl	32658	
	hgy67ty	26376	
	hh_coco_hh	8400	
	hh_coco_hh2	9910	
	hhansestadt	34149	
	hhh1	27663	
	hhhhhhh	10487	
	hhjjuuof	26048	
	hhr-logger	16846	
	hhsuyh	8427	
	hi2u2	17606	
	hibees09	1898	
	hichamovic	38337	
	hickyman77	11512	
	hicxi	29886	
	hidden301	3339	
	hidden87	23886	
	hidden9527		38555
	hiddencoke	28170	
	hiddenmonkey2015	31197	
	hideandseek1311	30547	
	hideintherainbow	9607	
	hidrofirst	35792	
	high-test		382632
	highanxiety	9344	
	highanxiety2	11268	
	highb	5056	
	highbird	19505	
	highend	7857	
	higherdayze	6506	
	higherexistance	9852	
	highkite	15045	
	highlander47	39802	
	highlighter	6964	
	highlyoriginalsn	39461	
	highonhelium2	28853	
	highrule	15010	
	highsniper767	13584	
	hightimes420420	37728	
	hightoken83	27079	
	higs	20930	
	hihihihi	2690	
	hihopes	6628	
	hiitman	18578	
	hijoperrilla	9767	
	hikkaduwa	8483	
	hikliktejenik	6439	
	hillbrow	5863	
	hillfunk69	8933	
	hillhenry	6335	
	himbugs	34256	
	himehi	31170	
	himeros	2015	
	himpson	8020	
	himym2000	23010	
	hineysight	12147	
	hipno	9753	
	hipo	37968	
	hippie99	1751	
	hippy	4143	
	hippylettuce	28621	
	hireton	9419	
	historyrepeating	19116	
	hit2013	29258	
	hithighordie99	16436	
	hitip	4723	
	hitman8881	36388	
	hitmann193	8466	
	hitmonchan	31253	
	hitop	10423	
	hivebee41	24259	
	hiznberg	13923	
	hj00lee		13420
	hjasf87a43t0q	16604	
	hjfgbwiu98	14625	
	hjtrdjtrdkjtr	37919	
	hjw98	18806	
	hk2k	5664	
	hkdoska	39071	
	hks1422	33021	
	hkweeder	4716	
	hkyj2304	8538	
	hkyouma01	9091	
	hm301	17873	
	hmann1213	39343	
	hmbdtrch	14433	
	hmdx99	27541	
	hmike22	35414	
	hmty4water	9127	
	hmwd	22108	
	hnjr	3831	
	hoan1022	2967	
	hobbs9201	19359	
	hobus	11798	
	hoch	2210	
	hod534	6262	
	hodor	7149	
	hodoryolo	31193	
	hodur	7932	
	hofficoffi	17774	
	hoffman75	27238	
	hoffmanisgod	15187	
	hofmannbr	18169	
	hohoho	38901	
	hojberg1	10933	
	hoksi	16029	
	hola12		22655
	hola_motorola	21961	
	holarg	8596	
	holcook	31058	
	holden	14974	
	holdupboyz	1554	
	holdweight1	3577	
	holland	4296	
	hollandski	7144	
	hollister733	37946	
	hollowsorrow	38384	
	hollyhell	36223	
	hollymolly	8887	
	hollywood	2759	
	hollywoodhank	37306	
	hollywoodsosa	28868	
	holocaust212	31703	
	hologramer	7589	
	hologramhands	23267	
	holographic	26417	
	holusid	13479	
	holyangel	455	
	holyb	6308	
	holybatman	33398	
	holyhellatt	10366	
	holyhellfire	26091	
	holyroses	31263	
	holyshit	4797	
	holyshit2	13596	
	holysmoke	5474	
	holyvaseline	1512	
	hombretuca	35653	
	homeboy	13649	
	homedeal	26232	
	homegrown		9547
	homersimpson	10214	
	homersimpzon79	29203	
	homes	2872	
	homewood	18689	
	homeworkhelpers		35788
	homezone93	8265	
	homi576	27737	
	homie3000	11047	
	homiedaclown	9851	
	hondino	29447	
	honestcitizen	9048	
	honestherb		209134
	honestreviews	34393	
	honestysims	774	
	honeybags1807	11983	
	honeybud12	13579	
	honeycombmyass	36189	
	honeygirl	18333	
	honeysex	5749	
	honicks	14200	
	hoodboi	34383	
	hoodbyair	30833	
	hoodie	1619	
	hoodstars	22211	
	hookmeup	34284	
	hoosier9000	12586	
	hoot296	28418	
	hoptromba2	31732	
	hopwodii	4887	
	hora21	31742	
	horacekent	20637	
	horizon	5348	
	horntown	33560	
	horny7	10599	
	hornymilf	34151	
	hornysoccermom	16665	
	horseburger	30962	
	horseongrass	28214	
	horsepackhack	24983	
	horseshoeface	18250	
	horseyhorse	37416	
	horstschierek	11091	
	hort3x	33599	
	hossk1995	17677	
	hot_biscuits	22129	
	hotblonde333	17311	
	hotchip1989	33973	
	hotdead	8545	
	hotdog9527	5906	
	hotelier	8461	
	hotmoma	5826	
	hotness	7110	
	hotniggabobby69	28143	
	hotpieindugout	12399	
	hotsince94	13496	
	hotspur	28030	
	hotthottH	23206	
	hottiggos	31333	
	house2street	8390	
	houseofcards1	22584	
	housetank	6357	
	hovito	534	
	howbazaaruk	20524	
	howdidithappen	22454	
	howdoudo	2693	
	howerson	74	
	howlatmoon	15578	
	howlingmad	11315	
	howlingmonk	1321	
	howsermd	35601	
	howsitgoin	35215	
	howtohide	7372	
	hoymac101	22523	
	hpeevo	13725	
	hpeveryday	3937	
	hplaserjet1020	6778	
	hppdmt	30481	
	hpsauce	22372	
	hptrippy	25249	
	hqccc	12244	
	hreszh4je3uh43	14287	
	hrftds543h4	14366	
	hsekwefwe324df	6467	
	hsodhod79	1008	
	htcevo	26591	
	htcevo4g	13086	
	htcsllq	27145	
	hththomson3520	28188	
	htimclock	13156	
	htrdjntersjhers	32384	
	http		30527
	https	4135	
	huanson	11681	
	huba-dubz	12120	
	hubblebubble	22756	
	hubbycakes	25986	
	hubertfarnsworth	36660	
	hubertus	15926	
	huckleberry75	11574	
	huddly	9794	
	hudhud	28481	
	huehue911	4895	
	huffyden	14003	
	hugecash	15323	
	hugginz	38404	
	hugmonster	30987	
	hugochittenden01	37953	
	hugogogo	28910	
	hugostheman	6068	
	hugyjol	32344	
	huiohuio	11939	
	huliyo	2212	
	hulk21		265041
	hulkman9101	912	
	hulksmash1	30120	
	hulksmash99	11424	
	huludodge48oop	10714	
	hum11	286	
	human6	20122	
	humankiller	23958	
	humanman2	30718	
	humax	29363	
	humboldtcannabis		9753
	hummel	5613	
	hungry4cash	2717	
	hungryghost	23024	
	hunkyjoules	5652	
	hunno77	9795	
	hunnyboo	8710	
	huntarian77	18362	
	hunter2000	14731	
	hunter23	31517	
	hunter66	11606	
	hunterman007	11127	
	hunterstown200	14424	
	hunterthomson	27230	
	hupe21neu	5859	
	hurensohn9	18932	
	huricaine	11763	
	hurip	26495	
	hurricane420	3491	
	hurtheartevo	17220	
	hushd	25135	
	hushhushbaby	13161	
	hust00	19485	
	huyguyfguyfty	13947	
	hvkjbgoivhg	21597	
	hwinfield	29266	
	hwjjwh	2045	
	hwuk11	9879	
	hxmxh	22078	
	hy71194	35562	
	hy7ws	26820	
	hybriidkaalikas	6696	
	hydroflame	31283	
	hydrogen	16176	
	hydroman		72794
	hymperion	19510	
	hypeman990	26675	
	hyperKane	16175	
	hyperchameleon	10190	
	hyperfresh99	10032	
	hyperlogic	29417	
	hyperpisoff	15927	
	hypnothc	10523	
	hyrce	17694	
	hzr0		29516
	i-smell-a-rat	16953	
	i-z-z-i	19813	
	i420	23582	
	i427501	9332	
	i69llll	37070	
	i70m1TVM	11464	
	iBits	16511	
	iBlazeDaily	31412	
	iBuyWeed	4088	
	iCaNsee	27012	
	iCard	17789	
	iCardz	33711	
	iCheck	33935	
	iCute	37202	
	iDrugs		66468
	iGeneric	19032	
	iGotClientele	32698	
	iHateGoogle	1280	
	iKiwi	8354	
	iLostMyLeg	35025	
	iLoveNbome	11516	
	iPadCrook	737	
	iPoopRainbows	11642	
	iRecolor	4725	
	iSellCardz		23457
	iSellWeed420		1156
	iSmoke2Heavy	1628	
	iSquad	22362	
	iTooktheREDpill	3598	
	iTrap4You	20441	
	iTroll	11762	
	iam76	4089	
	iam_koz	149	
	iamadoone	38935	
	iamanidiot	39800	
	iamaplant	11334	
	iamawhiteman	16205	
	iamdying	17493	
	iameatingjam	16936	
	iamfbiman	9869	
	iamgod56	2403	
	iamgreat	2909	
	iamhere	30534	
	iamjackscolon	25116	
	iamjustdatguy	15291	
	iamlegit	13418	
	iammecantusee	30084	
	iamneuron	22590	
	iamno9	13437	
	iamnotahuman	32835	
	iamnotmortal123		11377
	iamnumbaone	34115	
	iamthemouse	1403	
	iamtheprezo	7118	
	iamtheverymodel	17051	
	ianfleming	19089	
	ianloyd	22426	
	iatuki12	12162	
	ibadfubawbef	31953	
	ibajswf	21134	
	ibcnumba17	14496	
	ibiiwgiwd	16984	
	ibiza1234	1818	
	ibiza12345	22690	
	ibmpixel	13364	
	ibouliss	10213	
	ibuydrugs	17973	
	ibuymolly	20343	
	icanhasdrugs	13182	
	icanhazgoodtime	35028	
	ice13	20928	
	iceberg		12157
	icebughi	20460	
	icecity1	36079	
	icecream	11562	
	icecreamkones	27964	
	icefox12	16116	
	icegold	36047	
	iceicebaby	5390	
	iceimpact	9279	
	iceout	26610	
	icey123	3983	
	ichbinmude	3922	
	ichewgum	13648	
	icingDancing	33092	
	icstock	10308	
	icsudraken	16590	
	icui4cu1302	23889	
	icyhigh	3537	
	id0ntkn0wh3r3iam	11508	
	id1488	10662	
	idL3akZ	8879	
	idae	8626	
	idbuyer	8912	
	idealchoice	31123	
	idealmoney	664	
	ididntdoanything	1298	
	idioteque	2547	
	idiotmacho	701	
	idlikethat	6217	
	idontfuckwithyou	32578	
	idrakzil	12591	
	idriveevo	12748	
	idrops	7973	
	idtgatt86	12644	
	idump	2186	
	iesessladud	7373	
	iex5AiKohR	9246	
	iflyakite	4095	
	ifuckdogs	33354	
	igetit	18071	
	igi123		131191
	igla	3929	
	ignant	12864	
	igotdamagedtoo	10773	
	igratius	38961	
	iguanacolossus	25639	
	ihatejokes	103	
	ihatemsn1		4225
	ihatenwo	36565	
	ihav1hitr		86096
	ihaveabong	23237	
	ihaveanumi	22902	
	iheartgwen	17021	
	ihojlot22	12862	
	iiPurest	1061	
	iics	14697	
	iiuii8	29742	
	iiyama456	5589	
	ijskonijn	32311	
	ijustbluemyself	13965	
	ijustdontknow	13523	
	ikap1127	18454	
	ikeburna	4432	
	ikechu	30636	
	ikol	3379	
	ikz921	11748	
	ilCommendatore	939	
	ilasivo2k	7389	
	ilbannato	1744	
	ilikebigfeet	21416	
	ilikedrugs2	22794	
	ilikedrugz	18944	
	ilikeitall	13571	
	ilikeraindeer	28467	
	ilikestuff	2444	
	iliketohavefunn	35596	
	iliveonwelfare	38096	
	ill-eagle	15562	
	ill1	18548	
	ill3g4list	34516	
	illbeats	14161	
	illegallmafia	10707	
	illegalpete7	26570	
	illestandrealest	37200	
	illmatic	8392	
	illmatic19801980	4929	
	illmatic666	17471	
	illtryanything	19413	
	illuminatibtcc	25367	
	illuminatihack	13067	
	illus1on1st	27771	
	illusion	85	
	illy66	12903	
	illyria23	11556	
	ilmarchese	11551	
	ilmigliore		252000
	ilovecocsanta	27379	
	ilovedabs	7997	
	ilovedrugs4life	4848	
	iloveit	2653	
	ilovek1	19897	
	ilovem1	3965	
	ilovemoney	1842	
	ilovemushroom	12407	
	ilovemypeople	11608	
	ilovepnr	27161	
	iloveyoulongtime	2044	
	iloveyouu	11481	
	iltshima	39437	
	iluvbacon	2687	
	ilya	1576	
	im-not-here	12315	
	im4real2015	31289	
	imNoOne	2114	
	imabanana6	33543	
	imacomputeruser	24705	
	imaduck	3863	
	imahatmai9900	381	
	imanape	19424	
	imbeast	1313	
	imcognito	13988	
	ime_muna1	31202	
	imflyin	5397	
	imheretobuystuff	5002	
	imind1	30996	
	imkite	7077	
	immabuysomething		32663
	imnotbenstiller	13075	
	impacter	16429	
	imperialpride	11775	
	importrepublica	20243	
	impr	318	
	imreallynothere	36137	
	imrolling	2374	
	imshmacked	22088	
	imsocool123	18315	
	imthedr		213649
	imtooold	37960	
	imurumi	4718	
	inamo	14915	
	incarevenge	1361	
	incendo	17874	
	incident84	7420	
	incognegro	1423	
	incognito1	28981	
	incognito24	2017	
	incognito33	83	
	indahood	3358	
	indecentproposal	36618	
	indeependence	11591	
	inderplus	28744	
	indesht11	26957	
	indexhr	1732	
	indiabenzos		23226
	indianjoe	20834	
	indicemoral	25195	
	indichilli	24081	
	indigo	6417	
	indycolts420	25291	
	ineedbarz	28591	
	ineedcashhr210	31323	
	ineedcredit	1451	
	ineedhelp	15441	
	ineedmoney99	14904	
	ineedmortgage	1406	
	ineedsdabestplz	13659	
	ineedsome	24728	
	infamous21	34141	
	infamous7140		16857
	infamousryan	3167	
	infecsto	37524	
	infectionnz	39821	
	infectious	1135	
	inferential	3441	
	infidel1	1051	
	infinitecat	30425	
	infiniti2008	30845	
	inflamex	8623	
	inflict4	35634	
	influence	25311	
	infoforsale		24202
	infolooking	30885	
	infomx	1145	
	inforich	8612	
	infoslut	37911	
	ingenious2	11999	
	inglib	3658	
	ingos-pharma		299493
	inhumanazi	24876	
	init2winit	12377	
	initsrightplace	34518	
	inked0g19tw0nine	25940	
	inkman	7821	
	inkubus	35791	
	inkydinky7373	39230	
	inkyskin75	18659	
	innate	25287	
	innocentANGEL	29496	
	inr4inbows	36856	
	insa2012	9953	
	insalato	34535	
	insanelucky	7746	
	insecticated8	2076	
	insomNIAK7	9476	
	insomnia-d	9410	
	inspectahbw	11520	
	inspectorbodkins	36215	
	inspectorj	783	
	instabaws	18797	
	instigator	9034	
	instoreking	33600	
	insufflated	10396	
	int_safety	12627	
	intal3x	6031	
	intel101	2627	
	intenralint	18731	
	intensee		21853
	intenso84	21351	
	intercestor	1436	
	interdasting	13196	
	intergalactix	18803	
	internalpeace	13890	
	international123	32274	
	interrupted2	11020	
	inthefastlane		14225
	intheislandsink	20369	
	inthemorning	13268	
	into321	21236	
	intrade	2856	
	invad3r	10832	
	invaderZIM	15551	
	inversions	18036	
	invisibleice	8061	
	invisibleinc	25312	
	invisibletubes		18104
	invocation	22312	
	involution	12648	
	io-io	9778	
	ioguzhk	24565	
	ionusbtt	3498	
	iphone22	15451	
	iphoneman14	34472	
	iphonestore	2701	
	iplayhusng	37086	
	iplayintraffic	8253	
	ipushthekush	10063	
	ipushthemolly	31629	
	iqskxx9	28561	
	iraqi	8352	
	irawn	5368	
	ire2x4	12918	
	irie7777	11836	
	irishcreamxx	6192	
	irishlad57	2214	
	irocku	38485	
	iron	3606	
	ironhalo	15006	
	ironhulk	25418	
	ironman	6426	
	ironman2004	1095	
	irr4ti0n4lity	39233	
	irritate	2285	
	isaisaisa	18418	
	isegrim	30305	
	isellcake	4479	
	iselldopetoobama	31535	
	isellguidess	37255	
	isellshmoke		26045
	isergen	21945	
	ishift	21376	
	ishka350	18928	
	isisthedog	24753	
	islabad	35222	
	ismokeweed100	21284	
	isnotawhore	30265	
	isocrazy	10202	
	isoverbatim14	34031	
	issey121	30725	
	istar	14999	
	istayLOWKEY	29676	
	isthatuisthisme	11383	
	isthisdom	28850	
	iswipe	16313	
	itai86	4516	
	itakdalee	759	
	italianman	33456	
	itargenac	22431	
	itch409	3862	
	itchy_fcmd	12556	
	itchybum	12760	
	itchyitch	13711	
	itchyorscratchy	13034	
	itchysnake	19483	
	itchytriggerf	2813	
	iteqpor1	11188	
	iteqpor11	21783	
	itewqq		224803
	itit	11555	
	itnass	23247	
	itoldyouso	14451	
	itoystory	14343	
	its-me14	24918	
	itsB16	23994	
	itsguccibaby	39130	
	itsiiight	31327	
	itsjustolly	11185	
	itsmagicall	20132	
	itsme123	8170	
	itsmenbath	12898	
	itsmetim	16441	
	itsmybody	30027	
	itsmylife	28818	
	itswayne	22572	
	itsyaboypat	25854	
	ittech17	4748	
	itwasjustfarts	30334	
	itwell	1965	
	itwobbles	35666	
	itzkrispy	14045	
	itzkrispy123	14046	
	itzmassive	38850	
	iu4678333	37853	
	iuduhi	9096	
	ivalmo422	31445	
	ivanandtheterror	28951	
	ivandrago99	19681	
	ivanrebroff	7745	
	ivanspeedy	4494	
	ivantheterrible	24763	
	ivory		13162
	ivory11	12963	
	iwantbudz35	29212	
	iwantitnow23	30509	
	iwantmyusername	8873	
	iwantsome	6338	
	iwantyou	27768	
	iwasaspermonce	21525	
	iwasme1234	26361	
	iwebguru	29066	
	iwillbeyourghost	9583	
	iww01	36007	
	ixxx	15704	
	izan1	2196	
	izarcloud2	6914	
	izio	6470	
	izuquwe365	17759	
	izzum	24575	
	izzystradlin	13185	
	j00Nta0	31704	
	j0eboy	1011	
	j0hnknee	34139	
	j0hnnys1	17189	
	j0k3r	13054	
	j0urnal1st	4567	
	j1966	34531	
	j1fb4	23049	
	j1mmyz1mb4bwe3	37950	
	j2dm	15340	
	j3zzn	5830	
	j6te5je54u5	13939	
	jAID23320	39782	
	j_foreman	1940	
	ja543678	20750	
	ja602x	33058	
	jaamesbaxter	39744	
	jabadahuttt	15201	
	jabato	23865	
	jabbajabba	1128	
	jabbar	4753	
	jabronus	25272	
	jacal666	1035	
	jack-banker	303	
	jack026	17104	
	jack19	1317	
	jack1987	27051	
	jack2078	20707	
	jack26	20333	
	jack2613	5209	
	jack27194	19439	
	jackal85	26740	
	jackalhunter	11106	
	jackass	10738	
	jackass85	27333	
	jackbarron	5912	
	jackbauer81	26154	
	jackbeam38-	3496	
	jackblack81	24910	
	jackcooper126	12068	
	jackdan	13616	
	jackdaniel5	7096	
	jackdaw	3447	
	jackelope	10002	
	jackfraust	34627	
	jackholly	12086	
	jackiie	12188	
	jackisaname	39217	
	jackjack161	8302	
	jacklanternyour	6049	
	jackman8420	12854	
	jackmess	5470	
	jackmind	31861	
	jackmulligan	17923	
	jacknife	11595	
	jacko	2567	
	jackobee1	4616	
	jackpac	4602	
	jackreacher	2662	
	jackroberts6830	39102	
	jacksmith5	3123	
	jackson	162	
	jackson56	22920	
	jacksonpiasch	13278	
	jacksparow92	7098	
	jacksparrow03	6678	
	jacksparroww	29941	
	jacksprately	33521	
	jackthehat	14268	
	jackwantscrack	19514	
	jackx	12282	
	jacky1986	21313	
	jackyblack	12686	
	jackythe987	2771	
	jacob	5646	
	jacob19	19246	
	jacob312	24023	
	jacob_kublih	34112	
	jacobjavitz	12830	
	jacobsinger	6170	
	jacqui	13595	
	jadebonjour	22782	
	jadedsynk	12714	
	jadefarmer	23376	
	jadocore	32832	
	jaedong1986	11046	
	jaffy1	433	
	jafh2014		13905
	jafojofather	19443	
	jag654321	5082	
	jagga	6258	
	jaggydaddy	27131	
	jah123	30138	
	jahfirst	10891	
	jahnny99	19851	
	jahweh	14023	
	jajah	8139	
	jajastinx69	10894	
	jajo82	31050	
	jaka123	33065	
	jakeanderson	5678	
	jakulisse	13895	
	jalboworth	18146	
	jalfredprufrock	38596	
	jamaispenser	9052	
	jamalam	7541	
	jamalwashere	38720	
	jamband2	18210	
	jamband3	20485	
	jamd1	33445	
	jameco	20090	
	james123C	16061	
	james28	16157	
	james420	27209	
	james4u2	21696	
	james999	14025	
	james_mc	37203	
	jamesbong007	25599	
	jamesborn	13115	
	jamesboshwade	7324	
	jamesbrames	29133	
	jamesbrown	10592	
	jamesbrown24	20819	
	jamesford247	17421	
	jamesjonas	18957	
	jamesjoyce2014	22556	
	jamesknight425	31215	
	jamesman101	25060	
	jamesphillips	27068	
	jamespipp01	34327	
	jamessmith	2346	
	jamesturner	29785	
	jamiejohn	35969	
	jamielad75	21844	
	jamiexx	28183	
	jaminotmny472	24698	
	jamiroquai	22743	
	jamjamja48	19127	
	jamjar	12050	
	jamman56	21835	
	jammers	19398	
	jamming437	18713	
	jammmbie666	39394	
	jammy	5400	
	jammyjewz	13841	
	janbytnar	11175	
	jandeman	5102	
	janedoe69	2476	
	janehoya	35019	
	jangore	25999	
	janisb	17931	
	jank	698	
	jank02	4857	
	jannny	31148	
	jannsan	14814	
	janoski10	37659	
	janskejean114	17961	
	januszek	31865	
	japahoodin62	26205	
	japanman782	3210	
	jappy858	18117	
	japr34	29101	
	jaques74	8860	
	jaquesmesrine	35208	
	jarcky	18130	
	jarlswaglord	7034	
	jarvas	9317	
	jarviscocker	38872	
	jasgilli1979	39103	
	jasiek	7303	
	jasmine42	21823	
	jasonbrown	7287	
	jasonfan2	13586	
	jasonfuckingborn	12923	
	jasonit	6963	
	jasonjames	13101	
	jasonkidd	18935	
	jasonlastcan	38015	
	jasonmc	30539	
	jasonriddik	23208	
	jasonwright	33904	
	jasonx	11966	
	jassstorm123	8485	
	jatrick69	11670	
	javafuk		36439
	javiruelas	11153	
	jawon29	4927	
	jawz	35600	
	jaxon	9479	
	jaxon1967	23830	
	jaxteller14	3061	
	jay3rdfloornigga	38595	
	jay561	6121	
	jaybee	21997	
	jaybit741	33940	
	jaydawg	16978	
	jaydenroberts	13094	
	jayhedd818	27583	
	jayhenry	5665	
	jayindamia	3656	
	jayishere	10378	
	jayjay99	24416	
	jayjayjay	2365	
	jayjones67	5304	
	jayk1984	10126	
	jaykay3000	26523	
	jaykramer	6143	
	jaysoon	5267	
	jaytaylor55	6782	
	jayweiner79	32854	
	jazielkilla	39706	
	jazz	7009	
	jazzyphe	24405	
	jb158	14421	
	jb1970	29396	
	jb201017	17649	
	jb242	29838	
	jb7803	25092	
	jbagley85	7579	
	jbauer	33569	
	jbc77	27736	
	jbd21	38581	
	jbeard	3701	
	jbloggs031	14931	
	jboi	1709	
	jboot	24818	
	jbuy	7229	
	jc001	23846	
	jcamaney	10589	
	jcarl987	9182	
	jcbdigger	38948	
	jcbycf	28633	
	jcook	30510	
	jcoules	4442	
	jcrewz	15548	
	jcrfran	14324	
	jcveir	9843	
	jdames	246	
	jdemzi	16780	
	jdiamond	367	
	jdill	9776	
	jdizzy669	31006	
	jdjs3209	6156	
	jdmnynja	22749	
	jdoe1773	4426	
	jdoe911	18270	
	jdopest	11479	
	je2907	5437	
	jealousy	13147	
	jean-michel	18826	
	jean30t	37153	
	jeanbenoit	109	
	jebbend	27909	
	jebeti	7872	
	jedeye	24309	
	jedi0815	33726	
	jedidarkyoda	30376	
	jedihustle	17674	
	jedimantis	38567	
	jedimindtrixx	21512	
	jedione2002	22665	
	jedish	7284	
	jedududhsa	15332	
	jeesus420	13329	
	jeezy666	11869	
	jeezy94	9416	
	jeffistheman	13688	
	jeffreyjeffrey	13846	
	jeffster	39641	
	jekfe01	25119	
	jello1234567	13720	
	jellybeany	35561	
	jellybelly	13903	
	jellybellybutter	23887	
	jellydonut	3977	
	jellylegs77	13106	
	jellysmackbeans	14707	
	jembajump1	37311	
	jen224	16326	
	jenna87	16915	
	jennasghost		19869
	jenny8	6505	
	jennyfromdablock	39790	
	jennyzzz	39454	
	jenob	2241	
	jenxo21	7151	
	jerba	616	
	jeremiah1337	11703	
	jeremiahbullfrog	7975	
	jeremypilibi	11228	
	jeremypr	4268	
	jeromebaker	26043	
	jeromejonson	3756	
	jeronimo91	13327	
	jerryg	15359	
	jerrykyle	18810	
	jerrylives4ever	22613	
	jeruthedamaja	7482	
	jessea	31261	
	jessejoe	11490	
	jessepinkman3000	18173	
	jessicalee24	874	
	jessiquita	23284	
	jessthedog01	38525	
	jessthedog1	38472	
	jesta	12608	
	jester1720	11312	
	jesuischarlot	32294	
	jesus1488666	23855	
	jesus_nipples	22758	
	jesusc	10312	
	jesusc2	10373	
	jesusiscoming	8804	
	jetmars456	2401	
	jetsetlife	36399	
	jetski03	34959	
	jettaboy	816	
	jeweet	26571	
	jeweethet	26466	
	jewej	16570	
	jewishb0y99	5504	
	jewishness	24656	
	jewnasty	4736	
	jezebel	927	
	jfly	3176	
	jglm	36837	
	jgoorn	12153	
	jgotti	3030	
	jgp100000077		71358
	jharsh0n3	16682	
	jhonny	1165	
	jhonny1	6315	
	jhonosterman	4909	
	jhsnh93	20083	
	jhtdrgtrsejhnre	14390	
	jhtrdhjresh	20152	
	jhu821	20375	
	jhxetc	20455	
	ji23	22216	
	jiblets	12967	
	jiflemon	8786	
	jifou	4486	
	jiggaboobeblack	22124	
	jiggaman	5661	
	jiggyman24	7777	
	jiikisn	23195	
	jim456789	514	
	jimba	17796	
	jimballs	15422	
	jimbean	10575	
	jimbo226	12253	
	jimbo2345	30116	
	jimbob	14233	
	jimbob250	11179	
	jimbobo	10539	
	jimgrimley	34621	
	jimjam01	11062	
	jimjam5	11037	
	jimjamjim	28267	
	jimjim2	25279	
	jimjohn11	36612	
	jimmiejohnson	23521	
	jimmy5675	20614	
	jimmyboy66	37974	
	jimmybroof	33485	
	jimmyho		22019
	jimmyjohnsyeah	10289	
	jimmyjones	6231	
	jimmykimmel	9268	
	jimmylee	3925	
	jimmyscrewup	5281	
	jimmysmith2	36228	
	jimmysnuka	6575	
	jinebra	10682	
	jinfoot420	27273	
	jinglebell91	36651	
	jinglejangle938	34270	
	jinks405	7517	
	jinobi44	7073	
	jinsan	11776	
	jinxbelle	13287	
	jinxor	23056	
	jinxs	32721	
	jiohuighuiy	14070	
	jiohuiguyfguy	39822	
	jistky	7069	
	jitb	17283	
	jitjat	17278	
	jitterbug29	11271	
	jitterbugz	10343	
	jizzmasterjizz	14031	
	jizzwizard	24201	
	jj133	6888	
	jj2k10	1520	
	jj3333	3139	
	jj382	6917	
	jj4545	18491	
	jj70		20627
	jj999	36586	
	jjaa888	30161	
	jjay	18214	
	jjj109	38072	
	jjjjj22	36325	
	jjm0852	36026	
	jjml123	7632	
	jjnewton	32387	
	jjohnston521	34457	
	jjoohh	19496	
	jjshowcase	8821	
	jjthejetplane09	33195	
	jkellerman112	27886	
	jkjk	2780	
	jkjk22	7972	
	jkrbbt	2430	
	jksdd	6856	
	jksidjmesiik	7405	
	jkyl	28507	
	jkyocom1	34925	
	jl170293	38641	
	jl1777	955	
	jljlku	19991	
	jlog	4867	
	jlondom	15743	
	jlovato	1409	
	jlrd777	36300	
	jmalain	4207	
	jman71	3262	
	jmart	5837	
	jmecbp	38528	
	jmesrine	7543	
	jmetdepet	39535	
	jmtdjntrjn	39796	
	jmvbra1	20525	
	jngdjtrdj	39623	
	jngtfdjnrtesjh	20979	
	jnydtjnd54ujh54	28297	
	joab	12037	
	joaolenon1234	32137	
	joaomachado	24794	
	jobb	20252	
	jocca	31855	
	joccy	11729	
	jocker42	5081	
	jocknock	31104	
	jodesvin	15564	
	jodieflacco	15159	
	joe3	2292	
	joe49394	29743	
	joeblow123	18986	
	joeblow1234	20459	
	joeblow12345	20908	
	joebogan	10144	
	joecamel	23895	
	joeconsumer	1597	
	joecool2k	11543	
	joedaplumber	194	
	joedebaba	16264	
	joeflipperhead	662	
	joefresh	20609	
	joegatto	22514	
	joejackson199	7906	
	joejoe	296	
	joejoetheduck	13789	
	joemat	8662	
	joepiler	14516	
	joeroot	2454	
	joeshig	30443	
	joeshmoiards	6358	
	joesmooth	13095	
	joeswonson	19889	
	joete	13980	
	joey1225	9678	
	joey2013	1992	
	joeybagadonuts		182919
	joeydiaz01	11760	
	joeyez	21816	
	joeyron	671	
	joeysupra	38554	
	joha22	20380	
	johhnytruelove	39804	
	john-boy-sykes	16921	
	john169	6295	
	john1974	18827	
	john2020	24175	
	john30247	27576	
	john420	20472	
	john5292	22545	
	johnColeman	16181	
	john_doe1	2924	
	johnbarrett12	4444	
	johnbhoy	21176	
	johnbonham	33502	
	johnboy1	1680	
	johnbrown	1458	
	johncasablanca		165775
	johnch3	11865	
	johnciti	1725	
	johncloma	1519	
	johncobra	29263	
	johnd21	30197	
	johndevil	13043	
	johndoe365	29459	
	johndoe92	21152	
	johndoebob	12278	
	johndoejohndoe	5871	
	johndoh	2353	
	johndooe666	11018	
	johndoss6	39243	
	johnevon	11013	
	johnfarts	26145	
	johngeorge	25545	
	johnguy343	8229	
	johnharryt	20262	
	johnhatcher	36568	
	johnholmes1234	23443	
	johnidep	37295	
	johninstantconst	9697	
	johninyo	29907	
	johnjohndoe123	12451	
	johnjones	102	
	johnjones5		560
	johnlawless54	28861	
	johnlowe	7437	
	johnm123	2536	
	johnmadden	8211	
	johnmagee33	25108	
	johnmarshall76	10997	
	johnmical82	26349	
	johnmilton	29245	
	johnmorgan123	6553	
	johnniewalker911	33350	
	johnny0121	2234	
	johnny0122	2293	
	johnny55	14104	
	johnny5ive	5617	
	johnny7890	22812	
	johnny_connor	8004	
	johnnybegood	12863	
	johnnyblaze	27595	
	johnnyboy14	14898	
	johnnybravo5	12580	
	johnnycash	1365	
	johnnychimpoo	38779	
	johnnycomes	10904	
	johnnydoe	10743	
	johnnygotagun	28764	
	johnnynumber5	6471	
	johnnyorvell4532	12883	
	johnnyrebel	1610	
	johnnyrotten	519	
	johnnytoogood	28096	
	johnohn	11501	
	johnpark	9858	
	johnpoppi718	24639	
	johnr	5670	
	johnreese20	22209	
	johnshun	3801	
	johnsmith1950	4454	
	johnsmith83	12174	
	johnsmith8896	28522	
	johnsmith98	19222	
	johnsmith99	1723	
	johnsmith99999	18933	
	johnsmithnordlan	31901	
	johnsmoke	13982	
	johnsnow777	23025	
	johnson123	15386	
	johnson43789	31413	
	johnsonjohnson		323748
	johnthebaptist	630	
	johnthedoe1	5003	
	johntherock	8840	
	johnthomas123	13295	
	johntravolta	10981	
	johnwall	3748	
	johnwall01	9574	
	johnwalsh1995	14528	
	johnwalter	1222	
	johnwayne1999	36519	
	johnx2u	10838	
	johnyB	18739	
	johnycash23	15041	
	johnym11	4703	
	johnythejohn	6291	
	johnytr	12447	
	jojik	2459	
	jojo1	7209	
	jojo4488	33426	
	jojo5150	9005	
	jojodahoho	34102	
	jojojo	1892	
	jojojo901	7336	
	jojothedevil	956	
	jojox123	7266	
	jok21a	28260	
	joker188	22692	
	joker5512	36160	
	joker67	20207	
	jokerman	10088	
	jokers0game	16597	
	jokerwar	24114	
	jokker	16817	
	jokstah	25375	
	joleifan	19450	
	jolgas	22569	
	jollygood	10255	
	jollyjumper	14837	
	jollymoggy	10200	
	joltherer	8202	
	jon2sikk	8711	
	jon4567	2787	
	jon4777	5473	
	jonas	16273	
	jonas187	27865	
	jonboy	7662	
	jondalar	38572	
	jondon9999	33403	
	jonesevo	8104	
	jonhdone	19852	
	jonjones	24744	
	jonnsnovv	33708	
	jonnybeans	14597	
	jonnybobskin	3558	
	jonnydooh	5460	
	jonnydragon	13966	
	jonnyestrela	10571	
	jonnykillz	18112	
	jonnyp	14235	
	jonnytrane	21196	
	jonnytravvvolta	4531	
	jonnyutah	10855	
	jonnywadd86		23770
	joobar	35091	
	joojoocat	10291	
	jools625	11386	
	jordan	3016	
	jordancameron	37892	
	jordanrods	19930	
	jorgealiaga	21510	
	jorj	1104	
	josamu	6881	
	jose	2424	
	jose42g	35895	
	josecontra060	28121	
	josef75	16329	
	josefake	7714	
	joseguapo	27604	
	joseperez	1208	
	joseph	5808	
	joseram	3853	
	joshenow	36528	
	joshlxl	13486	
	joshstadel1	27904	
	joshthelad14	39062	
	joshua3200	28385	
	joshuasregret	21432	
	josiesims1369		108219
	josyo3k	37389	
	joukov	2925	
	jowie	33476	
	joycemayme	23499	
	joycing430	16977	
	joyorbison	18116	
	joystick	23940	
	jp327	36338	
	jp6000	29778	
	jpoindexter1965	30677	
	jpoker22	5716	
	jpoole34	12259	
	jr2smooth	7766	
	jr57	18304	
	jralphio	18863	
	jreardon18	11885	
	jrjntreshjre	24189	
	jrk1984	6689	
	jroberts9	22112	
	js0uth	5074	
	js3780	21418	
	js4h9	28216	
	jsamuelo	7430	
	jserrano	12793	
	jsflash	970	
	jshatter701	2294	
	jshatter710	2197	
	jsmith28	36132	
	jssn	2501	
	jtbaxter	963	
	jtdr54j54	13979	
	jtdyjrjesgfd	24221	
	jtgs450	9186	
	jthrillz3	29825	
	jtnrdtjrd	37921	
	jtochdu	21728	
	jtrdj5e4uj5h4	14042	
	jtrdjn54ej	14291	
	ju1c3m4n	13114	
	ju6egfdj97d	23019	
	juancarlos	2904	
	juancorleone	21435	
	juancortez	38932	
	juandemaria	4007	
	juandicles9	28622	
	juanita	30601	
	juanita129	12792	
	juanito747	12622	
	juanjohere	6518	
	juankinter	1420	
	juankinterr	1947	
	juanlopez	7230	
	juanvaldez	13183	
	juanvaldez55	30318	
	juce44	6397	
	juda123	34733	
	judas2000	10584	
	judgeL	5951	
	judgesonic	11781	
	judojor	2940	
	judokus	33646	
	juggernautss	38033	
	jugtry87uy76vgh	19124	
	juice		151892
	juiceluice	7092	
	juiceman	118	
	juicemanner	35218	
	juicyfruiturgot	18624	
	juicyj765	35244	
	juicyj838	4489	
	juicyjay	9330	
	julian6	36877	
	julienlautret1	18314	
	juliet764	25154	
	julietta		19562
	julius	2198	
	julzzz666	5180	
	jumbogum	7291	
	jumdare	2451	
	jumpingrope333	34519	
	junao	4721	
	june	2474	
	june7godfly	23412	
	juneiskink	28075	
	junejulyaugust	9285	
	junglee	12502	
	junglemoney	12831	
	junglist167	27515	
	junglist86	17355	
	jungsu	15967	
	junichu	23444	
	junior666	1287	
	junkfood	11218	
	junkido	37978	
	junkie4ever	20657	
	junklover4	10457	
	junkyexpert	32517	
	junkyjn420	29635	
	junz	4522	
	jupit3r	27036	
	juriko	10851	
	jurko	29015	
	jusander	16727	
	jusbrowsin	11592	
	jusreign	15115	
	jusreign2	13503	
	just-a-buyer	2584	
	just4u	8627	
	justAthief	355	
	justabuyer	9760	
	justabuyerr	38694	
	justadudeman	9352	
	justafellow2244	6185	
	justaforumacc	4384	
	justagirl	9734	
	justaguy6820	6565	
	justahero	38307	
	justaman	25415	
	justanaccount	823	
	justanotherguy	11723	
	justatempacc	37483	
	justatest135	11176	
	justbrowsin1	8013	
	justbrowsinNZ	25827	
	justdatip1090	10055	
	justdoit	10797	
	justfog	4547	
	justforbusiness	3086	
	justforrefund	19883	
	justgreen	5308	
	justhack	12501	
	justicemei	17654	
	justinbieber	1091	
	justinh		23725
	justintime	8141	
	justintimes	22291	
	justinyourass11	31472	
	justkidding	28347	
	justland	5522	
	justlooking5678	20407	
	justlookinghere	24372	
	justnike	7197	
	justnooneelse	4923	
	justpassingnew	33770	
	justplainjane	6654	
	juststrokingit	23001	
	justwonderin	14612	
	juugman	2280	
	juugmaster	7125	
	juventino	10364	
	juzo	27359	
	jwaggar	1034	
	jwills23	33934	
	jwin3o1	11927	
	jword123	37989	
	jwtruth420	6214	
	jxcxb_sxnsxx	18033	
	jyreena	27130	
	jz9831	34005	
	jzbyssmith	33153	
	jzillz43	3803	
	jzimmer	1384	
	k-kauppias		386689
	k00l	5914	
	k0574641	18101	
	k0dex	18788	
	k0zak	11492	
	k1007032	34024	
	k1025989	4343	
	k1ng5	15555	
	k20boost	10418	
	k3lsocalled	1174	
	k3yc4rds	1363	
	k45FH39fh54	7730	
	k4tergate	3951	
	k5zq47j0	39285	
	k5zq47j6wd	17432	
	k5zq47j6wd3w	2087	
	k9_snoop	7990	
	kDobp28gi3a60	20219	
	k_o_f	8925	
	ka_ba_lis_tic	35840	
	kablammo	3955	
	kabumpret	10603	
	kadwardx	39484	
	kaeparg77	7522	
	kaepsmaet	30793	
	kaesekruste	31047	
	kahaki	4583	
	kailani15	36465	
	kaisersosa	14038	
	kaisersoze	4846	
	kaizerbomb	13626	
	kaka5hi	16790	
	kaka98981	3183	
	kakaki987	17974	
	kakaland12	13702	
	kakamaka	3866	
	kakamaka123	32961	
	kakamees	1999	
	kako202	7718	
	kakuzu	336	
	kakyoki	26257	
	kalabilla	10586	
	kalash147		369144
	kalash2	18526	
	kalash93	26888	
	kaldur	9237	
	kalerian	25712	
	kalevra	18204	
	kalif	27305	
	kalleglaskula	31105	
	kallindown		4122
	kalswis	8731	
	kaltunes	18836	
	kalycoom	17019	
	kalymist	5638	
	kam27	715	
	kamacho2	9281	
	kamalo06	3152	
	kamehameharo	21319	
	kamesenin	13740	
	kamikaz3	24089	
	kamilob	13607	
	kamz	35250	
	kamz901	1507	
	kanadakash	259	
	kanbi187	684	
	kandeesh	1203	
	kane18	38949	
	kangaroo	9516	
	kangz-frosty1	12298	
	kaniesha420	33360	
	kankane	799	
	kankerjoden	3647	
	kanks	27760	
	kannabisilta		299872
	kantal	38746	
	kanyefranco69	29831	
	kanyesamples	10153	
	kanyewest	4199	
	kaokao	8848	
	kaosklub	2833	
	kaotic6446	22716	
	kapernik007		36248
	kapow	5343	
	kapps11facebo	9216	
	karakoa	7743	
	karat	11549	
	karate187	37437	
	karatkrunch9	11028	
	karcher	3923	
	karderau2743		36527
	karichardson1980	27789	
	karim146	16718	
	karim21	18899	
	karlhungus	23450	
	karloz34	5228	
	karlzar	25004	
	karma11	27407	
	karma4you	4765	
	karmacare	1750	
	karmaizbad	238	
	karmalove	36754	
	karmapls	5298	
	karmapolice2810	18422	
	karnigex	13088	
	kartelis	27304	
	kartelll	1113	
	kartoshkaslino	33729	
	kasandrax		16980
	kashing	8131	
	kashiruto	8121	
	kashmoneyy	4034	
	kashu	379	
	kashu2	3686	
	kasiel	10506	
	kasmon	38976	
	kastrun	17646	
	katehumble	27632	
	katheaven	11493	
	kathk	38458	
	katieperry	6590	
	katleho	5953	
	katler	2949	
	katsumoto	27815	
	katzphan	5656	
	kawaiihawaii	5634	
	kawaiii	5406	
	kawasakikid	7267	
	kawazoe	9502	
	kay187	32667	
	kayakingisgod	13959	
	kaybroker	10729	
	kayluy	12769	
	kaypemberton	27233	
	kayser	6035	
	kazar	38513	
	kazino	28983	
	kazuarek	30486	
	kazzak	7803	
	kbizzy09	17819	
	kboom098	11409	
	kboy1	36599	
	kcboy74	8780	
	kchd28	39543	
	kd2917	7600	
	kdexport170	11747	
	kdfjdfkjfdkj	12848	
	kdot	21105	
	keanez	39507	
	kearnzyy	15735	
	keazer	22804	
	kedruxfenh	19095	
	keeekeee	18465	
	keepcontained	3854	
	keepcontainedv	36273	
	keepdoingdrugs	27509	
	keeperbee	23170	
	keepitreal	12321	
	keepquietbro	9986	
	kefexin	15654	
	kegori43	30928	
	keikion	15276	
	keiler	38242	
	keira		28338
	keisersoze	23384	
	keithdnbr	24848	
	kekek	15123	
	kekeko008	10446	
	kekeko08	10334	
	kekz	35806	
	kellen	31244	
	kelli	5741	
	kelloggs		41945
	kellyc	6717	
	kellz101	29764	
	kelmor	23102	
	kelpodos	36317	
	kem01	20570	
	kemenysepro	28455	
	kemikal	24707	
	kempachi	24887	
	ken9128	26524	
	kenUvbo	1432	
	kendodd2012	39778	
	kendurg	17693	
	kennypowers55	22491	
	kentoes	29848	
	kentucky	13277	
	keny	2668	
	keoki	9361	
	kepaso	2545	
	kepler	5937	
	kerlululu	8531	
	kerm	22735	
	kermajogurtti	37071	
	kermit88	23983	
	kernow261	3847	
	kerovec1	11161	
	kerra	6662	
	kerry12	9059	
	kerulberul	2329	
	kestolapal	13324	
	ketaminekieran	20540	
	ketaminemaster	9835	
	ketaminesoon	38428	
	ketchup	2883	
	ketchup0	35224	
	ketioz	6929	
	kettlecrisps	21135	
	kevin29	27467	
	kevin69	22102	
	kevinklein99	14952	
	kevkos29	1778	
	kevney68	3174	
	kewl	31585	
	keycard	9687	
	keysagogo	99	
	keyserSoze23	11320	
	keysersoza	8086	
	keystonelt	10598	
	keytar	10365	
	keyx	12249	
	kfeezy1	23598	
	kgkg1	8159	
	kgu74Guyfy656	36415	
	khaleesirun	39452	
	khalid	3855	
	khanbang	4693	
	khanio12	14095	
	khanny	9051	
	khawalung5	14075	
	khgzdbvw	1111	
	khomodo	12520	
	khronyk	21939	
	khunti	25432	
	khyberpass	16308	
	kibol	33013	
	kickflip5-0	34600	
	kid-dynamite	4439	
	kidcroatia		10834
	kiddmic3	5747	
	kidgame69	3095	
	kidnapper	37452	
	kidnapyobiatch	10901	
	kidneySeller		35512
	kidrain11	8237	
	kidrain7	2541	
	kiffa	5125	
	kifflon1	38335	
	kiingkong11moe11	34443	
	kiipindact25	19184	
	kik00	29125	
	kikiliki	20555	
	kikkingCriminal	25450	
	kikkooliva	21663	
	kikoo	1175	
	kilbill	4653	
	kiliflyer	35794	
	kill10	7568	
	kill_snitches	15127	
	killahenman	18974	
	killamouse	1711	
	killcops	36279	
	killer0uno	3958	
	killer1983	37445	
	killerboy34	34534	
	killerdealer		24562
	killerdudes6	12000	
	killerkhan	18908	
	killermosh	18750	
	killeros1	19708	
	killface	20292	
	killindagame66		94394
	killkevin	3812	
	killmoves	17757	
	killswitch	11350	
	killthebuzz	3114	
	kilocowboy	17155	
	kiloutou2	35230	
	kilum	26540	
	kim_tdgco	463	
	kimdung621	13938	
	kimera2	38093	
	kimjongun	1455	
	kimono84	23786	
	kinderfunn	1841	
	kindofscience	12558	
	kindstyle	5813	
	king	299	
	king-connect		304032
	king420	14311	
	king_capone	32006	
	king_louis	2901	
	kingbout1979	10155	
	kingchin123vz	820	
	kingcrimson	26321	
	kingduchess	37230	
	kingerz	11909	
	kingfalo1	31179	
	kinggod313	6878	
	kinggoldchains	39617	
	kingjay	23760	
	kingjinja	2730	
	kingkerry	4904	
	kingkong1	31335	
	kingkong11moe11	37064	
	kingkong2	35936	
	kingkushh	18742	
	kinglouie	10012	
	kingme509	13257	
	kingnap	13195	
	kingofleo	3688	
	kingpill	17782	
	kingpin	8462	
	kingpin2	15607	
	kingsizesilver	20374	
	kingslayer840	8707	
	kingsmiley	602	
	kingssquatch92	10410	
	kingtutki567	33845	
	kingzeroone	23246	
	kinley84	9271	
	kipdynamite	35904	
	kira00	8437	
	kira07	18147	
	kiraloic50	36897	
	kirby247	28041	
	kiribati89	10898	
	kirkb44	10212	
	kirosh	34826	
	kirves	33975	
	kistler	18984	
	kite_pimp	20875	
	kithkat	17869	
	kitipasha	23415	
	kitkunen123	37128	
	kitson12	15194	
	kittendew	14788	
	kittenkillers	33855	
	kittenopteryx	3479	
	kitty123	28202	
	kitty95	27415	
	kittymolly	3838	
	kiu1	9743	
	kiuy	3222	
	kiwifun1	9816	
	kixio	28345	
	kjdutrojan	8384	
	kjellkr	20149	
	kjermy10	6980	
	kjfjopsfg	25380	
	kjhsdafgkas	38162	
	kjkszpj	25941	
	kjmon	873	
	kjss	537	
	kju80836	9161	
	kk00	10217	
	kkaatt1986	21259	
	kkbshow	10342	
	kkk2345	24180	
	kkk666666666	16373	
	kkkaaa	5325	
	kkkk	680	
	kkkkk	1993	
	kksf5657	12907	
	kl284416	8410	
	klanax	36675	
	klaskycsuppo	1457	
	klaus12	6464	
	klausx	14174	
	klcubbage	33643	
	klebold	31854	
	klemmbrett2000	25434	
	klenben	12229	
	kleopotro	29276	
	klesk1234	38336	
	klingonshop		12057
	klings	7696	
	klock	10249	
	klogger	21024	
	klondike4	37813	
	kloode	37188	
	klopac	11445	
	klopfer	6374	
	klopik	25782	
	kluver	12352	
	kmac	7736	
	kmackie	9971	
	kmaga	6472	
	kman88		37872
	kmekme	3652	
	kmemee	5080	
	kms890	34501	
	kn77	15331	
	knappen		184980
	kneegrowcapper	2483	
	kneus	13919	
	knicksy	37293	
	knightowl	35	
	knightrider	3399	
	knightwatch23	12466	
	knitshut	20315	
	knoman101	37335	
	knomonk	15725	
	knopp88	7814	
	knotemikkel	16254	
	knowledgeanSmoke		321683
	knowmad	28959	
	knoxy_81	8282	
	knupmc111	26186	
	knurft	9359	
	koala21	22401	
	koalanl	14928	
	kobechan	10477	
	kobey	36535	
	kobi427	1756	
	kobota	26931	
	kociuro	31016	
	kodaikanal	1718	
	kodaikanal2	10028	
	kodak	31325	
	kodasnail	26828	
	koder	2449	
	kohkae	8079	
	kojikondo	33347	
	kokakola	6525	
	koko32	6672	
	kokolino		41754
	kokos		150055
	kokyx	8110	
	kolle	25030	
	kollekt	39070	
	kollektiv	25472	
	kolmiopaiva	31278	
	komatic	15449	
	komendapolicji	17319	
	kompbolo12	2406	
	komputeri	35409	
	komrade	2862	
	komva	6064	
	konavelvet	24033	
	kondakov	6234	
	konditori	12716	
	konflict	22485	
	kongcrete	36474	
	kongrabbit	1598	
	konichiwa	2603	
	konoko6	33604	
	konrad971	9725	
	konsuni	19128	
	kookaburra26	15861	
	kookamunga77	30611	
	kookoo	1242	
	kookoo72	17699	
	kookyk	12540	
	kool01	15638	
	koolcool	3015	
	kopi	23963	
	kopple	6135	
	koraina	11177	
	korgmeister	59	
	korkjis	19547	
	kornman6801	11162	
	korr	13924	
	kortail	25171	
	kortor		39079
	korvin	8893	
	koryo	5113	
	kosher	8762	
	kosmonavt999		228355
	kosmos	27468	
	kosovo	4241	
	kosovo92	17692	
	kotbegemot	3840	
	koukou	13412	
	koukou1	32918	
	koupetetboulekay	31189	
	kourkito	1655	
	kpagd	29732	
	kpax632	8753	
	kpee78	614	
	kpramod	15592	
	kptod-6	10315	
	kpx555	23607	
	kquavo55	36999	
	kr151un	5266	
	kr3wmonk3y	18151	
	krabisz	34935	
	krackorn1230	15781	
	krackpot	6975	
	kraeutergarten		327287
	kraft	24379	
	krakemut	19119	
	kraken	47	
	krang	27329	
	krankster	10281	
	krankyfranky	22533	
	kranzing	10111	
	krasnodar	23309	
	krat0s	1360	
	kratchok	25894	
	krazy4	5636	
	krazy8	26144	
	krder	17271	
	kreampah	11500	
	kreator	7924	
	krebsonsec	448	
	kreelix	8419	
	kreet	2880	
	krengrin	18463	
	krill	14502	
	krill_earl	20665	
	krimo		33366
	krisp	33298	
	krisssdancetothe	4643	
	krissss	11598	
	krissy	36827	
	krist999	5426	
	kristobal	12833	
	krncoolwater	17729	
	kroau	36636	
	krokor	20553	
	kron1k	329	
	kropess	14175	
	krpr	12200	
	krprotoss	8756	
	krtrjs	11414	
	kruemel	11225	
	kruemmel	7686	
	krukam24	32988	
	krunker	8892	
	krus	14211	
	krustybuyer	36594	
	kryloncoats	36831	
	krylongreen	4304	
	krypto971	29619	
	kryptoniousgreen	20334	
	kryptor	2012	
	krystalixed	10860	
	ksadjgd	9545	
	ksah54	12208	
	ksfa	801	
	kshmkk	38239	
	kslow2387	5285	
	ksoze39	13954	
	kstone	29962	
	kswan	17328	
	ktotam	16096	
	ktotamushka	15853	
	ktownhustla	5189	
	ktpx9if5	29352	
	ktraveler	5592	
	kubereuy	30550	
	kubricko37	14215	
	kubson28	19529	
	kudarugireno	2678	
	kuhlako	37343	
	kukbot	18988	
	kukeleku	36454	
	kukka		81380
	kukkadumas	17794	
	kukkakatti		325263
	kukuxumusu	15285	
	kukuxx	17912	
	kuli	16387	
	kullenpar	26654	
	kulture	2887	
	kumar14	12858	
	kundalina	15384	
	kungfumastaaa	36741	
	kunkloses1	30107	
	kurac	11705	
	kuroyuki	564	
	kurremkameruk	10127	
	kurt2341	25256	
	kurtco	14231	
	kurtvonnegut	2487	
	kurupt	2255	
	kush2push		29848
	kush_lover	32738	
	kushhero247	16388	
	kushion	11879	
	kushkushworld	10044	
	kushmaster80	13262	
	kushweedenhash	18197	
	kuskuskus	12595	
	kutaskurwa	19838	
	kutekathryn	23322	
	kutnnbet	19617	
	kutyafule40	18585	
	kvo1h3	15965	
	kw13on18	8356	
	kwaliteit	26459	
	kwik-kath	5350	
	kwikz	35385	
	kwosakad	8198	
	kyle6n	21503	
	kylebeezy	24712	
	kyleh2010	39837	
	kylespoon3	17324	
	kyreebrown	15863	
	kyriaka	5578	
	kystpirates	22378	
	kytdjmtrdjts	32073	
	kzqjwdwdvjq	37876	
	l0kiee	21978	
	l0neranger	25	
	l0st	24345	
	l0stwind	26408	
	l1ckfooT	17812	
	l33ster	1038	
	l33tor	14526	
	l3east	403	
	l3luecrayons	32553	
	l3m0ndr0ps	39330	
	l3w1s	25651	
	l5fad2	10296	
	l7e3o9n9	28379	
	l___	16222	
	la_s0mbra	7035	
	lab5ive	4372	
	labber101	35057	
	labcoat01	34355	
	labra64	32190	
	labrat88	38263	
	labsdirect		25354
	labtec123	12559	
	labtec3006	16532	
	laceup19xx	23299	
	laco616	2229	
	lacoste1927	2727	
	lacosteman	20805	
	lacrimadrid94	21450	
	ladguy	21242	
	ladri	11359	
	ladycat	26372	
	ladyfive	3288	
	ladygaga	36753	
	ladyj	7345	
	ladyunder	4982	
	laemme	679	
	lagoinha	8870	
	lagoramahdet	21629	
	lagspiker	18643	
	lagunka	18127	
	lahtimilano	29754	
	lailaizhen	7443	
	laitentier	7887	
	lalaboy	27591	
	lalaland9456	33495	
	lalicorne	11010	
	lall	16654	
	lallilolkeri	33814	
	lamBlack	22398	
	lamadama	34714	
	lamalama	7428	
	lambada	2436	
	lambdapharma		23732
	lambert	22972	
	lambtron1	4865	
	lameazoid	17097	
	lamecat	10013	
	lamerica	4930	
	lamixte	7562	
	lamont_sterling	33491	
	lamonteyoung	4275	
	lamp386	9751	
	lampi85	9982	
	lampshade22	4231	
	lampy12	29018	
	lanadelrey42	36540	
	lanand	28242	
	lance		19612
	lancepk	5911	
	lancevance2015	20593	
	lancien	9793	
	landgraaf1	6839	
	landinggear12	33487	
	landshit	14412	
	langton99	1698	
	lanjiao68	27846	
	lankysoul	11420	
	lanron	24613	
	lansky	219	
	lapolapo	10756	
	lapondorosa	9201	
	larescanuro		237060
	larkin	31993	
	larkov	18917	
	larrybarry	29684	
	larryhoover1	14946	
	larrym	34272	
	larrymitt	1251	
	larrypotter	18569	
	larrythelobster	4604	
	larrywildman	10542	
	lars00	7519	
	larson1	14282	
	larson26	24970	
	larsson72	8567	
	lartovar	31994	
	lasagna	21506	
	lasagne	9206	
	laserfocus256	6828	
	laserpaul	18981	
	lasers	7385	
	lassie66	39023	
	lassoatlast	33270	
	lastdance	33524	
	lastlegs	16403	
	lastmile2018	28388	
	lasuki	27022	
	latara	30663	
	latissimus	12292	
	latodeos	15747	
	latokzie	29112	
	latras	177	
	laughingboy	23476	
	laughstock	26030	
	launchcodemexico	12847	
	lauqhstock	26111	
	laurisk123	17939	
	lautang	26084	
	lavenderdreamz	7955	
	laverdim	35061	
	lavida	15143	
	lavish127	14098	
	lawnnnchair	18737	
	lawoman	17248	
	laworder	9351	
	lawyer	1950	
	layera3	28475	
	layerz_	14359	
	layladylay	29765	
	lazers	4876	
	lazy684	8747	
	lazyboy	13800	
	lazymister1	26582	
	lazyrebel	11322	
	lbtkker	22354	
	lcbit3410	7742	
	lcdspider	13100	
	lcelcelce		31439
	lclhsbc	8399	
	ldb-llc	19141	
	le_chef	16979	
	lea322	9738	
	leaco	16495	
	leadfarmer	19888	
	leafs386	3280	
	leaimagine	10966	
	leakedkitties	8098	
	leakyarse	30949	
	leandream	30369	
	leandrorodrigues	33714	
	leaph	14784	
	leather321	31059	
	leaw1991	13949	
	leb1245	6844	
	lebuyeracc123	12185	
	lec6	11202	
	lecreuset	30322	
	led02	30062	
	lederstrumpf	422	
	leecapone	20846	
	leecherx	29124	
	leedlelee	21947	
	leejoin1314	19729	
	leejones0728	12481	
	leekgeek	10195	
	leeloomoo	5020	
	leeroyjenkins	12073	
	leest	22534	
	leetabix4	25541	
	leezone108	36828	
	lefontain	1737	
	left89right	12664	
	leftcccoastkidd		18705
	leftfield	2788	
	legaliseAU	18236	
	legaus	20412	
	legence	16813	
	legendre	19590	
	leggoal	12470	
	legion_ro	19909	
	legione	1678	
	legit	11717	
	legit1	30253	
	legitguynot	4469	
	lego-mister	2445	
	lego101	17651	
	legoguy	8647	
	legoman	11348	
	legoman77	16944	
	legrenddd	21745	
	legsteelsam	5095	
	leguy556	3300	
	leipz9	5844	
	lek23	5139	
	lelelel	24290	
	lemaire34	36150	
	lemarcc	35247	
	lemmetakeafno	20071	
	lemon_seed	8288	
	lemona	25384	
	lemonboy	26618	
	lemondropped	11718	
	lemonface	1878	
	lemongrass		27426
	lemonsoda	17147	
	lena_	7487	
	lename	6476	
	lenddavis	9134	
	leneno	7423	
	leninsdoh	16196	
	lennoxxx	17526	
	lennyexpress	33778	
	lentefatum	13028	
	lentnercwel	39684	
	leo5354	17622	
	leodragn	34254	
	leon-trotsky	5089	
	leonardodavinci	25128	
	leonblum45	33121	
	leonidas55AA	8909	
	leonidasJKA	33273	
	leopardfish	18261	
	leopold	10947	
	leorable_buyer	3896	
	leowalks	27873	
	leponey	7341	
	leprassa	34920	
	lereyjenkins	6268	
	leroybrown	3319	
	lesaint93	24614	
	lescargot	6870	
	lesgold	5396	
	lesgold1	6059	
	leshills	16605	
	lesique	31366	
	lesnack	13163	
	lesserone	38051	
	lessthanlegal	2159	
	lesswords	29554	
	letitbob	34722	
	letjustview	12010	
	letmein333	2903	
	letmeknow2649	1464	
	letmelive	7048	
	letmelt	26760	
	letsblaze	19993	
	letsgetit	16968	
	letsgetketty	26530	
	letsjointheparty	29734	
	letswokesmeed	18838	
	letusbefree1234	39376	
	letyournutshang	6172	
	leumas00	18240	
	lev1	29921	
	level999	762	
	levigneron	37802	
	levikeres	18948	
	levittricard	391	
	levodromodex	23827	
	levsidk	5154	
	lewiscarrol		19059
	lexdysic	2134	
	lexidium	10552	
	lexites888	15993	
	lextor	28611	
	lexus524	2106	
	lexwaf	785	
	lfc_all_day	34052	
	lfhls14	25738	
	lfloot	26275	
	lg300	1276	
	lgcutivo		43264
	lgsti3d	13057	
	liam1427	35203	
	liamclapham14	26439	
	lib231tia	6922	
	libchlo	35303	
	libelle	9397	
	liberilius	13239	
	liberte70	11599	
	libertyhunter	27179	
	libi	8246	
	library	14295	
	license147	13561	
	lichtenauer	16410	
	lickcunt2	30693	
	lidl	39187	
	lidoiveori	16627	
	lifeafter	11588	
	lifecare		138745
	lifeid	35098	
	lightbeing	34465	
	lightblood	864	
	lightbloood	38728	
	lightdisk	23664	
	lighter	32027	
	lightgreendreams	12293	
	lightpala355	2423	
	lightswitchon	16503	
	lightway99	682	
	lightyagami		25861
	lihotman	17289	
	likeatrain	11234	
	likemetoo9	4576	
	likepaul	31521	
	liketodance	25700	
	likeurboss	894	
	likitorma	35783	
	lil_boosie	1032	
	lil_diazy	533	
	lila1999		2152
	lilagruen	38372	
	lilalaunebaer007	30554	
	lilck	6015	
	lildurk	31687	
	lileddy65	7830	
	lilhommie	28565	
	lilie	11352	
	lilith123	21043	
	lillegris	4055	
	liloader	24471	
	lilredlildead	7157	
	lilsassy0404	12223	
	lilyphobia	23822	
	limblifter666	10588	
	limelight777	21144	
	limitzcash	25187	
	limpala1234		365631
	limpek25	2102	
	limpstick	11427	
	linas879	131	
	lindavila	16297	
	linden	3426	
	lindenbrock	22374	
	line233	15325	
	linenterje	39424	
	linetime	6635	
	lings	29372	
	linkari	16490	
	linn	5632	
	linnell	7947	
	lion10	24294	
	lion123	9078	
	lionel14	37733	
	lioness43	2702	
	lionheartps	748	
	lionsmoker420	23115	
	lip22	13097	
	lipib09	4983	
	lipshack	12076	
	lipshack12	498	
	lipton1211	11282	
	liptons	13510	
	liquidburns	22480	
	liquiex	9578	
	lisalatina	24636	
	lisaneedsbraces	19718	
	lite	27853	
	litestar	7725	
	lithglow	32157	
	lithium30	27701	
	little1	33137	
	littlebay	15865	
	littlebeast	6562	
	littledickie2	11959	
	littlegoblin		50737
	littlegreenman	11572	
	littlegreenman2	35407	
	littlejimi122	25774	
	littlejohhnyanal	23150	
	littlekiteboy	24821	
	littlem	25594	
	littlemarkii	16938	
	littlemaster		396347
	littleripper	31624	
	littlesimon11	28810	
	liuzon65	11882	
	liveinluxury		24827
	livelifeeasy	10913	
	liveloveplay	22070	
	livercare	25236	
	liverpoolfc	9989	
	livindahighlife	11719	
	livinlavish	11581	
	lizard12	13432	
	lizard666	25172	
	lizardofoz	4544	
	lizzies	6684	
	ljajr1	6850	
	ljeandenis	7249	
	lkjhgfdsa		15700
	llamakarma	18411	
	llexa	831	
	lliym	5529	
	llizardman1	10957	
	lllll55555	2580	
	lllvvv	32437	
	llyodbros		186128
	lm11	19019	
	lmazo	29259	
	lmds		2252
	lmessi	27712	
	lmfao1231	32114	
	lmpogo	7259	
	lns0mnia	12782	
	loads	11064	
	loanman	34363	
	loansoul	337	
	lobster2014	11806	
	lobsterbrah	36766	
	lobsterman	13812	
	lobsters	14305	
	local76857	11285	
	localescobar	15751	
	locaso22	1115	
	locationx	28662	
	lockelocke	25818	
	locker	8857	
	locknessmonster	19901	
	lockout123	33964	
	locktight	1633	
	locmob211	17775	
	loco-one	3434	
	loco2013	20628	
	loco2014	9353	
	loco29	30577	
	lococorico	24020	
	lodgemaster	12458	
	loemann	31656	
	loewe	26161	
	lofi	8717	
	lofreq	33162	
	logical	2751	
	logicalthink	17366	
	login666	11232	
	logitecw	20199	
	logo	32320	
	loha	4772	
	loki	6339	
	loki42	13203	
	lokira	1561	
	lokito	8589	
	loklhrrp	315	
	loko833	28054	
	lokstarr	37	
	lokstarr7		9437
	lol123	39776	
	lol59	11933	
	lol_religion	18808	
	lolapalooza	10136	
	lolbiz	2311	
	lolbot	19384	
	lolcatzzzzzz	3683	
	loledas	14525	
	lolex	6517	
	lolhacks	32048	
	lolicanteven	38437	
	lolitsme	6750	
	lolko	10290	
	lollino	16602	
	lollol	384	
	lolly122	8088	
	lolmin	1213	
	lolmonkeysniff	9763	
	lologre	9717	
	lolol123	9511	
	lolsniff	11623	
	lolul0409	35953	
	lolwaitwut	30978	
	lolwhat	456	
	lolwod	5200	
	lolwtf		689
	lolzors	35682	
	lomertomerer	10448	
	london23112014	26254	
	lonely_seeker	5430	
	lonestar	2760	
	lonewolf		13708
	longboard270	12655	
	longdongsilvers	13396	
	longestyard	9718	
	longfaker	13857	
	longhunter	29059	
	longitudinal	7796	
	longlastingday	2119	
	longlivelokiii	17481	
	longslong69	2380	
	longsock45	4539	
	lonisch	11368	
	lookas	6297	
	looking4DDOS	23727	
	lookingoutforyou	24824	
	looneyloooney	29180	
	loontunes	4466	
	loopsta	2650	
	loopyloo	3477	
	loose_ends	33415	
	loosifer	22436	
	lopas31	27121	
	lopero11069	34879	
	lopez2015	36214	
	lopoo	13264	
	loputik	9388	
	lordaleem	4433	
	lordandersson	2719	
	lordcatsmeat	29928	
	lorddragon	12910	
	lordeyayaya	23917	
	lordhundewitz	32637	
	lordofflies	1005	
	lordofthespud	15318	
	lordtroy23	33404	
	lordvarys	12842	
	lordvit	8465	
	lordwolf	31209	
	lorislezamal	21693	
	losbirro	4063	
	losbos	7634	
	lospampas	7361	
	lospolloshermano	24689	
	lost-acct-papa	25203	
	lost04	8611	
	lostaccountname	28127	
	lostangels	1631	
	lostboy	4605	
	lostcrafts	8145	
	losthaeven		36979
	lostheaven		220496
	losuti	5490	
	loszarro	24077	
	lot_oo7	1936	
	lottajnk	25531	
	lotuszyz	36845	
	loty	11286	
	lou-reed-alive	24146	
	loudiamondp	10101	
	lougehrig	23746	
	louie999	33947	
	louielouielouie	8358	
	louisemichel2376	23741	
	louislinder7	5609	
	louisvuitton555	24277	
	loulou88		20858
	louloudu75	37976	
	loupofwall	2174	
	lovac1	25752	
	love4crack	16392	
	loveafternoon	16470	
	lovebot	37804	
	lovedafarine	31540	
	lovedove	11203	
	lovefinger	1352	
	lovefraud	30765	
	loveisallyouneed	14414	
	loveit4me	18358	
	lovejoy68	13431	
	lovelbubble	6189	
	lovelost	7740	
	lovely123	7351	
	loveme	6630	
	lovemenot	6631	
	lovemy2dogs	23831	
	lovemyfood	4924	
	lovemylittlepony	35965	
	loverboyc1	6043	
	loverdrugs	12542	
	loverofsin	344	
	lovesbody	18684	
	lovesmellsfunny	14361	
	lovesourclown	13168	
	lovethyneighbour	7782	
	loveusa	6341	
	lovex	9203	
	loviawright	39807	
	lovingcommie	8646	
	lovingcustomer	30225	
	lowandfast	5398	
	lowden	5757	
	lowereastside	21125	
	lowerlife	7709	
	lowjaxon	9666	
	lowryder21	34738	
	lowtemp	21387	
	loyalbird	18095	
	lp1234	29150	
	lpool600	31735	
	lpxxx90	12025	
	lrdblk	21207	
	lrick	22608	
	lrp72	6613	
	lrpal	10974	
	lrxlam	31879	
	lsa54	21732	
	lsdmecaptain	37020	
	lssb9814	12575	
	lsutiger99	8401	
	luannaranha	34898	
	luap	3502	
	lubidoka	16658	
	lucasgiovanni	14897	
	lucasina31	8120	
	luceygoosey	16669	
	luchopay	35063	
	lucidlabyrinth	11097	
	lucidlucy	13551	
	lucidmoon	20888	
	luciferdon	13984	
	luciust	6222	
	luck11042306	17246	
	luckbased	31725	
	luckies	33976	
	luckyAndFaya	11131	
	lucky_strike	4829	
	luckybajwa	7991	
	luckychucky	11329	
	luckydog1	11557	
	luckyducky2430	29241	
	luckyjr	20476	
	luckyl	1311	
	luckymonkey88	5687	
	luckys7evin	7778	
	luckysocks420	12437	
	luckystrike20	26746	
	luckytheduck		275518
	lucrata	14623	
	lucy_on_my_mind	10374	
	lucydiamond	38018	
	lucylovesme	22387	
	lucyman	21041	
	ludacrizz	12009	
	luder97	20499	
	luder99	31567	
	ludicrous	26488	
	ludovicoeinaudi	1454	
	luekybaby	32638	
	luft	17427	
	lugama	5379	
	luggage12	16771	
	luidspreker	7840	
	luigivampa	26549	
	luizluz80	5898	
	lukasrajzer	28932	
	lukee1234	15534	
	lukemclean1234	24032	
	lukey99	28936	
	luki69	8577	
	lukkasp74	27150	
	lukkk	8542	
	lukofthedraw	17764	
	luladasilva	25685	
	lulsfrodyt	33758	
	lulu	1446	
	lulu13		13333
	lulu2014	1417	
	luluhorn	4941	
	lululu	28320	
	lulzz2	29579	
	lumanare	2022	
	lumberjacktom	28115	
	lumitrade		255463
	lumos99	34613	
	lunacy123	11454	
	lunar	983	
	lunaticcat	1608	
	lunatix		17637
	lunchbox	10657	
	luniz	6450	
	lunnmi	18138	
	lunyluna	34298	
	luonggia		342121
	lupojak	7168	
	lupolucio	6860	
	lurbakke	4092	
	lurker	2776	
	lurkinhard	4105	
	lurkit	12409	
	lurks	30022	
	luukin	7919	
	luxatemp	23672	
	luxaterna	8373	
	lynxen	19784	
	lynxess	31776	
	lyro	5367	
	lyserdelic	27028	
	lysergicdub	13135	
	lyso		3784
	lz2156ee	14010	
	m-boy22	16989	
	m-ekim	16802	
	m003703454	19695	
	m0ckeyb1rd	35096	
	m0dg0d	14534	
	m0rt4l24	25365	
	m0ses	34235	
	m0sh	5932	
	m1ll3r	3001	
	m1llt0wn	29378	
	m1rage	11365	
	m2gud4u	32353	
	m3755	36728	
	m3dusa	32950	
	m3rton	9212	
	m3wbie	1480	
	m4g2j0	14710	
	m4ng0	26173	
	m4riocom		189873
	m4sk3d	13093	
	m4tt1r4wks	13483	
	m4ver1ck1	8656	
	m90r	21160	
	m9823ks	28549	
	mIlna2031	16189	
	ma7c	1551	
	maZe	16732	
	maaadcity	852	
	maalik23	9921	
	maatind	38762	
	maaza	5710	
	mablue	36844	
	macXade	28346	
	macb	12440	
	macbony	5328	
	macca	29872	
	macdon131	821	
	macduddy	3430	
	macesz	25282	
	macevo	18473	
	machamp08	25746	
	machiavellian	3224	
	mackay	1803	
	mackercunt	28914	
	mackie	7194	
	macklemeat	27656	
	maclz	1638	
	macness	29261	
	macphisto23	35533	
	macrosec	23498	
	macsek66	14706	
	macwhite3	34653	
	madaroad	25306	
	madbuzz	6541	
	madcity	253	
	madcunt	11217	
	madd0x	14662	
	maddeross47	25980	
	maddog2547	10094	
	maddtodds	9950	
	madeup	21670	
	madferitoasis	10387	
	madfox666	31205	
	madhatter2020	10778	
	madhatterrun	20978	
	madjaxdis	11451	
	madkat	8450	
	madking	2328	
	madman53	16431	
	madmonkey	38044	
	madness40	30037	
	madness99	1860	
	madzhat	4660	
	maebenever	21361	
	maelkum1	7338	
	maelkum1	11647	
	maelkum2	5156	
	maelradec	1155	
	maestro0181	12929	
	maestro88	39200	
	mafalda1	23314	
	mafia666	1641	
	mafiadomino		209054
	mafiagoa	5039	
	mafiaza3zl	5280	
	mafkees79	33788	
	magee3	30346	
	magellan2015	37686	
	maggot	4781	
	magic113	1848	
	magic2120	27524	
	magicakman	1761	
	magicalPlace	21894	
	magicdragon91	5052	
	magicka72	3266	
	magicmikewins		1849
	magicnigga	15249	
	magicnoaids	12735	
	magicnotice	21916	
	magicraja	30918	
	magicstacks	28987	
	magicstick	2764	
	magictune	15460	
	magicus	27866	
	magikarp	32602	
	magisktmolekyl		47371
	magito	4079	
	magmush	19847	
	magnacarta153	21411	
	magnetcash	17330	
	magzkc	31264	
	mahmdoe	13858	
	mahmoodkhan	5711	
	mailmansmith	8547	
	mainbuy	13442	
	mainman789	8998	
	maiskorn	6592	
	majesticunicorn	8059	
	majicmike	28798	
	majikz	18857	
	majinx	7493	
	majmun	11539	
	majorgeneral	34099	
	majorlg	39300	
	majorx	7631	
	majster90	26403	
	makak		273980
	makaka	2156	
	makaron	798	
	makaveli11	7124	
	makeanewone	30854	
	makebuy00	4171	
	makeholer01	9641	
	makeitseven	19925	
	makemoney		37111
	makemoneynow	36295	
	makemoneynow1	36638	
	makemoneyonline		19642
	makerdixon	14991	
	makeusayoh	24162	
	makkz	3677	
	makotoharu	15667	
	makrell	23132	
	maky03	2685	
	malakistiri13	3659	
	malarionaoscura	22890	
	malazure	13709	
	malcarne	35929	
	malcolmtucker		75305
	malcontent2015	33730	
	maldorex	17227	
	malibu96	6969	
	malik007	5035	
	malikmalik	20844	
	malkaidus	21556	
	malkk	21896	
	mallemalle	14229	
	mallemalle1	14292	
	malleybono	24044	
	malloryknox	5510	
	malloy999434007	22373	
	malmobuse	4774	
	malpca		40143
	malpca972	6859	
	maltamagic	7302	
	maltivera	255	
	malucoch	1525	
	malverised321	1580	
	mama79	20057	
	mamadas	34961	
	mamamia007	19996	
	mamamiaa	9444	
	maman	22938	
	mamasboy	22329	
	mambanegra	22368	
	mambokurt	17652	
	mamve	21419	
	manbas	20735	
	manbearpig19	11547	
	mandare	2302	
	mandatarforlife	36052	
	mandesk	30447	
	mandi1		8635
	mandymore		175227
	manfy	13299	
	mangallo	4041	
	mango72	14213	
	mangobo	32205	
	manichelper	5433	
	manifestation	35483	
	manitoba	37805	
	manji	14081	
	manlike	37371	
	mann321	8015	
	mannybenitez		2580
	mannymula	9964	
	manonfire		1701
	manowar	5612	
	manson	11081	
	manspace101	15691	
	mantee	1375	
	mantistobogan	22834	
	manto	16760	
	manu12	10676	
	manu2009	10383	
	manuelito	36515	
	manuvazz	16260	
	manwithamask	23937	
	manwithnoname	8256	
	manwithnoname91	10970	
	manxman	23117	
	manz44	4481	
	maperape	17020	
	mapple	14087	
	mar33g	31627	
	marabos	1782	
	marathon1234	24113	
	marathonman1	11965	
	marbled	10926	
	marbuel	10086	
	marc-uwe	12460	
	marc23	9985	
	marc2k6	4950	
	marcBartra	32418	
	marcchase	11069	
	marcd450	15554	
	marcelD22	26639	
	marchoftheblack	8138	
	marclenculeur	35419	
	marcoj	12193	
	marcopolo	1195	
	marcopolo88	32052	
	marcopolofly		245588
	marcoreus	7010	
	marcovillani76	10388	
	marcus	60	
	marcus404	17145	
	marcus91	3865	
	marcusch	32538	
	marcusflex	36943	
	marcuswilliams	35406	
	marcuswilliams2	34819	
	margae	35088	
	margotrobbie	29444	
	mariachi007	24235	
	mariadb	5969	
	mariano88	7920	
	marijuanaking	23838	
	marilyn		5312
	marilyn_97	13501	
	marineboy	32747	
	mario	1586	
	mario2	10077	
	mariobava	3518	
	mariodexto	7644	
	mariodraghi		12715
	mariokart73210	32480	
	mariokarttoad	17708	
	marioluigibros	21594	
	mariomonti	14018	
	mariooo	7265	
	mariotelly	8334	
	mariow	16982	
	marjoram	4854	
	mark007	13246	
	mark2014	9865	
	mark777	5414	
	markanjez459	24154	
	markbasedgod	12199	
	markedmaker	25297	
	markei		162746
	marketboy	20795	
	markhammond	27659	
	markjones2014	3767	
	markmark	8407	
	marko	1137	
	marko11	7141	
	markok	26868	
	markrogers35		21251
	marksgreenpc	38362	
	markshark1212	20110	
	markstan4646	9556	
	markus123	25860	
	markush_20	36002	
	marky77	3499	
	markymarksgp	8652	
	marla	4348	
	marlborobtc	14130	
	marlborolight	28324	
	marlex9	31242	
	marley08	13804	
	marleya	7297	
	marleytrev123	10361	
	marlon	5495	
	marlosails	20458	
	marphmac	3753	
	marselluswallace	8937	
	marsuin	13507	
	martin	2300	
	martin2728282	431	
	martinezb2b	30068	
	martinf91	5902	
	martinhetu	2473	
	martiniandsprite	17260	
	martinomac	9577	
	martyjane	22196	
	martymcshit	38343	
	maruke	21220	
	marvel212	27032	
	marvelousy2	16997	
	marvin_23	27423	
	mary666	6018	
	maryland22	6030	
	marylandtobe	16841	
	marypoppins	7044	
	marypoppins69	33416	
	marysman78	9116	
	masajimmy	16210	
	masbon	31409	
	maschreier	554	
	maseltov	17372	
	masher	29300	
	mashr00ms	35798	
	masio	10615	
	maslo	25590	
	masonas777	9673	
	masonationkas	2974	
	masonmoore	133	
	masquera	5489	
	masrapido	7599	
	mass257	16619	
	massback	17527	
	massh	5468	
	massimox		208742
	massivedynamics	23452	
	mast0d0n	34492	
	mast9ace	5739	
	mastech	12818	
	master1	18483	
	master121	39050	
	master74	7180	
	master_cologne		387197
	mastercc	20077	
	masterchikineer	32844	
	masterfader	6184	
	mastergu	1652	
	masterhack	2855	
	masterhack3r		3363
	masterhusi	20737	
	masterkey123456	5399	
	masterkush1234		29751
	masterkush12345	11310	
	masterman1	9994	
	mastermind	3180	
	mastermind1	165	
	mastermind123	33186	
	masterofgreen	12114	
	masteroftheg	27742	
	masterofyou	4155	
	masterpiz	13582	
	masterseller_1	20920	
	mastersellxxv13		78285
	masterskeem	4301	
	mastrociliegia	2372	
	masu123	23988	
	masumane	3077	
	mata99	23931	
	mataman	3265	
	matangita	30210	
	materdolorosa	37826	
	matesrv	2565	
	mathador	15004	
	mathsisfun	26035	
	matingmind	8914	
	matix30	21800	
	matrix	8891	
	matrix1	8216	
	matrix1212	35930	
	matrix309	9183	
	matrix3096	9784	
	matrix643	13848	
	matrixeni	13836	
	matrixreloaded	9517	
	matt400	11342	
	mattHDgamer	39816	
	mattam	29271	
	matteoilloto	11269	
	matteothenats	12428	
	mattmangrath	27845	
	matydd	9716	
	matyroshka	16612	
	matzo	10287	
	mau5head	24036	
	mauka	5600	
	maultoy	37566	
	maus	3393	
	mavden	33566	
	maverik	2986	
	maverik2	5354	
	mavile	17414	
	max2daz	20664	
	max333666999	21704	
	max555	623	
	max703862	23426	
	max999	3155	
	maxdogg	18017	
	maximark	28515	
	maximilien	4965	
	maximini	21940	
	maxine	5659	
	maxipack200	18767	
	maxkeiser	24268	
	maxmal	6253	
	maxmax	604	
	maxout		385588
	maxpain1991	8586	
	maxpayne77	16538	
	maxrider0033	32690	
	maxus30000	16656	
	maxx	36277	
	maxxxy	5810	
	maya300	11950	
	mayauks	1758	
	maybe1233	308	
	maybejustonce	15700	
	maybewerefred	29047	
	maynard066	13597	
	maynard0669	14203	
	mazahaka	8414	
	mazaka	581	
	mazdaspeed	28159	
	mazeverf	5331	
	mazince	10360	
	mazrik	39815	
	mazza89	31870	
	mb45		80109
	mb_for_low_14		29252
	mbeef	11778	
	mbk7	17524	
	mbking88	31956	
	mboard	6056	
	mbw1	6885	
	mc1502	11797	
	mcainstrange	39615	
	mcat1988	16965	
	mcbc85	37167	
	mcbuzz	13252	
	mcdouble	34197	
	mcdoubleplain	28072	
	mceight	24577	
	mcf4dd3n	10254	
	mcfly	5118	
	mcfly65	36477	
	mcgq	26356	
	mchammer	6524	
	mchammerr	8380	
	mckenzxe	10300	
	mclovin420	19328	
	mcoin13		129427
	mcsquirter	38946	
	mcstyles21	9215	
	mcwhins	9448	
	mcwibble	33164	
	md99nl	4247	
	mdav	29413	
	mdcamp12		12801
	mddowdow	16454	
	mdkfr	11911	
	mdmaEU		366221
	mdmaallday	22492	
	mdmamdea	27916	
	mdmaxtc	11953	
	mdmayeh	18539	
	mdmazingxd	2666	
	mdpv3	24890	
	mdragon77	19532	
	mdvs	29312	
	mdxxx	32041	
	mdxxzeal	26137	
	meanbannana	27077	
	meandmypills		42997
	meandmyself	25288	
	meandmyvato	16298	
	meanstinkin	12325	
	meaow	5535	
	meatball666	19871	
	meatplow	7853	
	meatwad	12570	
	mecca	30350	
	meccatron	34647	
	mecook2	29875	
	mediaprivacy	2277	
	medicalmmjgirl		38215
	medicalstuff	32300	
	medj		14119
	medlar89	31382	
	medrx	1510	
	medsXpress		284697
	medsforyou		211947
	medsrnotevil	23007	
	meduhcaited	39339	
	meebzlang	3970	
	meekrobington	25300	
	meepmeep	3747	
	meerut	6758	
	meeya	15761	
	megabuds	17907	
	megahouse	22179	
	megajomaniac	11346	
	megakitten	18355	
	megaman123	20891	
	megamega2014	16280	
	megann1	16058	
	megapancake	11532	
	megapony	36113	
	megaseeds	5887	
	megatazz		289066
	megatron	244	
	mehbros	1322	
	mehehe	7247	
	mehmahmeh2	23795	
	mehmeh	1853	
	mehmeh3	12225	
	mehmf	2359	
	meingutschein	32031	
	meister	7860	
	mejaraj	35115	
	mel280414	7584	
	melarolv	3211	
	melc	25770	
	melczek	17756	
	meldog3558	8994	
	meldogg89	13039	
	melen22	7800	
	melgua	10529	
	melhidreau	5422	
	melinaeskie	1831	
	melliw	9815	
	mellowpussy	4606	
	melloyello	26050	
	mema7777	7921	
	memberofstars	36581	
	membrane	216	
	mendosa		75900
	mengele	3901	
	mensa807	38452	
	mental	4311	
	mentalmario	29298	
	mentalmots3	24916	
	mentalmountain	9200	
	mentalpsyche		132865
	mentolin	32897	
	mentus	686	
	meowlove	4222	
	meowser41	5948	
	meowwwww	17192	
	meph_deficiency	17728	
	mephedronedreams		39561
	mephestus	9604	
	mephistophiles		313880
	mercedesAMG	15828	
	mercenary122	339	
	mercer8796	995	
	mercler213	9480	
	mercurialmona14	13983	
	mercurius-buyer	6008	
	mercury	1792	
	merio	10986	
	merjanex	14190	
	merkas	7090	
	merkelbeek	2344	
	merkke	13123	
	merkurymoon	28193	
	merlyn	10646	
	mermaid	32	
	mermaidShift		25913
	mero	15208	
	merovingium	9633	
	merryman2025	4122	
	merrymen	7422	
	mersa	2980	
	mersault26	23577	
	mesaacer12	17601	
	messiahthedon	222	
	mestremou	25465	
	metabols	5573	
	metacontxt	20709	
	metalhed	4367	
	metallica99	4566	
	metaman	802	
	metazo	23373	
	metcolumbo	18378	
	methadonekitty	35500	
	methhoover	29490	
	methodizer	19731	
	metin2kdd	2696	
	metricounce	31983	
	metroconcorde	30683	
	metzgerdd	11361	
	meudo	26761	
	meuks	34834	
	mewtwo2	33819	
	mex123	9573	
	mexacon_aex32	26869	
	mexican1	5999	
	mexicancartel	1447	
	mexicanstashspot	9363	
	mexninja	13698	
	mexvan	291	
	mexxx	97	
	meyrink	17497	
	mez123	5254	
	mezdez	12567	
	mezzanine	11397	
	mf-doom	14012	
	mf55483	7388	
	mfalcon	3329	
	mfarris83	30646	
	mfb522	25428	
	mfloydp	30222	
	mg101	15057	
	mg737	38171	
	mgie1488	6853	
	mgmtwavves	31233	
	mgntgt	5663	
	mgscott	9831	
	mh2512	3324	
	mhlz423	2475	
	mi1kman	10721	
	mi2world	20700	
	mi852	14000	
	mia718	16910	
	miafx	1779	
	miageci	10355	
	miami555	17012	
	miaw420	18809	
	mib31337	13776	
	mic385	16092	
	mich0023	32156	
	mich125	31220	
	mich2015	30291	
	michael3742	3664	
	michael_falsey	8443	
	michaelchill	13423	
	michaelgor	33497	
	michaeljordan		1694
	michaelm1	18735	
	michaelmoney21	10758	
	michaelronson	6063	
	michaelronson92	9234	
	michaelscott	5821	
	michaeltoris	12852	
	michealbolton	6078	
	michealjackson	6065	
	michi	1356	
	michiamo	29339	
	michiexz	25856	
	michoux	24962	
	michouzecat	36625	
	michu5432	27776	
	mick00		24012
	mick26		236471
	mickael1977	15344	
	mickaldinho123	14338	
	mickdick	4758	
	mickey	6000	
	mickey1000	4695	
	mickeyG	5313	
	mickeyatonion	31199	
	mickeymikeymoose	23581	
	mickeymouse123	32429	
	mickeyn11	888	
	micks84		40425
	mickyblue666	13009	
	miclebekham	9024	
	micmanager99	24461	
	mico23	34615	
	micotrade	796	
	microg9	37275	
	microguytoin	33064	
	middlea	7391	
	middlemanG	961	
	middlerobe	2729	
	midman	12837	
	midmod	1482	
	midnightclubber	11854	
	midnightrunners		31908
	midorfeed	36974	
	midtra77	6298	
	miels	31737	
	mierda-zionista	11935	
	mightyhammers	31471	
	mightyman	24947	
	mightymeaty	22603	
	mightymonte	9696	
	mightymonte2014	14441	
	mightymouse12	10416	
	mightywhitey2316		40975
	mignka	23771	
	miguelalozano	5464	
	miguelderua	7867	
	mihabert	28093	
	mijulie	36033	
	mikaeldunknow	20516	
	mikaloss	3562	
	mikar25	30642	
	mike		17824
	mike11	12704	
	mike111	8767	
	mike201432	33546	
	mike2222268	26190	
	mike2393	15420	
	mike81	21934	
	mike_jones236	13785	
	mike_tyler	6396	
	mikeb321	8243	
	mikebloown	8755	
	mikebrown	12018	
	mikecrack	476	
	mikedean	10864	
	mikedee1	7358	
	mikehamer		1618
	mikehunt105	8957	
	mikejonas	5938	
	mikejordan33	13958	
	mikelarry2007		149833
	mikemechill	20088	
	mikeross	3270	
	mikeross88	25136	
	mikerotch655	36950	
	mikesmalls	28740	
	miketunz	23035	
	mikey09990	26068	
	mikey123	7272	
	mikeyJ	274	
	mikeycostanza	392	
	mikeyshoes	7175	
	mikkosan	10358	
	miklogarcia	6823	
	mikmas	30460	
	miko63	39840	
	mikser677	15582	
	mikthedon31	37426	
	milan	2107	
	milanyy4	34791	
	mild87	10600	
	mildmonkeys	32169	
	milehighclub		414075
	milesdavis	5419	
	miley5000	16343	
	milf2be123	27064	
	milhouse	12319	
	military2014		14768
	militaryring	26640	
	milkman20	22151	
	milkmoney		108359
	milkyjoe	3387	
	milkymustard	39349	
	milkyway	3708	
	milkyway01	10380	
	milkyway1000	23224	
	milkywayz	17552	
	millatyme12420	6780	
	miller43	33292	
	millionaireset	37530	
	millionbillion	7270	
	milltownman	28107	
	millzero	7624	
	milroj3	26331	
	mimarcus	30499	
	mimi11	12261	
	mimir	22240	
	mimo96i	7980	
	minalinsky1970	10775	
	mincy	12652	
	mindatha22	35283	
	mindcontroller	14964	
	mindkrasher	26850	
	minecraftbaby	35234	
	minhnguyen	2125	
	minhnguyen007	24185	
	minimalsquad	38741	
	minimilk	5755	
	miningcandy43478	5147	
	miniteksm	8630	
	minkiabot	2460	
	minotauro	380	
	mintclub	39590	
	mintcon1	38087	
	minthemonster	4977	
	minty999	33168	
	minx1	11652	
	mirack59	11511	
	mirage	1921	
	miraj	37432	
	mirko	1351	
	mirko58	7396	
	mirkovine1	32864	
	mirm	2325	
	mirrorfiend	10045	
	mirrors88	11868	
	mischanja	11528	
	mischievous	11190	
	misdefy11	13091	
	misfits	10147	
	mishegasone	35537	
	misiek86	30688	
	misk	1805	
	missdior	25977	
	missfarthingale	13730	
	missingpill	33405	
	missjones	1109	
	misskay	8489	
	misslucky	15956	
	missmarysue	34026	
	missmister77	24681	
	missmolly	21591	
	missmoneypenny	27413	
	missner	4059	
	missourikid9705	31918	
	misspsy	8276	
	missrotundra	13407	
	missv	2836	
	missy123	11298	
	mistachink2	27805	
	mistajam	3814	
	mistaken0t	3486	
	mistakenot	2681	
	mister43t5346	38818	
	misterMF	5131	
	misterPi	33828	
	mister_behemoth	12826	
	mister_mar	18770	
	misterayhayche	6307	
	misterbigbig	28483	
	misterbitcoin	5476	
	misterblister	1044	
	misterblister1	1486	
	mistercoco	32599	
	mistergoodeal		190877
	misterjazz123	29866	
	misterjester	3532	
	misterjunior	31706	
	mistermanager	5709	
	mistermanager9	5831	
	mistermaster	4969	
	mistermessy	11305	
	misterpaquito	6594	
	mistertforever	4524	
	misterunagi	14380	
	mistervinni	39841	
	misterwhite	8361	
	misterxxx	2154	
	mistletomistleto	39621	
	mistytravis	22684	
	miszterbrooks	14040	
	mitard	22324	
	mito	12647	
	mitsubushiskoda	6213	
	mixology	14907	
	miyafuku	10736	
	miyominagi	15557	
	mj420	14243	
	mjculinary	29022	
	mjs2222	3525	
	mjswest	35464	
	mjthebest		43278
	mjumbo	34004	
	mk12345	3536	
	mk944	15289	
	mkdragon	26736	
	mkkh		144507
	mkleefaggot69	13893	
	mko0_	10854	
	mlakin	8144	
	mlawry	31118	
	mlg42	4303	
	mline500	27391	
	mllondon14	12992	
	mls3001	15809	
	mm2008	9765	
	mm420	35293	
	mm90	25283	
	mmaster	34241	
	mmaster200	15665	
	mmdkny	7618	
	mmman2k8	4158	
	mmmcoffee	16680	
	mmmensah88	12138	
	mmoloch	13370	
	mnbvcxz15	26998	
	mnbvvb	16122	
	mnds83ei	10175	
	mnemica	24048	
	mnminc2010	7526	
	mnmnmnm567	2317	
	mnmnmnmn	19545	
	mnzxas	21720	
	mo7265	4403	
	mobfigz	3728	
	mobiat722	28124	
	mobmaster123	186	
	mobydick	4597	
	moderndayhippie	9101	
	modets	28026	
	modsnsods		18590
	moe1872	24787	
	moe2525	15114	
	moetorad	20418	
	mof-dub	12053	
	mofofo	17130	
	mofokees	38648	
	mofos69	9532	
	mofu89	9714	
	moggwai	7253	
	moglismar	12088	
	mojkoj	36055	
	mojo82	26841	
	mojojojo26	9031	
	mojoko	29208	
	moka	946	
	moke1313		39612
	mokokouek	2360	
	mokrieu38	17477	
	mokrule	5077	
	moksha	20816	
	moky	2315	
	molare	6697	
	moldie	9599	
	moldygreenbean	38168	
	molecular	18761	
	moleguy	5539	
	molinero	8594	
	molino34	15013	
	molly1079	8799	
	molly_me_romeo	24258	
	mollycule4me	4654	
	mollyjohnson		25152
	mollymaid	36118	
	molmaster1	25468	
	momo1	1611	
	momo1gbp	25694	
	momodubled	13207	
	momofrombritain	26656	
	mon3y	10391	
	monalisa	10196	
	monander	15400	
	monascus	32981	
	monayman	360	
	mondaer	25562	
	mondy1	22561	
	money1075	34584	
	moneyaddict	16118	
	moneybagz91	736	
	moneyblack	16315	
	moneybuyer14	11323	
	moneychaser123	36282	
	moneyhoney26	2066	
	moneyinc	1253	
	moneyjobs	31875	
	moneyjustpaper	1747	
	moneymaker_4028	11098	
	moneymakingtay1	23805	
	moneyman90	3199	
	moneymarket	5402	
	moneymason	26222	
	moneymike23	16808	
	moneymitch	5734	
	moneymotif	22079	
	moneypak	20096	
	moneyrain	6661	
	moneytut	26909	
	monged	26751	
	mongol	16413	
	mongoloid1307	29549	
	monica88	7876	
	monicaros	37746	
	moniman009	27134	
	monk	9631	
	monkeh	38484	
	monkey414	20140	
	monkeyballz22	11777	
	monkeydust	416	
	monkeylove	10021	
	monkeymanners	16517	
	monkeypi	20390	
	monkfish	17281	
	monkmode	13610	
	monmouth	10112	
	monochromatic	4940	
	monoloc	4827	
	monoxide	3504	
	monroe	20684	
	monrov	3365	
	monsieurP7	26730	
	monsoon614	26377	
	monster007	27479	
	monsterhunt123	21567	
	monsterhunter	8558	
	monsterlowcarb1	19563	
	monstermash	8732	
	monstermuncher	1483	
	monsterofasdf	19014	
	monsteroger	13120	
	montana2014	577	
	montana851	11484	
	montana87	37992	
	montblanc2	19037	
	monte	20444	
	montegomason88	2649	
	monty6969	38031	
	monyet	7205	
	moods1234		187913
	moods12345	28692	
	mooga	38640	
	moomoomoo	9741	
	moonbase	2509	
	moonbase1	6304	
	moonbass	6557	
	moonbeamgirl2	15054	
	moonboy999	21924	
	mooncharm	35495	
	moonchase	6729	
	moonchild666	11215	
	moonmonkey	27229	
	moonroxz	25538	
	moonshine		60328
	moonstar88	14988	
	moonstriper	17178	
	moontakerr	3948	
	moontax	23471	
	moonvase	6555	
	moooka	17375	
	moors	3407	
	moose1990	22914	
	moosechap	21173	
	mooseknuckles	33812	
	mooseman	27314	
	mooshroomcow	25245	
	moot	33917	
	moozeekman		33014
	mophew	16311	
	mophiecom	612	
	mopja1	7959	
	mopp	37636	
	moramarum		42269
	morandini	1697	
	mordar	10535	
	mordeth	8284	
	more_farah	8143	
	morechillii	8703	
	moredoee	25535	
	moresby_68	8704	
	morethan11	3904	
	morgan88	1585	
	morgano	14614	
	moriarty	2281	
	morninwood	13587	
	morocho3281	1712	
	morpheus1980	31381	
	morpheus2189	3579	
	morpheushh	4858	
	morpheusisback	17546	
	morphi2	3433	
	morphinist	20917	
	morrison45	16643	
	mortalkumbot	36135	
	morten888	12102	
	morties1234	14297	
	mortifiedpenguin	31247	
	moruk	891	
	mosbie	29144	
	moses97	9957	
	moshah	14260	
	moshatbiet	26913	
	mosher6	7979	
	mospace	24269	
	mossa81	13985	
	mossy14	19720	
	mostlygood	34890	
	mostlysunny	11682	
	mostwantedguy	14771	
	moth42	20025	
	mother_superior	23482	
	mothergoose	4352	
	motherhacker	14396	
	motherload	22875	
	motherrussia	17680	
	mothice90	34736	
	motive34	36434	
	motoboner1	34001	
	motomojo	12899	
	motorhd	12032	
	moufasssa153	29708	
	mouhamedz	12856	
	mouka91	641	
	moulin4	5359	
	moumou16	28275	
	moumounigan	37509	
	mountaindew7	1396	
	mountaingorilla	33507	
	mountainhigh9	5333	
	mouseface	1425	
	mousefrommexico	9464	
	mouselenovo	13793	
	mousepenzero	14728	
	mousey	2515	
	moush		248173
	moustache		2666
	mouthdissolve	23770	
	movesonmoves	14122	
	movethatcash	12107	
	movez	13217	
	moviestoday22	16011	
	movingbig	5857	
	movit	26338	
	mowbmm	23340	
	mowigujeo	35039	
	mowtown	3351	
	moziz99	21368	
	mp5n1	10087	
	mp5n12	7256	
	mpa143	29244	
	mpeters9	27133	
	mpila	1041	
	mplemstr	14963	
	mpower2k	34553	
	mqh9000	13027	
	mr217	16717	
	mr419	8785	
	mrGoodlife	17230	
	mr_happy_face	12233	
	mr_happy_legs	12535	
	mr_mj	1736	
	mr_niix	9396	
	mraikon	15429	
	mrandmrs1976	16350	
	mrapou	29387	
	mratfield	2697	
	mrballgame	13389	
	mrbarrister	12070	
	mrben	4408	
	mrbeqr	23333	
	mrbiff	14996	
	mrbigsmoke	34471	
	mrblacklabel		380095
	mrblackos213	9455	
	mrblahblah	9360	
	mrblue	7258	
	mrbluee	23454	
	mrbluesky1	8442	
	mrboombastic	8904	
	mrbowels	32147	
	mrbrowser99	13491	
	mrbullet	3714	
	mrbump	4671	
	mrbuum	33750	
	mrbuyalot	5316	
	mrbuydrugs	10385	
	mrbx	17194	
	mrcabin	7962	
	mrcage	967	
	mrcarderi	24784	
	mrclaws	34395	
	mrcndm	14548	
	mrcoins	17696	
	mrcruz	26241	
	mrcruz27	3096	
	mrcut1234	12425	
	mrdayman	39460	
	mrdaz	15322	
	mrdbc	29593	
	mrdeal	10626	
	mrdelivery	7713	
	mrdiggler	13877	
	mrdobolinax	36523	
	mrduchaussois	19315	
	mreandc	20687	
	mrenzy	31858	
	mrfingers	11135	
	mrflash	18769	
	mrfluffy	11156	
	mrfreeze67	27581	
	mrfrench		40382
	mrfusealage	14181	
	mrgoldstar-1987	35573	
	mrgreen6677	7850	
	mrgreenjeans	638	
	mrgreentoes7	9890	
	mrhappynice	35987	
	mrhat	23290	
	mrhomey	35757	
	mrjack	13704	
	mrjeffries	10419	
	mrjoeman	32695	
	mrjones3	7132	
	mrkanish	15807	
	mrkeezy	39672	
	mrlapiz	959	
	mrlittleshot	15399	
	mrlucky	20705	
	mrmagoo3	304	
	mrmanager	3602	
	mrmelody94	13017	
	mrmen	20285	
	mrmiu	2178	
	mrmlovie	11702	
	mrmojo	121	
	mrmoto	31658	
	mrmouse123123	37211	
	mrnopants	24664	
	mroctopussy	9937	
	mrorange	11272	
	mrozzzz	9447	
	mrphew	27705	
	mrpicklesworth	31499	
	mrpidgin	39169	
	mrpie	1354	
	mrpink	1462	
	mrpure_21	23107	
	mrreh	5892	
	mrsbeen	35083	
	mrsblanco		354529
	mrsdoubtfire	6437	
	mrsdoubtfire2		28438
	mrshadow25	25523	
	mrshah	20202	
	mrshrimp	26467	
	mrsizzle	25565	
	mrskirt	35512	
	mrslimshady	12961	
	mrsmiley1	30455	
	mrsniffles	26436	
	mrst0cks	7107	
	mrsteeppockets	12065	
	mrsvindler	28066	
	mrswalter	6760	
	mrthomsopnsn		40261
	mrtod	2295	
	mrtonyjasper	11889	
	mrtuak567	16344	
	mrweeed		334545
	mrwhite001	13606	
	mrwhite1313	22754	
	mrwhite305		146485
	mrwhitegb19	26252	
	mryola	16352	
	mrypicket	510	
	mrzeus	10240	
	ms420	4548	
	ms_kv	9974	
	msal1	4900	
	mschen	8856	
	mshock	31081	
	msige70	10968	
	msm0n3y	4974	
	msmitke1	19817	
	mssource		9210
	mstandish	26306	
	mstone	11100	
	mstrexx	6695	
	mstzorro	1518	
	mtav11	3302	
	mtb128383	21316	
	mtdmtd404	3107	
	mteam	8543	
	mtfop64ttf	31116	
	mtgjdiggs	18177	
	mtgoxleaks		13491
	mtl1213	694	
	mtngoat	13137	
	mtop2036	32079	
	mtp43	9672	
	mtran	8396	
	mttmn111	12764	
	muaddib	4787	
	muaddib78	28835	
	muagonist	3956	
	muchgreen	24667	
	muchheadphons	2308	
	muchmoor	2175	
	muchopik	5278	
	muckclicks	37029	
	muda44	13624	
	muddybuddy719	13844	
	mudsipper420	7409	
	muffincap	31452	
	muffinlord	21068	
	muffinman1232	7885	
	muffinman47	8539	
	muffshandy	3132	
	muffslammin	5381	
	mufty0102	37780	
	mugganbeanz	16512	
	muhammadahmad	21746	
	muhzyzz	5444	
	muidacric	23400	
	mukha181	12216	
	mukhtar123	30163	
	mulac	3204	
	mulac_fly		36408
	mulder	10181	
	mulek	13535	
	mullah69	22316	
	mullig2	2117	
	multibuy14	9570	
	multiking	36658	
	multimillions	29434	
	mumblecore	5168	
	mumin	13755	
	mumu	10621	
	munchy	6363	
	munga	15620	
	mungo	31095	
	munkey	37559	
	munksauce	22536	
	munkyman	1304	
	munr1	38680	
	munsterman	129	
	munsterman1	21832	
	munter051	11121	
	muppit	14198	
	murderface2014	20115	
	mureceptor	9104	
	murex	25705	
	murkstery	18168	
	murphynewroad	21544	
	mus6k	804	
	muscleii	26977	
	musclepush	31467	
	muscles	32279	
	mushroomgirl		8707
	mushy109	2211	
	mushyer109		11252
	musiclover	1444	
	muskatnuss	1912	
	mustafa99123	29667	
	mustang66	9825	
	mustang6969	39795	
	mustangboy	21805	
	mustbe	11745	
	mustmochi	14322	
	mutant	1594	
	mutantbud	12597	
	mutinous	6548	
	muzato	16981	
	muziktrap	2553	
	muzzard	34565	
	mwandani	12822	
	mwnjsmoker	32200	
	mwp777	8148	
	mwwhite	5896	
	mx99	24568	
	mxetester77	28965	
	mxlplx	7923	
	mxtmxt	24100	
	my147	10695	
	my3favorites	34007	
	my_eye	134	
	myaccount	7326	
	myapple	2844	
	mybabyset	5299	
	myballsitch135	11942	
	mybbbtrust	12222	
	mybruddabrudda	26949	
	mychelle	27059	
	mycho	17684	
	mycmike	19256	
	mycowski	37521	
	mydriasis	2937	
	myeyesarered	39695	
	myhotspot	4291	
	myjinn	12801	
	mykmony		94843
	mykotika	20838	
	myku	30711	
	mylifemychoice	17893	
	mymantra	22685	
	mymilkshake	25263	
	mymymymy	4568	
	mynameis_is	9036	
	mynameismud	17424	
	mynameisphilip	33008	
	myrealidentity4u	19445	
	myrgatroid	35731	
	myshinyx	7956	
	mysilkroad69	8702	
	mysteron69	12917	
	mystery	7398	
	mystery_smoke	17722	
	mystical_99	30957	
	mysticmountain20	29973	
	mystik	5847	
	mystiquel	6602	
	myting	18347	
	mytophat	37822	
	mznxbcv01928374	19745	
	mznxbcv019283746	29187	
	mznxpqow	11568	
	mzwh	5320	
	n00b_0	12869	
	n00bftw	15895	
	n00bling	2145	
	n0de		347321
	n0probs	13932	
	n0t0wn	876	
	n0where	4406	
	n0x0m	3464	
	n1gg4	2803	
	n24hey	39809	
	n2poleon	30902	
	n3xus4040	26485	
	n5yje5j	824	
	n8000	7804	
	nI5864Yuck	2466	
	nUtyp3	8737	
	naan	11472	
	nabaddon12345	4497	
	nabokovlectures	37597	
	nabokovo	5795	
	nabsbil	11247	
	nacho	18433	
	nachoff87	11080	
	nachoman	30804	
	nachtblind	8952	
	nachtwesen	8696	
	nackjicholson	5939	
	nadinsky	15189	
	nadz	8693	
	nafaal	26537	
	nafnafff	12491	
	nagatanga	8578	
	nagel	30528	
	naiphu	6225	
	nairb420	38334	
	naithandfikita	6766	
	najanate	5981	
	nak13	25659	
	nakaroths1930	6520	
	nakazaki	10878	
	namac	24999	
	namaste0	14286	
	namedeclined		85118
	nameful	31877	
	namepassenter	9272	
	nametaken	4009	
	nanadu888	2634	
	nancy	5723	
	nancygracehound	4360	
	nand791	23083	
	nano12	20813	
	nano_technology	35371	
	nanolyte	31429	
	nanoq77	22386	
	nanosapian	5500	
	naokisan	6893	
	naonao	20293	
	naplestory	2893	
	napoleooon	29334	
	nappyapp	34073	
	napster	13188	
	narcissus73	4186	
	narcosnio	27946	
	nasalconcha	24623	
	nascar99	3596	
	nasenhorn	23776	
	nashua1979	8092	
	nassy	2560	
	nasta_b	5963	
	naststangbuz	10893	
	nasty	8535	
	nasty_bb	3589	
	nastykaly	8741	
	nastynee	13298	
	nastynickcotton	35843	
	nastypuss	16324	
	natashastpier	4739	
	natastic22	13569	
	nate3331	2130	
	naterobinson989	1353	
	nathan	1254	
	nathan99	27414	
	natriumarm	37277	
	natsikahzak	35898	
	nattydread	10705	
	natur	13346	
	natural	10972	
	naturalmystic	3964	
	natureboi1	9531	
	naud	7861	
	naughty-dogg	18294	
	nausicaa	37246	
	nautica504	6989	
	navinr	36940	
	navyblank	16720	
	naw52	9047	
	nazza	10687	
	nb49jUfLlh	23013	
	nbkhobintbn	11600	
	nbomewarrior	11354	
	ncafp	33173	
	ncsmith	13537	
	ncvol	24087	
	ne0ngirl	26325	
	nebula23	16955	
	nebulator4	31024	
	neckman28	10178	
	necrekzop	6013	
	necromanswer	26110	
	need4guns	16976	
	need4speed	5300	
	need4weed		21875
	needcards	5124	
	needfullz	21788	
	needham54	25493	
	needhelp231	35184	
	needleinthehay66	20870	
	needler	12530	
	needmoney	32412	
	needmycho	6271	
	neeps	32793	
	neffy4k	39124	
	neginegi	21910	
	negrodamus	13632	
	neighbor_	6310	
	neilmccauly	11641	
	nek_minnut	17642	
	nekkro-kvlt	32326	
	neko123	28935	
	nele_lo	31201	
	nellytheelephant	19476	
	nelsondordelly	35971	
	nem123	9522	
	nemesi	886	
	nemonull	6038	
	nen13	10226	
	neo7238	5363	
	neo888	10455	
	neocash2	4540	
	neoficiallegal	6752	
	neohippie	25096	
	neojuke	7941	
	neongreen	9519	
	nepotu	17857	
	neptunesice	29373	
	nero2001	13511	
	neroswolf	25213	
	nerotic	4225	
	nerviozzo	15748	
	nerzon	462	
	nessbeal		23223
	nesteaallimon	16768	
	nesteafans2	2984	
	neteroguanyin	21295	
	netflix	7931	
	netgear321	12685	
	netherwill	2009	
	netmartca	28716	
	nettermachine	8593	
	nettoom	12344	
	networkcrook	7771	
	networth	1325	
	neu-mobile	29400	
	neurohealer	25547	
	neuron	30883	
	neuroneous	31154	
	neutron	8913	
	nev3r0ng	7114	
	neverenough	8140	
	neverenuff	7849	
	nevereough	7425	
	neverescape	18610	
	neverever	15600	
	neverstoptherave	10994	
	newaccount	1415	
	newbie		11569
	newbie1oprk	10742	
	newbie34124	25606	
	newbox	11639	
	newcastleboy	30279	
	newchar	10675	
	newcus	18462	
	newfan	30461	
	newguypla	21632	
	newkleer		249252
	newlife2608	8899	
	newlife29	15587	
	newmilkman	23504	
	newport100	16550	
	newrebelution	14475	
	newroyal	5389	
	newshoes	366	
	newsigg	23301	
	newsiggg	28511	
	newtonsapples	15837	
	newuser	2291	
	newuser1024	20276	
	newuser123	13031	
	newworldorder	7173	
	nextday1	5349	
	neymarjr	7349	
	neyomatrix	15928	
	neznez	32376	
	nflux	18542	
	nfrost12	14594	
	nfsuHQRYmSA	13572	
	ngc1277	13348	
	ngyoung	12422	
	nha2014	8316	
	nhjklu789	27629	
	niakhoyk	8583	
	niaknox	2433	
	nibblerOne	27598	
	nic_nack	32945	
	niccrx	27821	
	nice12wew	5091	
	nice444	30317	
	nicebug	36978	
	nicedayproject	13549	
	nicedream	3655	
	niceeyes	37053	
	niceguy13579	22689	
	nicejuan	22585	
	niceone	1340	
	nicesky	2976	
	nichb8806	553	
	nick666	25683	
	nick996	29624	
	nickay420	29979	
	nickdangel		3178
	nickeldev	9441	
	nickg101	9121	
	nickk	22806	
	nickoy	14617	
	nicksta	8871	
	nickybonds	15246	
	nickylein89	7689	
	nickznice	24010	
	nico1111	24465	
	nicodemus	9231	
	nicoguy	4917	
	nicola8328	24117	
	nido	24604	
	nidspear88	23761	
	niebieski	17485	
	niematego	6570	
	nietzsche625	6623	
	nigerfalls8889	31597	
	niggaometry	32037	
	niggatrigga	9698	
	nigger1	7767	
	nigger1234	12994	
	nigger4life	21636	
	niggerlover	29399	
	night0wl	16103	
	nightblaze2675	23824	
	nightcap	22495	
	nightdragon	6687	
	nightfal	19636	
	nightfox	4719	
	nightlight	8843	
	nightrain6169	5247	
	nightraven	37195	
	nightsun	30727	
	nightsunstrider	311	
	nightwishme57	10680	
	nignoggery75	25845	
	nihao	18024	
	nijel123	27959	
	niker	2898	
	niketarace	28229	
	niki77	2670	
	nikit0x	2571	
	nikknikk	7215	
	nikolai	7122	
	nikolai4os		16276
	nikolatesla		17217
	nikonholidayss	13430	
	nikoszn123	8661	
	nikozs	32856	
	niksert	31880	
	nil0	13611	
	nile07	267	
	nillawafer	9918	
	nillawafers	9139	
	nillnet	34601	
	nimba	2171	
	nimbus	6819	
	nimraz	26344	
	nine	989	
	nineinchnails	466	
	ninetyone91	12405	
	ninja1272	18831	
	ninjaaa	30299	
	ninjahamster	5355	
	ninjahawk	4431	
	ninjainpyjama	20053	
	ninjapoo	13206	
	ninjasandwich	28246	
	ninjaslipper	28409	
	ninjoss	13228	
	nino1	32529	
	ninpo	36381	
	ninpoman99	12786	
	nio0101	10134	
	nion	12880	
	niqa1	20699	
	niresh	34114	
	nirvana	3336	
	nishati	36344	
	nissepisse123	30446	
	niswar	12742	
	nitcentral	26882	
	nitenurse5150		128011
	niterider	4315	
	niteryder	3236	
	niteryderrr	13126	
	niteryderrrrr	30332	
	nitrobus	14653	
	nitrosplit	26011	
	nivelED	1146	
	nix0n	35488	
	nixao	26987	
	nizzel66	7227	
	njaknjak	11526	
	njg12345		11422
	njgirl	1210	
	njohn3	20897	
	njsbab	34608	
	njw789	22308	
	nl5x	22365	
	nmmc8	30165	
	no-name541	6932	
	no1buyer	9171	
	no3guy		23414
	no3man		16973
	noa3	31859	
	noaddedsugar2014	6928	
	nob14	15295	
	nobby	10402	
	nobigbank	12456	
	nobiggie	13104	
	noble	31932	
	noblegast	8972	
	nobodidose	36191	
	nobodyenduser	5703	
	nobodyhere	34297	
	nobodytwo	7532	
	nobrainnogainFR	6637	
	nobru92	22578	
	nobueno	38410	
	nod43	11956	
	nodazag	6545	
	nodbazaar		40762
	nodevice	2875	
	nodnow	2146	
	nodseen	3067	
	noeliste	10491	
	noeyes	23243	
	noga	24289	
	nogalo23	6890	
	nogenrx		8293
	nogo	461	
	nohate	19995	
	noini	22870	
	noiro777	16335	
	noitulove123	21691	
	noizefuck	34487	
	nokiaslayer	15098	
	nola7	37660	
	nolank	25410	
	nolink	34400	
	nomad22	8916	
	nomad23	8981	
	nomad_abi	35526	
	nomadd	18952	
	nomadice	3833	
	nomadicqwerty	10272	
	nomadness77	11728	
	noman133	7354	
	nomanlands	3905	
	nombuds	21115	
	nomdebase	22926	
	nomster	39571	
	nonagan	39686	
	noname	1004	
	noname157	34764	
	noname33	20666	
	noname56	11293	
	nonameandsave	39510	
	nonamer	15412	
	noneya456	9744	
	nono88	29296	
	nonolake	35461	
	nonono	16508	
	nonow47	8728	
	nonprofitguy194	12309	
	nonpublished	10485	
	noob90	8285	
	noobb	2126	
	noobcarder1	29074	
	noobiuscardius	34163	
	noodlesoup96	32853	
	nookdown	24358	
	noonehastoknow	37535	
	noonespecial	458	
	noonian	25896	
	nooooooo	30218	
	nopanic		31306
	nopanopa	19684	
	nopassword	18494	
	nope89213	23149	
	nopefag	25778	
	nopizza	14296	
	noquarter8899	2652	
	norad42	3116	
	norbro	4947	
	nordic	36811	
	noreply	13716	
	norfolkNchance	2845	
	norlung	4397	
	normEVO	16317	
	normalguybob	10489	
	normanbates	28012	
	normannormal100	15035	
	normanscay		406519
	norox	3633	
	norrort		195817
	northdakota27	28222	
	northern_rock	588	
	northofeast	9894	
	northpanny	27628	
	northwood		30450
	norules	2837	
	nos666	26606	
	noscamsallowed	28277	
	nosefairy1	14940	
	noshk	13201	
	nosignal2930	19782	
	nosleep	10960	
	noslo78	32919	
	nosoapbarforme	36979	
	nosolution	28683	
	nosourcream	23517	
	nostd	29390	
	nostine	8386	
	not_known	13313	
	notacop11	12143	
	notagain0	30789	
	notagain1	2663	
	notappli	17404	
	notdpr	32978	
	nothekid	25666	
	nothing	6353	
	nothingsimilar	20271	
	notme69	2881	
	notmewho-12	14580	
	notnowGUR	14657	
	notoriouse	6632	
	notown	526	
	notrace	2181	
	notscott94	13849	
	notsomeone	5624	
	notsosure	1414	
	notsowolf	12706	
	notthecops	17716	
	notturno	17723	
	notworkMrPac-Man	9041	
	nov123	13300	
	novacane15	25511	
	novacat	16327	
	novae	17665	
	novakane	37727	
	novelty50	13060	
	noveltyukid	8966	
	novi14	12957	
	novrain	1603	
	novrain24	5559	
	noway30	12525	
	nowayjose	8621	
	nowhere090	20853	
	nowherealways	5146	
	nowhereboy	13021	
	nowheretohide	2632	
	noworries12	8252	
	nox440	5545	
	nozzy	7531	
	nrl2015	8834	
	nrmaasap	16067	
	nrthshnje54h	14275	
	nrv69	37147	
	nsfevo		11203
	nsfw	1844	
	nsfwpies	22649	
	nsmk1	33366	
	nstat41	1951	
	nstuk	14239	
	nsvSoIex7J2C9FB	5913	
	nsync1	11847	
	ntelNsid3	35733	
	ntgrdj54j5	13695	
	nthngstr1	2425	
	ntjrsjhnrtesjher	14701	
	nttung163	9207	
	nubianprice	36396	
	nubseran	16509	
	nuckyjhns	20536	
	nuclearwhale	37817	
	nucleorubro	28642	
	nudger36	38378	
	nufan30	12605	
	nugfluff	21621	
	nugget5	5172	
	nukelaloosh	9218	
	nukes10	16294	
	nullington	7533	
	number1buyer	16741	
	number1vendor		148297
	number6	2461	
	numberguy	19137	
	numbersman	15093	
	numberwang	9814	
	numbrat	36457	
	numnam	9398	
	nun3zz	39560	
	nut123	12699	
	nutella-gmbh		31661
	nuthead	18499	
	nuthin123	11240	
	nutrino	14523	
	nutsack	9538	
	nutsonyourchin	18579	
	nutzdub	6329	
	nuunnipohc	1796	
	nuvxnuvx	5471	
	nvrgonnagiveyoup	14237	
	nwpcc11	11795	
	nxd241	1989	
	nyarlathotech	8119	
	nyarlatotech	8118	
	nyc123	27497	
	nyc244	11363	
	nyei3	27556	
	nylmak	12137	
	nyloncableyz	18102	
	nyrebo1234	7937	
	nystateofmind	10566	
	nyuptroll	22878	
	nyvestyo	26546	
	nzero12	5649	
	nzt48		191384
	o-c-king		20789
	o0o0	7142	
	o8en9yn85	23239	
	oO0Oo	3068	
	oahtmal	23496	
	oasis00	39450	
	oatcake	1752	
	oathantigor	6863	
	oatmealz	11667	
	obahsakhy	25059	
	obama6	11665	
	obamacare2015	36718	
	obamalol	4645	
	obamaxoo	39038	
	obamski	6474	
	obelix12345	18530	
	obelix25	8588	
	oberlast9911	26805	
	obeyyoursystem	7507	
	obito22	21348	
	obiwan4201	35387	
	object941	32131	
	objectivity	9568	
	oblongobobo	15833	
	obpulsive2	12905	
	obrien2404	37278	
	obscenity	15455	
	observer007	4159	
	observer256	38800	
	ocbmean1	9245	
	ocddj	11851	
	oceanik562	9990	
	oceanwave	19531	
	ocelot	1834	
	ock1		183326
	ocki33	17179	
	ocsbr2	15131	
	octag3n	12626	
	octoc	18404	
	octogon		394566
	oculusrift	26212	
	odb91	38082	
	oddjob22667	8810	
	oddwolf	6515	
	odins	2908	
	odinsmoke	32941	
	odinspear	9463	
	odinzc	749	
	odox002	10783	
	odsr	8618	
	oerbeer	36614	
	officerdown	351	
	offlinemaster	18354	
	offshore	8639	
	offspring89	3920	
	ofikdin	11485	
	ogbigshaun	30691	
	ogbubba	20168	
	ogjeez	26577	
	ogknowme	23388	
	ogkush23	35254	
	ogkush7578	12118	
	ogregius	35730	
	ogzeke	39820	
	ohMyGodIts_SR	23402	
	ohblackbetty	1120	
	ohitsben	5836	
	ohjohn	1170	
	ohkson	9514	
	ohld	13307	
	ohlol	11988	
	ohmmatrix	6021	
	ohmsaii	38683	
	ohmydays	17144	
	ohmygodwtf	13968	
	oignonuno	12022	
	oilngas	3841	
	oilripperson710	15439	
	oishi40201		21224
	ojciecrydzyk666	3576	
	ojfulgib	9729	
	ojoah	4582	
	ok3ay	17005	
	okabekudo	13385	
	okbuyer123	26503	
	okcharly	6516	
	okioki	9895	
	oklahomiez	27713	
	okmijn	10120	
	olaenswp88	23849	
	olanzapin	8041	
	olasd89u2ads	22006	
	oldandugly	14238	
	oldbones1	32805	
	oldboy186	19462	
	oldc0d3	13650	
	olddetleff	6746	
	older	28322	
	oldholborn73	17602	
	oldjack228	6755	
	oldman3275	10231	
	oldschool	772	
	oldschool88	33628	
	oldschoolmuffin	9238	
	oldskool23	9826	
	oldskool94	18145	
	oldskoolcool	34038	
	oldspice1	28330	
	oldtimer22	6605	
	oldtoker	21064	
	olgaural	5586	
	oli93g	28309	
	olidtk	15337	
	oliflex		38487
	olipig	714	
	oliver201		215472
	oliverstoner	7619	
	olivier76310	31555	
	ollidaa	10975	
	olly	31292	
	olpud	39742	
	olympia5212	35035	
	olympicdistance	4521	
	omakase	23278	
	omali	13345	
	omariano	10697	
	omega	2606	
	omega007	11133	
	omega117	12270	
	omega3	3367	
	omegamint	11204	
	omegapharma		109043
	omfgitsaraver	26817	
	omfgmatt99	18971	
	omgitsmrshowoff	8658	
	omgsoupwtf	17987	
	omgtrees	25619	
	omleee	14394	
	omni985	10847	
	omnicursor	28144	
	omnipresents	2290	
	omnisaint	23933	
	omnist	31064	
	omooq		11661
	omos	2848	
	onEoff39ON	37068	
	onaca	15546	
	onandonand	26258	
	oncloud90526	6204	
	ondablunts	7365	
	ondapip	9087	
	ondatr	1062	
	one2k	6820	
	one6two7eight	3306	
	one8	2971	
	oneaboveall	33139	
	onebrain	11198	
	onebyte	30735	
	onedayiwilldie	32617	
	oneder001		25300
	onedirection69	16293	
	oneeyedjack34	25510	
	oneil	1622	
	onelife	10206	
	onelove321		125965
	oneofakind	5085	
	oneofus	28243	
	onethingsforsure	34659	
	onethreeseven	427	
	onetime	6984	
	onetime11	36028	
	onetimeuser	34	
	onetwofree	18903	
	onetwone	4475	
	onewettoymug	37833	
	onexope	29685	
	onimus	32530	
	onin22	30715	
	onionfield78	19457	
	onionhead25	9735	
	onionkat	19368	
	onionman11	10663	
	onionmunch	4142	
	onionpeeler	37199	
	onions	7470	
	onions4all	13125	
	onionshop	9394	
	onionwalker	3736	
	onirua	16331	
	onixtest	11666	
	onkeldoc	30465	
	onlinejob	6360	
	onlinemarketor	903	
	onlinemax	12330	
	onlineshopper	17761	
	only4germany		20077
	onlyfun92	15084	
	onlyone	13434	
	onlyone99	27433	
	ononime	20721	
	onouser5873	8421	
	onscreen123	17801	
	ontime	27974	
	onyekaozuru	6441	
	onyx345	35937	
	ookami	19353	
	oombach	29002	
	ooo333ooo	33373	
	oooooooo1	35211	
	opa6ix	12464	
	oparper	33905	
	opbillygoats77x	36373	
	opblaaspop	8085	
	open7448	12127	
	open_mind_soul	5063	
	opendata	30187	
	opendoors	32665	
	openplease	13404	
	openwindow	7153	
	openyourmind13	12610	
	operationapis	11684	
	operationcsw	13174	
	opheus	4166	
	opiat3d	29364	
	opiatebinge	14522	
	opifield3	10403	
	opiking	3452	
	opilove	30033	
	opiophile21498	39447	
	opiumjones	19981	
	opmedford7	20828	
	oppahdoggystyle	3045	
	oppenheimer	7169	
	oppie13	16796	
	oppie14	3886	
	oppnet	4265	
	opsssi	1691	
	optdraed		3930
	optimummy	6314	
	optimus1332	31297	
	opusjando	35693	
	oracle	4957	
	oramov	14509	
	orange75	8859	
	orange8639	30325	
	orangeclock	12803	
	orangedream456	29699	
	orangemouse	10299	
	orangetiger	17287	
	orangetoad	14056	
	oranginajaws	22575	
	orb807	34122	
	orbital	25814	
	orbitboy	13191	
	orbitz27	32966	
	ordinarywhiteguy	9068	
	oreocookie	11367	
	oreon	4018	
	oreoo	11449	
	organismen		203757
	organizedchaos	13283	
	organizedgrime	32769	
	orgle89	452	
	origin420	31340	
	originalspectre	9504	
	originsea	9442	
	orinoco	25134	
	orinocoflow	38611	
	orion13224	7875	
	orion1975	17107	
	orkantish	12250	
	orly	9326	
	ormar		202106
	ornamentalist	26053	
	ornatecobra	27389	
	ortogonal	708	
	orville666	28954	
	orwel	13553	
	os12	4184	
	osahon	39704	
	osamabinramen	11984	
	osbourne	27968	
	oscaarm_raks_22	32772	
	oscarbutt1127	4305	
	osirisdude12	35490	
	oskphil3linx	1285	
	osmanabi	9588	
	osmosisdrixxx	17579	
	ososo123	8460	
	osramw5w	5303	
	osteel	2728	
	ostehusor	39076	
	oster994	30618	
	ostrogoth	37436	
	osvaldo_23cm	1330	
	otbem	22018	
	oter	21564	
	othello68	786	
	otis1	19453	
	otommy42	8801	
	otto007	11004	
	otvospetrus11	2206	
	otzitheiceman	20902	
	ouncez	17736	
	ouncybear	35855	
	ourrapid	4103	
	out3rspace	31613	
	outasight2015	26095	
	outbacktrippin	19161	
	outfodamilli	15239	
	outgilbsher	21852	
	outlawminded	5112	
	outrointro	7847	
	ouzz99	10117	
	over1	18786	
	over9000what	12722	
	overcooool	24305	
	overdatop	17804	
	overlap	1020	
	overlord	2745	
	overnightmoda		52280
	overt	3122	
	overthere	27037	
	overunder88	6771	
	oweriapeo	32232	
	owlet	20247	
	own3rofic	1768	
	oxandrolone1	2669	
	oxford	4097	
	oxiris82	11344	
	oxxo	23248	
	oxyCdope		40020
	oxyblue	33601	
	oxymoron28	30168	
	oykef	12324	
	ozandjess	200	
	ozbuyer	10976	
	ozconnection		87969
	ozdan	29044	
	ozdeals		58749
	ozium4200	28399	
	oziyn	4665	
	ozmetics		216096
	ozna0111	6879	
	ozneb	23858	
	oznecniv	33027	
	ozone1994	9306	
	ozonion	3909	
	ozymandias88	17743	
	ozzman384	13267	
	ozzmina	27922	
	ozzyme	26182	
	p-m-i	5829	
	p0l0	5001	
	p0och	3768	
	p0ppy	33033	
	p0rnstar	21565	
	p0s3idon	6252	
	p0thead		34634
	p1ckle		152541
	p1ngp1ng	29655	
	p368h43	21465	
	p4nzer	28648	
	p4ydae	16424	
	p4z2ia	9544	
	p5bdeluxe	27340	
	pHD_in_PUSSY	8147	
	paaweel	8736	
	pabberz	9250	
	pabbywabby95	10386	
	pablo84	20268	
	pabloescobar2222	30056	
	pabloshrimp	773	
	pachaman	4485	
	pacheco	21320	
	pacman123	18188	
	pacmanjohn76	19548	
	pacmano	7655	
	pacoke	24677	
	paddy	6918	
	paddy30	20725	
	paddy51	36224	
	paddyhearty	11291	
	paddymacohen	7612	
	paddypantsdown	13336	
	paddysle	12280	
	padiwon	11904	
	padrone	996	
	pagan	5746	
	page1	20092	
	paglgr875	4874	
	paidinfullbro	19410	
	pain315	9090	
	painII	19660	
	paki12345	22203	
	pakistana777	14072	
	pakjeng	12474	
	pakman1976	1315	
	pakota	20075	
	palace1776	10345	
	pale	5724	
	palegodark	14065	
	palekid	9449	
	palkia	29135	
	palladium	7984	
	palmita	12996	
	palpatine	15763	
	panacea	12234	
	panameraturbo	33295	
	panchito	7781	
	panchovilla	1858	
	pandabear26	32025	
	pandapanda	9038	
	panderbear	19324	
	pandillas	11870	
	pandorapan	13386	
	pandoraproject	12094	
	pandoraz	11930	
	pandorized	20940	
	panheretic	6356	
	panja	12495	
	panjam	36840	
	panoramic	2254	
	panoskamenos1957	34594	
	panterathrash	32222	
	panth	4866	
	pantoffelcarlo	29588	
	panyab	21089	
	paokhack	22433	
	paoloflorenzo69	2647	
	paouls90q	488	
	papa-BEAR	4370	
	papabuck14	13635	
	papached	22174	
	papadocio	37307	
	papalapap05	13373	
	papallona	13013	
	paparazi	23747	
	papaver	35265	
	papayanyan536	15284	
	papazoom	26163	
	papeez	10720	
	paperdiamondflux	2635	
	papersteroidguy	7637	
	papersun	32112	
	papertiger	16736	
	papillon64	7629	
	pappa	11019	
	papperchase	25530	
	pappyvan	17070	
	parabelum	13689	
	paradoxisgay	34262	
	paragon	35947	
	paranoidmuch	20493	
	parapluie	35301	
	paravar	4662	
	parayok	7544	
	parcivallo	35564	
	pariah117	19737	
	paris	2840	
	paris35	14395	
	parizaki	4891	
	parkingsensor	25170	
	parrotguy65	30609	
	party-favor-guy	13393	
	partycook	27160	
	partycook4all	29171	
	partydrug		787
	partyhf	8869	
	partypeople	7102	
	partypeopleAGAIN	8867	
	partysmarter	20341	
	parvati	11362	
	paslankustyik	14856	
	pasmal	9307	
	paspas	17731	
	passieecode	13558	
	passieecodelost	13441	
	passthehash	34478	
	pasta	18285	
	pasta420	17741	
	pastah	31029	
	paste1900	19895	
	pasternak	10560	
	pastoryoung	36018	
	pastperfect		81154
	pat123	28339	
	patay123	10252	
	pate7812	17255	
	patel	7263	
	pater	35410	
	pathfinder13	3243	
	patric999	8422	
	patrone88	11661	
	patton	3184	
	paul1978	8441	
	paulbutler89	22138	
	paulescrow	28690	
	paulhankson	23952	
	paulina	8028	
	paulingo	13308	
	pauljackson	34459	
	paulleo	31052	
	paulmc984	4966	
	paulmerson99	35824	
	paulmyers	3770	
	paulpot	11031	
	paulrudd999	8934	
	paulsmith	32572	
	paultorday	28980	
	paulxxx	2205	
	paushery	35709	
	pavlik099	24346	
	paweldd	31556	
	pawok	34494	
	pawpaw6	11799	
	paxi	13998	
	paxie	31028	
	paxman	20362	
	paxxx	30023	
	payabuddy84	563	
	payback	11853	
	paybank	8604	
	payday	8314	
	paylap	16663	
	payload	7738	
	paynexx	7062	
	paynowplz	12290	
	paypal1land		271981
	paypalacct	1440	
	paypalnoob	18100	
	paypalsearch	15990	
	paypaltor	8034	
	paysfe	2177	
	paytondownunder	24840	
	pb31511	12379	
	pbandjelli	33391	
	pbkmmoney	27083	
	pboi	7537	
	pbots	32604	
	pbville	8480	
	pcguy2	10746	
	pcheap	12189	
	pchud2	13224	
	pcreek8818	25178	
	pcspores	12078	
	pdiddyfiddy	11246	
	pdog497	17323	
	pea_king1	4837	
	peaceandpot		178977
	peacebewithyou	11540	
	peacedgod	23197	
	peacefrog69	20372	
	peacefuljourney	24695	
	peaceguy19200	29478	
	peacelove1	37707	
	peaceloveur	38747	
	peacemaker3000	22663	
	peacemario	30093	
	peachscreen	26922	
	peakmaster	30694	
	peanuts55	14270	
	pearlgod	38998	
	pearljam88	24581	
	pebbles247	7438	
	pebre	14033	
	pedbr	13390	
	pedrodepacas	18105	
	pee001	8003	
	peebnutbutter	12135	
	peeppoppin	11470	
	peerstein	16755	
	peezee	27069	
	peggyhill	14924	
	peinsama	7556	
	pekkk	3461	
	pelarpoppel	33972	
	peleda	35466	
	pelete100	15925	
	pellor	12498	
	peloncito	27016	
	penasauras		29122
	pendragon	348	
	peng	19130	
	pengrinder	3316	
	penguinswagger	18196	
	penguintan	33237	
	penisyasuo	9374	
	penlssmith	12628	
	pentasterl	23312	
	pentip90	25302	
	pentoboy	27353	
	pentolino	36316	
	peodat	38781	
	pepelando258	12713	
	pepeluis22	34606	
	pepepingu	34583	
	peperolito	12692	
	peperoni	1001	
	pepeur	485	
	pepper7	28545	
	pepperack	12203	
	peppercorn	11123	
	pepperjack	9993	
	peppino	31252	
	peppy102	17079	
	peppypimplepooh	18460	
	pepsi48	2592	
	pepsico	2781	
	pepsy194	12660	
	peptidepro	31896	
	perciblake	11051	
	perdue448		18706
	perdure	26844	
	peregrino2005	28179	
	pereirazean	12396	
	perepa	9922	
	perfect-tommy	33856	
	perfectcrime	29954	
	perfectt	884	
	perfecttt	6312	
	perhapsyes	36957	
	perierkkk	12672	
	perishplague	7416	
	pernikar	6133	
	perpskirt	11700	
	pers5638	11184	
	persephonehades	5947	
	persianrugsuk		41760
	persistency	15813	
	personaldefense		21124
	personaljesus	24647	
	perssePaistaa	36693	
	pertriumph2	12382	
	perutoyou	23263	
	perverso14	37003	
	pervert92	26045	
	pervopelle	14021	
	petarh1	30092	
	petarh93	14935	
	petate	5682	
	pete8739	19855	
	peter545	11260	
	peter85	17676	
	peter_lustig_12	1559	
	petererik	6371	
	peterfrog	13413	
	petergriffin1	27500	
	petergrubert	31868	
	petermueller	5317	
	petermyrealname	38954	
	peterolu	9596	
	peterpan2607	35146	
	peterpants	15583	
	peterperu	30294	
	peterporker420	31560	
	peterr	9018	
	peterrabbit79	11439	
	peterstrawberry	17219	
	petespipe	19504	
	petetong	31795	
	petetor	31939	
	petita	33768	
	petittordu		3485
	petkaprotestant	28220	
	petrovich		291016
	petrus_dominicus	8947	
	pettern123889	5210	
	petxote	24569	
	peugeot408	12734	
	pexcise1	18324	
	pezzer69	6673	
	pfiesch	14363	
	pflori007	13296	
	pfranc	14170	
	pfritter4444	37285	
	pga2	7212	
	pgriffin	12286	
	ph0enix		73244
	phant0m01	10916	
	phantima	7296	
	phantom111	3781	
	phantom2020	39199	
	phantom4861	13478	
	phantom_menace	2744	
	phantomasdf1121	18992	
	phantomstache	12990	
	pharma		305016
	pharmco		359037
	pharmerjo		367653
	phat	2914	
	phatunepharm	24578	
	phaulkon	23899	
	phaze	6861	
	phazer	4325	
	phelix	21143	
	phenixATw	33112	
	phenomena		8758
	pheverone	18200	
	philgrasshopper	28225	
	philip99	23059	
	philipadam	4698	
	philipe_69	32433	
	philips199	36182	
	philips87	31886	
	philli	7911	
	phillipguston	35319	
	phillipss	24535	
	philmacrackin	145	
	philmitchell	1540	
	phironix	1927	
	phironix324	11923	
	phoenix1078	20363	
	phoenix2za	640	
	phoenix86	7582	
	phoenixTRUSTinc	10577	
	phoenixrising	29356	
	pholscalloid89	12136	
	phonebook	2756	
	phonecallz22	38249	
	phoria	20287	
	phormula1	7038	
	phpexpert	28184	
	phraka79	20005	
	phrase	22389	
	phreak	754	
	phurry	12873	
	piafedith	9975	
	piblz		97636
	picard1337	559	
	picaso55	16060	
	picher69	15511	
	pickle99	26588	
	picklebean	20623	
	pickledpepper	6923	
	pickleweasel	22349	
	pickup	14300	
	pickyourpoison2	21836	
	picreator	28559	
	pidgin	18098	
	pidginICQ	38106	
	pidocchio	10895	
	pieeyed	10692	
	pieislife	31946	
	pierdole123	1715	
	pierremarin	34871	
	pierrepoutine	10670	
	pierro92		24908
	pies5674321	4119	
	pieterjannus	8847	
	pietruszk	349	
	pigeoncup	33936	
	pigfarmer	26451	
	pigpen	13398	
	pigsmayfly	30152	
	pika86	26995	
	pikachu123	9661	
	pikis123	37377	
	pikolino	30296	
	pikoparno	8669	
	pikpikpik	13245	
	pileiselk49	35888	
	pilipili2015	31386	
	pillepalle78	28498	
	pillman	12335	
	pillman219	16881	
	pillowpantslol	35832	
	pillpusher		226481
	pillsdownunder		34666
	pillypoppypot	36649	
	pilot2015	16083	
	pilphering1	19867	
	pilsbandyboboy	15736	
	pilzhof		321219
	pimenta	11319	
	pimp101	9169	
	pimpalas	15082	
	pimpalas321	9335	
	pimpbitch	31372	
	pimpit		65586
	pimpmoney	13470	
	pimpone	25008	
	pimpsmasterson	13326	
	pims	6994	
	pinHertz	20415	
	pinball89	20099	
	pincer	32537	
	pincette	34142	
	pindlstein	23706	
	pinecone	716	
	pinetree		254790
	pingpo	446	
	pingpongpang	29737	
	pinhead	12762	
	pinkbulldog	6223	
	pinkdonut772	27226	
	pinkmeen	12067	
	pinknugget91	21747	
	pinkrain2	11894	
	pinkrose	4353	
	pinksocks	1614	
	pinkymouse	5105	
	pinman121	15222	
	pinok	9211	
	pinot	12274	
	pinsonail	39485	
	pioneer1	9598	
	piotrek39	17667	
	pip8	29094	
	pipeline	8446	
	pipeline23	28530	
	pipes57	17343	
	pipi_pipa	31321	
	pipicaca1	2499	
	pipicaca5	17901	
	pipicaca7	34557	
	pipipi	24822	
	pippetto	13304	
	pirate	1522	
	pirate446	35493	
	pirate71	896	
	piratepete321	39010	
	pirateseye	34307	
	piratesoso	11426	
	piromalli	32301	
	pirosin	1331	
	pisquared2014		8876
	pissedoff	11027	
	pissflaps	27045	
	pissmaggot	25701	
	pissuo	9456	
	pistachioman	28958	
	pistorius	16015	
	pitbull81	21326	
	pitchauba	36821	
	pitcher500	28960	
	piuhamake		302208
	pixelmafia	12999	
	pixelz	19609	
	pizda2014	10841	
	pizjahnuo80470	12796	
	pizza1295	28138	
	pizzarul	35619	
	pizzasteve2	13281	
	pizzathehut	39835	
	pjt20nqq	9375	
	pk3r4lif3	10622	
	pkm300	2640	
	pl4t3r	15008	
	plagas15	24812	
	plaidout	6039	
	plainoal	39	
	planet	1592	
	planetaurus	14858	
	plank	7489	
	plasmax87	17027	
	plasticpaddy89	7172	
	plastics-vendor	9217	
	plastikboy	15492	
	plastikman		232523
	platano	35106	
	platypus	39196	
	playahatin666	12007	
	playdark		16015
	playingwithwater	14089	
	playplay	8271	
	playsafely	15708	
	pleihboi	10594	
	plestacro	33345	
	plethora	7445	
	pletorax	11116	
	plgn	11561	
	plokij123	14310	
	plonka2	33249	
	plonki66	12952	
	ploump	31406	
	ploxyfag	34953	
	plsdontkillme	38871	
	plshalp	27979	
	plsluvme		32809
	plug	11495	
	pluggo22	31400	
	plumdog28	5897	
	plummep19	36167	
	plusk1douille	13468	
	plusminus	34723	
	pluto	124	
	pluto411	32868	
	plutus1	82	
	pm159753	4320	
	pmoneygunz	33910	
	pmpw3r3	27802	
	po1son	9621	
	pochoclo	9523	
	pocodittle	4026	
	podivm1	36567	
	poemplay	33685	
	poepgelei	12213	
	poepschijt	7191	
	poerba	6664	
	poetic102	13480	
	poeticjustice	36808	
	poierb	29317	
	pointwork	34942	
	poipoi	6006	
	poiuytrez	37407	
	poiuytreza222	30815	
	poiuytreza789	21858	
	pokemonmaster92	33960	
	pokerboy	23880	
	polandspring	3817	
	polarpop	13883	
	polecatizzy	32347	
	policeinfo	7241	
	polira		95896
	polisjon	6822	
	politicalthief	1097	
	polkaqueen	10726	
	pollo888	7570	
	pollohermano	17905	
	pollyanna	3406	
	polog40	27373	
	polonski	8521	
	polpost	8832	
	polpot	3614	
	polwarrior148	30105	
	polyacrylate	12921	
	polygon_dust	11835	
	polymermoney	7139	
	polytox	24147	
	pomegranate	33327	
	pommesspezial	13110	
	pomp3i	39080	
	pomperos		22799
	poncho	8739	
	ponousa	25144	
	pontneufi		68484
	ponzie	7884	
	pookachu	10567	
	pookdolphin	13210	
	pookiebear	13557	
	poolboy	6529	
	pooloboy	3553	
	poolparty	8484	
	poop12	36976	
	pooper1237	25713	
	poopevo	23717	
	poopfacegross	9940	
	poopguy		22925
	poopyface	11929	
	poorafrica	3669	
	poorweed	8634	
	popalidol6757	11861	
	popallthetime	24865	
	popbottles007	33882	
	popcornsuess	34057	
	popeyeI3	6738	
	popillz0	11629	
	popinpoppper	38394	
	popnlock	13490	
	popopolice	15643	
	poppadocc	21359	
	popporn	9539	
	poppy321	18475	
	poppypapi	20865	
	poprocks	8054	
	poprocksck	27095	
	pops26	10887	
	poptars	39231	
	poptart	287	
	poptop	6526	
	populouspicker	7614	
	porcodioqwerty	7915	
	porkandbeanz	8530	
	porkopine35	467	
	porn_n_chicken	21797	
	pornografik	8595	
	pornstar	5827	
	porpodox	15732	
	porqueno	35455	
	porrambo	12618	
	porro	22839	
	portalgreen	16097	
	porterer	24734	
	portlandia55	9162	
	portossman	24564	
	porttol95	13756	
	posals	629	
	possum	34129	
	postalkarma	22353	
	postmanbutters	29643	
	pot88	2638	
	potathaze	37469	
	potentia	8816	
	pothead	948	
	potipoti	5202	
	potsmoker	23930	
	potts	7880	
	pottymouth	5910	
	potus50	23998	
	poutin	2910	
	pouttos	24626	
	powderface	9515	
	power	17266	
	power777	11839	
	power_vacuum	19280	
	powerball1901	23817	
	powerfuljoerogan	33700	
	powerhacks	20050	
	poweronoff	33117	
	powers25	4100	
	powertrip	11906	
	pp11rruull11nn	39626	
	ppaccs	31183	
	ppae944666		4704
	ppfluent	2061	
	ppguide	25577	
	ppkgun		12248
	ppl3r	132	
	ppler	1052	
	ppluck	28495	
	ppman_temp	1077	
	ppmaster	8987	
	ppooky2	11866	
	pppeterpppan1	9780	
	pppone	19859	
	pprtrsp	4098	
	pqzm	12276	
	pr0tr33z	11554	
	pr123456	18608	
	prambeets	6600	
	prawjekt	3220	
	prayeric	26367	
	prayforme	29098	
	prayingkitty	3884	
	prdatluv	14183	
	preci	3891	
	precurs-shop		295498
	predator	2866	
	predators	7852	
	preelk97	10772	
	preetidog	26674	
	preggo1	18489	
	prema1	3223	
	premiumguides9	32407	
	presidente	3396	
	presto99	11863	
	preto	21307	
	prettyflacko	13433	
	pretyflaco	18288	
	prev5batvx	3500	
	pri632ko	27651	
	pricepua	18839	
	primax	7378	
	prime863	31217	
	prince_regent	902	
	princess	5834	
	princess_bib	2462	
	principinovr	13631	
	pringleschips	15904	
	pringlfritzl	12761	
	printerdick	34527	
	priscob	5960	
	prisoner6	3410	
	pristinebeans	6449	
	privatepeter	5249	
	privest	7963	
	prkuarai	11846	
	pro555	25400	
	proKnada		388089
	proNod	18995	
	proba	21678	
	probablystupid	7588	
	probol	29704	
	proctorandgamble	8313	
	prodigalson	14001	
	prodijay	4326	
	proefkonijn	35506	
	proefkonijn1312	32318	
	proera	29990	
	profane		30386
	profchaos	3687	
	profitGOD	36449	
	profundo15	1228	
	profusion	26098	
	progoslomo	27795	
	projectx	12922	
	prokaryote	34740	
	prokrav	32120	
	prolean	38977	
	prolificjoe	8074	
	pronosss	24567	
	prophet	2761	
	propnem	21170	
	proseccosaxa	27639	
	prostinnan1	20208	
	proto6	5701	
	proton	20164	
	protopax	2857	
	proudestmonkey	36619	
	prov64	810	
	providencellc	27210	
	proview1423	27187	
	prowess	2322	
	proximo	37406	
	proxy2038	16494	
	proxyconnect		13428
	prozac2	119	
	prozacc	1429	
	prozaccsdope	37177	
	prplhayes23	32069	
	prudent5217	19319	
	pryia32	31610	
	ps123	7285	
	pseud0	21599	
	pseudonymous	38306	
	pseudovapor	631	
	psilocybinist	28437	
	psilosopher2027	27926	
	psilosub	29091	
	psn1337	27197	
	psngkar	3159	
	psohm	11815	
	pstoned	18062	
	psy333	3867	
	psyanide	16626	
	psychaos	29905	
	psychaotic	2807	
	psychedelian		59414
	psychodelic22	37215	
	psychonauticlove	7382	
	psychonautilus	13438	
	psychonauts2	10618	
	psychopioid		402436
	psyflyguy	24885	
	psygirl	34123	
	psygtz	8127	
	psykolow	38206	
	psykonours	20549	
	psylence	39113	
	psylent	2885	
	psylex	25322	
	psyllium	21533	
	psylocybium	7312	
	psylogik	12527	
	psylux		226
	psymind	9840	
	psymush	2448	
	psystuff	32512	
	psysun	27073	
	pterodactyl	2157	
	ptigris	33787	
	ptoal738	19286	
	ptolemyconst	13975	
	publicboy	31391	
	publicenemies	28562	
	pucVret	12224	
	puchino	5369	
	puck	1606	
	puddycat	22342	
	pudgie	27321	
	pufferfiash2i	34040	
	puffinbilly		49715
	puffnstuff	12313	
	puffywhite	23303	
	pufons	15957	
	pugna	1395	
	pukemaster	26195	
	pukka31	7494	
	pulltheak	25734	
	pultron	9413	
	puma777	27827	
	pumpa	19614	
	pumpgalaxy	1900	
	puncesp	12168	
	punci	28064	
	punker	12012	
	punkgoth	34763	
	punkstar	2783	
	punpuner	32983	
	puos14	28433	
	pupil	29407	
	pupin27	12888	
	pupnsuds	37742	
	puppetMaster	58	
	puppetcontrol543	16548	
	puppetshow	16491	
	puppygoodboy	5286	
	puravida3250	32761	
	puravida86	21872	
	purechem	8686	
	pureexpression	36258	
	purefiremedics		25643
	purefuck45	31657	
	puregenetix	17259	
	puregod45	17080	
	purek	26450	
	purekilla999	2007	
	purelucky	14983	
	puremeth	36212	
	pureone	158	
	pureweed	15156	
	pureweed47	32732	
	purgatory	8075	
	puro1	26369	
	purpdrank200	29073	
	purple11	31465	
	purpled		13376
	purplegorilla71	29645	
	purplekool-aids	28101	
	purpleman	13892	
	purpleonion89	33351	
	purplepanda14	20450	
	purplerain69	36208	
	purpletiger	26653	
	purplevirgin	33230	
	purpose1234	18798	
	purpxan	20039	
	pusU5waFraga35Zu	7076	
	pushat	19924	
	pussboot	14654	
	pussyjuice	2416	
	pussymoneyweed12	36543	
	putaloira	6330	
	putinwork62	589	
	putrefarro	25795	
	puzylo	27560	
	pwnapples	34093	
	pylon23	7111	
	pyntex	13249	
	pyrat13	24424	
	pyrexpirate	4715	
	pyro	2641	
	pyrobladeiac	37107	
	pyronuggets	25255	
	pyrussteve	17419	
	pyscedelicking		25823
	pz1us	6966	
	pzm1		19357
	påsanpåsansen	4337	
	q1000	33353	
	q19wb	2472	
	q2aw3se4d	5065	
	q3weinorbcd	13215	
	q4RwrFi16N	5886	
	qKET26R2Ua2nqsm	22948	
	qalz	2770	
	qatar	3000	
	qatar51	36023	
	qawsedrf	15786	
	qayqay	136	
	qazplm	31488	
	qazwsx9192	11005	
	qazxswedcvfr	4550	
	qbishon	1925	
	qc372A52b	12607	
	qdgroup		11251
	qfbryder	8976	
	qiynthug	36173	
	qnight	36025	
	qnix	31809	
	qoh01		113523
	qp_mndsx	5044	
	qpinb	34289	
	qpqt	24864	
	qqqqqqqq	22264	
	qrs252	9943	
	qsd91	1626	
	qsdfg421	29969	
	qsdjol	6925	
	qsieben	1460	
	qtips	35107	
	quac		249308
	quadmobile	22156	
	quads	12453	
	quaggy	9961	
	quakehead	6645	
	quaker	3627	
	qualia	13469	
	qualityproof	35423	
	qualityrolling	17226	
	qualityxl	1431	
	quangle	12539	
	quantam-alien	28368	
	quantumlooper2-0	28677	
	quantumrl719	2155	
	quas69	10152	
	quaterbaked	9004	
	queenimo	6671	
	queenofcans6	38744	
	queenofcans65	14346	
	queerpositive		17678
	quell	30627	
	quequeg	23126	
	quert	2978	
	questionmark	7031	
	quetamen	22917	
	quickcoin	8745	
	quicker		23328
	quickly24	5188	
	quicksteps	3552	
	quiescence	10311	
	quietForest	18437	
	quietTalker	33541	
	quietguy	26874	
	quietplace	8277	
	quikdagopb	32315	
	quinio	24540	
	quixotic	8814	
	quizzno	9035	
	quken	22844	
	qurd	22395	
	qwasz	16234	
	qwe123qwe123	23414	
	qwerdy	31667	
	qwerty	120	
	qwerty100100	28010	
	qwerty101x	24756	
	qwerty123459	24170	
	qwerty393059383	24046	
	qwerty991	208	
	qwerty996	697	
	qwertybro	1954	
	qwertymf	18680	
	qwertytom	36789	
	qwertyuiop88	26063	
	qwertyy	845	
	qwertz789	36562	
	qwertzu		30054
	r00thalo	28807	
	r0adrunner	27124	
	r0bertden1ro	23364	
	r0ck3tmanr33m003	14495	
	r0guebubbles	27511	
	r0nald	39212	
	r0nnie	19594	
	r0r3ach	25872	
	r1fl1br0	33317	
	r1pb	12544	
	r1s1ng	10191	
	r20p83k15	28364	
	r24n52wk	18807	
	r2d12	2916	
	r31k	15774	
	r3deem3r	5272	
	r3dr0	18219	
	r44044	24720	
	r4is3r01	33240	
	r4ng3r	21390	
	r4ven	23029	
	r6670	4070	
	r944catdogpig	26617	
	rEb1131	6032	
	rTuko73804	23640	
	rUG5HeWyzOUeU584	6497	
	raaaage	22103	
	rabala	12828	
	rabbayn	10480	
	rabbitexplores	10420	
	rabbithol	8295	
	rabbitholeshop	6327	
	rabbitzONE	2116	
	rabindranath	16620	
	racam	17455	
	raccoon	11250	
	racecar	7719	
	rachel-white	4413	
	rachid69	22843	
	rackscorp	1710	
	radamel	11351	
	radiohead2020	27188	
	radioheadthom	20603	
	radion	28525	
	radiopop	9651	
	radjar	33144	
	radkat	12814	
	rafael2000	34166	
	raffaele	11017	
	ragatime	4689	
	ragdoll	9605	
	raggiedo	19835	
	raging_lung	29835	
	ragnar89	33631	
	ragnarok234	24661	
	ragular	28351	
	rahimama	27371	
	rahoo	16381	
	rahrahrah	2330	
	rahtid	32268	
	raider510	13069	
	rainbean	29887	
	rainertoo	25474	
	rainforest	31513	
	rainmaker9	5743	
	rainmen	29152	
	rainst0rm	13421	
	rainwoman	52	
	rainydaybtrs	37009	
	rainyrainyday	24382	
	raisingstar	22644	
	raistlinscrea	7728	
	rajneesh	1212	
	rajnoha	6488	
	rakete12	7260	
	rakim	27152	
	rakkihenry	5324	
	rakna	21013	
	rakuteen899	13718	
	ralle	8605	
	ramakrishna	4047	
	ramatanga01	23084	
	ramathorne	4120	
	ramazon999	20508	
	ramblinrose	11375	
	rambo512	34765	
	rameo		273929
	rammstone67	8228	
	ramo	10359	
	ramona	30049	
	ramone13	6157	
	ramorox	5225	
	rampant	4997	
	rampantoctopus	28809	
	ramsack	4264	
	ramsdark	16112	
	ramtons	31401	
	ramwells	26418	
	ranchodos	5282	
	randallstevens	15372	
	randevous	2614	
	random0309	8945	
	random098	4453	
	random112355	11014	
	random117	11275	
	random2121	32884	
	randomInfinity	37724	
	randomUser3	8303	
	randomjackson5	17919	
	randomnikkster	7784	
	randomperson123	24932	
	randyBobandy16	29008	
	range-motion	4958	
	rangerDanger	9859	
	ranjasee	22955	
	rankin	13598	
	ranrue	11817	
	rantastic	14802	
	ranwe6767	13622	
	ranz1	17992	
	rao796	24393	
	raphlavoie	14202	
	rapido	14764	
	rapidredbox	7596	
	rapsta5	8182	
	raptorsopendoors	35908	
	rapturate	2750	
	rarozipka	8151	
	rasclart	10100	
	rashthaman	9799	
	raskolnik	39736	
	rasmuspaluffen	12038	
	rasmuss77	27020	
	raspt	12052	
	rastafiah	38975	
	rastaman	5130	
	rastamanjon	3338	
	rastamonstah	4538	
	rastaonelove	29816	
	rat1989	3856	
	rataxes	6034	
	ratbastard01	14099	
	ratchetweave666	39848	
	ratfink	5071	
	ratnop	34420	
	ratoncito_perez	29178	
	rattlecage	19472	
	raucsy	23579	
	raudinis	7549	
	rave52	5677	
	raveandgo	14948	
	ravedave	3805	
	ravedelight		23143
	ravel10	34633	
	ravelin	3289	
	ravelineffm	32627	
	raven15	17280	
	raven23	38353	
	raven360	2972	
	raven787	13717	
	ravenous1	5110	
	ravention	8341	
	raveplaya	21643	
	raver19	32468	
	ravergoodies	8241	
	ravinghulk	22751	
	raw03	26108	
	rawdesign		38605
	rawray	33158	
	rawrimadino	14476	
	rawrpirate	15102	
	rawskins	33051	
	ray4667	30659	
	rayerth	10473	
	rayless	9071	
	raymond445	5982	
	rayno94	30039	
	rayovac	33054	
	rayray60	1164	
	raytheon	32615	
	razda88	15679	
	razin	6806	
	razman	3405	
	razmoquette	17802	
	razor231231	435	
	razorshot	29344	
	razortm	39014	
	razorz	6124	
	razzel	674	
	razzmatazz	23642	
	razzor007	36031	
	rbannietser	21218	
	rbcruce	11241	
	rbw90	20190	
	rc0603fr	16737	
	rcnig	19804	
	rcore	19313	
	rcs4me	27984	
	rddog	16360	
	rdmnlkl	11602	
	rdnd	39818	
	rdoe1	10858	
	rdowdy	2566	
	rds666	8439	
	rdubreuil	5726	
	re83940	13942	
	reachingpower	9600	
	readmore	35251	
	readynerdy	3424	
	real-mammal	16946	
	real_barreface	20574	
	realashyoung	38860	
	realbitt	4796	
	realbro	362	
	realcaliking	19836	
	realciphercracks	8231	
	realcoins	2056	
	realcoolguyeric	18205	
	realdeal42	20200	
	realeyes	11154	
	realgeizt	12318	
	realgoon8732	24476	
	reallyupagain	10003	
	reallyupagain85	9500	
	realmadrid	35108	
	realrainbowbear		25148
	realslimshady	20	
	realtimestrategy	11828	
	realwolffrom	31362	
	reaper1176	22617	
	reaper78	11711	
	reaper8901	39477	
	reaper_madness	14144	
	reapertom	4921	
	rear_window	14266	
	reasonable-doubt	1310	
	reb0rn		354180
	rebro	26699	
	receiver001	2064	
	recettedeouf		25435
	recharge	8980	
	recon	11195	
	recondite	18648	
	red14	13758	
	red1here	27949	
	red_dynasty	28305	
	red_toad	4777	
	redallover	30266	
	redand	7233	
	redandwhite81	19272	
	redberet	9664	
	redbit	20867	
	redbubble	11721	
	redbullkangaroo	19717	
	redbullman	28378	
	redcarbon	1808	
	redcarpet	17056	
	redcorn	13845	
	reddawn1984	29389	
	reddos	5883	
	reddragon1	10235	
	reddragon51	39670	
	redeval6	4075	
	redeyeditguy	14014	
	redfern	17679	
	redfoot	3934	
	redfred89	27890	
	redgummybear	5796	
	redhat	5919	
	redhotrockerbabe	36549	
	redi	31739	
	redimper	4149	
	redirected	26911	
	redj	5269	
	redjohn324	23986	
	redlaptop123	8467	
	redlion33	11255	
	redlogos	535	
	redloopy	18432	
	redman2000	5571	
	redmistcool	15593	
	redmurcery	16458	
	redoverall	24638	
	redrager	22543	
	redrexx	9372	
	redrocket	13099	
	redrooster1776	18014	
	redrum321	37678	
	redscorbion	15750	
	redskylor	35598	
	redsnake	19474	
	redson354	24874	
	redtar	7606	
	redtv	4916	
	redwhiteblue	17933	
	redwhopper	22925	
	redwinewarrior	10352	
	redwood	14564	
	redwoodohgee	21687	
	redwoodx	3906	
	redz69	29163	
	reef	12930	
	reef2	13644	
	reeference	12294	
	reefermadnesss1	28327	
	reekerB	34125	
	reel2reel	32142	
	reelwananigga	22235	
	reelwolf666	36722	
	reeseman44	12197	
	reeses	18046	
	reevo12	726	
	reffer1	21842	
	refundsmth	33920	
	regg100	13178	
	reggaeshark	16246	
	reggz	9640	
	register1	12175	
	register11	21430	
	registermeme	1790	
	registr0ne	38407	
	registrar	1301	
	regularcitizen	11160	
	reichst0rm	18413	
	reiji	1687	
	reindeerpiki	4085	
	reissjones537	23354	
	reject9	18721	
	rekies1991	28157	
	reklezzworld	36087	
	rektbianon	29299	
	relaskto	3778	
	relax888	2377	
	relentle55	12426	
	relentless		22539
	relentless1	33394	
	reliable	30227	
	relish	5867	
	rello77	23317	
	reload1129	5842	
	reloadme	2657	
	remel2013	30485	
	rememberremember	3649	
	remets	21624	
	remo123	21164	
	remotecontrol4	30662	
	renandstimpy	19240	
	renandzoe	39805	
	rendi2a	477	
	rendor	11262	
	rene101	375	
	renegaderunner	3799	
	renneo1991	10812	
	renzie	2456	
	reputable38	13737	
	resarcheperson	10713	
	resdo99	19953	
	resealed	32777	
	reseller	9378	
	reshipNL	10170	
	residentneil	6615	
	restinrdp	5493	
	resuba2	15205	
	retailone	13682	
	retard43	33433	
	retarded111	29867	
	retardedcat	38832	
	retread	19054	
	retributionxyz1	2434	
	retriever	685	
	retroprd	8234	
	retry	23707	
	returned	22886	
	reubadoob	29660	
	rev-angeldust	5519	
	rev-not-ev	33219	
	rev1634	3356	
	rev969	31617	
	revenge	7355	
	reverend	16418	
	reverser2014		29835
	reviewmaster007	32964	
	revoguy1812	5606	
	revok89	10105	
	revoltu	14115	
	revolvinglight	12875	
	revv	1685	
	rewa_66	18789	
	rewepewe	31086	
	rexdawlins	9060	
	rexi0394	21210	
	rexile	8713	
	rexona4men	31937	
	reyehjt4	9984	
	reynold100	22246	
	rezaa	29855	
	rfvcde	8306	
	rgal53	3083	
	rgrath	6947	
	rhapsody42	16359	
	rhcpforlife	2569	
	rhes	6249	
	rhinohorns	39156	
	rhombuspants	39603	
	rhproject	7462	
	rhubarbcity2	34136	
	riandorps	12033	
	ribb	31921	
	ric267	16520	
	ricardo	8203	
	ricardo-cranium	37565	
	ricardo666	21168	
	ricci11	9469	
	ricci81	14344	
	rich13	14165	
	rich77	2785	
	richard770	36993	
	richardcore	4036	
	richardson_mex	7836	
	richatton	17314	
	richbitch	30750	
	richbosslife	29864	
	richboy	5603	
	richee13598	3996	
	richeee13598	9067	
	richhomiegrime	37140	
	richiatutto	1934	
	richlyf	39838	
	richrichard		27898
	richs14	2318	
	richtilt	8523	
	richward	17619	
	richyricardo	22139	
	richyrich	4682	
	richyrich1017	4392	
	rickbob66	23408	
	rickdale	2028	
	rickdub2011	30413	
	ricke17	13355	
	rickhunter	8705	
	rickjames9	23823	
	rickjamesbaby	8679	
	ricklghs	5469	
	rickm	6080	
	rickoshay	21113	
	rickrozay	1659	
	rickscafe	8610	
	rickybobby	1762	
	rickygervais	29600	
	rickyjames	30430	
	rickymartin72	4452	
	rickyparva	32193	
	rickypickles	2103	
	rickyred	12158	
	rickyson28	10871	
	rickysr	26295	
	ricobr	6658	
	ricodevil	10798	
	ricomitch2	19928	
	rics452	31876	
	rid3r	1764	
	ridehard	28405	
	rideon51	7801	
	rider424	3718	
	ridzz	21504	
	rifkindian	9452	
	rifraf	18096	
	rifter	8688	
	riftsylvan	38303	
	riggiesb	35412	
	rightback	8930	
	righteousn0s	5564	
	rihanna	22813	
	rik3	11327	
	rikibobi	1966	
	rikimaru94	28180	
	riko130	6294	
	riley3	182	
	rileyfreeman	8325	
	rincewind	12585	
	rinengan		212120
	ring-sting	11306	
	ringodingo	37336	
	ringtone	14005	
	rintintin	22253	
	riot1	12006	
	ripcurldog	34091	
	ripefreeflyAgora	2921	
	ripper315	24548	
	rischiatutto	1931	
	risen	3330	
	riseup	35378	
	risky64	30141	
	ristastic	26382	
	risto23	15818	
	rit1	27387	
	ritekuma	4185	
	ritex		17326
	riverrockstar	7317	
	rizla	2737	
	rizlanting	23973	
	rj2763	8097	
	rkantan	13022	
	rkeli	32803	
	rkit223	12564	
	rkx45295	8452	
	rm2x	23628	
	rmgmulla	34035	
	rmillz32	34331	
	rmoffat	6636	
	rmur3ftiz14	19349	
	rnc2015	37449	
	roachkilla6997		200924
	road_warrior	21095	
	roadsign	35349	
	roadway12	2679	
	roadwork	7163	
	roamphree	7928	
	roataderezerva	7802	
	rob3toobs	7967	
	robbedbyLL	14408	
	robber6	11349	
	robber8	9948	
	robbiebubble	1662	
	robbinhood	6773	
	robbybobby	8368	
	robert20144	10053	
	robert_hacker	27876	
	robertdowney123	35457	
	robertduval	37999	
	roberto77	21	
	robertthompson86	5873	
	robfish	28722	
	robijn	12500	
	robinevans	24039	
	robinhoodmsia	11676	
	robinisthesecond	12926	
	robinwilliams	11571	
	robop	4505	
	robopes	22008	
	robotdevil	31302	
	robotmask	26723	
	robotrippin	26655	
	robotripz	35954	
	robotrooster	25110	
	robotttt	3215	
	robotwars	790	
	robtom	18087	
	robust	37764	
	rocco171	22539	
	rocco82	30257	
	rochecrin	6640	
	rockandroll	9626	
	rockbottomout	10593	
	rockemsockem45	9616	
	rocket33	19293	
	rocketero	19147	
	rocketship	13714	
	rockies	27116	
	rockinoxyz	24532	
	rockmercury	7331	
	rocko	25563	
	rocko4eva	9362	
	rocksricky	20147	
	rockstar35UK		8756
	rockstarfrommars	35119	
	rocky0987	1528	
	rocky1980	21261	
	rocky300	11813	
	rockyb63	23079	
	rockyjohnson	2080	
	rockyroll	11278	
	rockytheitalian	2929	
	roctrades	6376	
	rodriiguo	32473	
	rodstewart	6067	
	rofl1337	10660	
	roflox	2858	
	roger23	13864	
	roger51	29397	
	rogerrogerroger	39797	
	rogers	6756	
	rogersbill	26472	
	rogerthatdude	18370	
	rogerwilson	10958	
	rogroup	13375	
	rokobaroko25	4151	
	rokshis	31131	
	roktopus	12766	
	rokuhf	10157	
	rokuroku	20696	
	roland1100	35758	
	roleyboy2014	6459	
	rollin9s	25855	
	rolling101	35780	
	rolling102	35817	
	rollingdice	12262	
	rollinggoodtime	25718	
	rollingrock1	10795	
	rollone	9781	
	rollsohard	39647	
	romans	26763	
	romeisburning	23213	
	romeo1	32164	
	romeo_dunnn	13419	
	romjulal03	2608	
	rompelstomps	26720	
	rompeprop	26744	
	ronaksmartx	24257	
	ronaldo200		49012
	ronaldo7	1388	
	ronaldo77	3057	
	ronaldocr7	17752	
	rondell14	10288	
	rondonumbanine	19266	
	rondoron	19512	
	roniemofit	22532	
	ronindex	12378	
	ronniemac	11522	
	ronnymoffit	9782	
	ronnyzz	6293	
	ronpeppy	6864	
	ronstaq	12604	
	ronymous	20706	
	ronys5	3219	
	rookery	36569	
	roonis	19944	
	roorider92	3638	
	rootrules	8512	
	roro979	19030	
	rorton	26134	
	rosario	37363	
	rossi46	14176	
	rossulbricht	1997	
	rosticojam	27562	
	rotax23	21038	
	rotbringer	38248	
	roterjkler	7559	
	rothman	12221	
	rotten	30818	
	rottingplane	23657	
	route66	2581	
	roverny	17256	
	roverseye	15615	
	roxxxi	10924	
	roxyredlight	12920	
	roycontra123	9737	
	royke	8176	
	roymon	6197	
	rozang	25621	
	rq2thor	5388	
	rredrumm	10067	
	rrvax	71	
	rs3boy	34772	
	rshackleford	19248	
	rsl007	14389	
	rslt	18001	
	rsorder	33805	
	rsvpn	17908	
	rtbarms	8689	
	rtownshend	38541	
	rubberduckie	8493	
	rubberjesus	11324	
	rubberlegs9	29379	
	rubicon	1391	
	rubicon123	8031	
	rubidiumking	18235	
	rubila	8245	
	ruby12345	25018	
	rubypeelg5	27256	
	rucksack424	16812	
	ruckus2014	13435	
	ruckusman	37785	
	rudy	4655	
	rufasduke	1015	
	ruga33	3572	
	rugak	23922	
	rugbyboy1	32298	
	rugmugdug	15910	
	rumbeer	20818	
	rumbletum	21640	
	rume	22706	
	rumrunner	3713	
	runalesna	27564	
	rundowncard45	2333	
	runecoin	6647	
	runescape	22850	
	runfrostrun	24670	
	runicchip	36114	
	runman1	3962	
	runnerrabbit	8230	
	runningbatty	19966	
	runtimeError	13791	
	runzi	22455	
	rush456	26883	
	rushxx	9358	
	rusk0349	7322	
	ruski87	15103	
	ruskie9988	39601	
	ruslanoffsky	19466	
	ruso	1024	
	russel95	5421	
	russkiy		18237
	rusty007ss	10221	
	rusty666	8948	
	rustyzinc	31934	
	rutendo	7845	
	ruthgoldberg	596	
	rutur	18911	
	ruug	3489	
	ruvousy	14193	
	ruzty	11395	
	rvcaps	13935	
	rvlord	30734	
	rweriouwoj	12455	
	rwz77	16820	
	rxdoc		367024
	rxgracias	32662	
	rxman		100532
	ry3caramel	18772	
	ryandes10	19703	
	ryanlebogosse	3172	
	ryanoreily	15402	
	ryanreynolds	38751	
	ryansmith	9683	
	ryansmith1	10381	
	rydefx	25299	
	rydiggle	9106	
	ryhpez111	3992	
	rynkiggurka	39839	
	ryogasan1	15968	
	ryokan	2720	
	ryoukii	24805	
	ryzla	30817	
	ryzo	3349	
	s-rabbit	11435	
	s0nny14	11848	
	s0ulfire	34689	
	s13188287	35651	
	s1337	23379	
	s1337z	28892	
	s1ckb0y	36679	
	s1ckyyyy	10040	
	s1kanonymous	22131	
	s1st3mtheory	36838	
	s1st3muniverse	20014	
	s3ksolo	14232	
	s3o_s3o	28004	
	s3ph1r0th	2888	
	s3ss1on	37538	
	s4t1r0s	5890	
	s5monica	29481	
	s700	12155	
	s763	7246	
	s7w7reloaded	11340	
	sAv3-0n		407005
	sBm1ldjzKr	25036	
	sKLSjuan	9860	
	sNoWDOFC	22418	
	sQepta	36563	
	sSutin	38397	
	saadmdma	28486	
	saaga	24337	
	saba9721	38778	
	sabbere	12414	
	sabi	3251	
	sabotage72		5204
	sacagawea	31987	
	sacanas007	8510	
	sacha_39	36417	
	sacrilege420	28362	
	sadahaq	34558	
	saddam96	28181	
	saddlemasterslim	3666	
	sadman	39843	
	sadway	35090	
	safarisurfer	38064	
	safaya	31782	
	safeaddy	7685	
	safedealer88	1090	
	safegenius777	30719	
	safetythird	14088	
	sagebeing	24539	
	sagedude3000	13293	
	sagokain	28424	
	sagrotan	37510	
	saguilan	14376	
	sahalmoon	33510	
	saheedyakubu006	4020	
	sailboat	2934	
	sailorsteve	21996	
	sailsofcharon	18753	
	saimin	36889	
	saintmichael	14577	
	saintongeman	32890	
	saintrunner	4455	
	saintsrow1200	20587	
	sainx	6854	
	saitorul	12074	
	sakal	3868	
	sakldnfns	32090	
	sakura	6538	
	sakya	38088	
	saladonion	37829	
	salamalejkum		197399
	salami	24007	
	salamon	13452	
	salaxmi	24961	
	saleboy	22586	
	salgeo	29031	
	salgr	31967	
	saliery	4873	
	sallara	22289	
	sallyw	29278	
	salman321	10176	
	salmanw	954	
	salmo04	2630	
	salt	2790	
	saltedjoker	21441	
	sam2201	36012	
	samba11	8716	
	sambaca11	20198	
	sambba737	19971	
	samboroy	12177	
	sambucatus	11124	
	samchan	14285	
	samcolt12	23489	
	samdewa		23292
	samdewa2	12703	
	samdidsing	22161	
	samena	20583	
	samflax	17690	
	samgoes4ham	2176	
	samibenomron	10362	
	samicar	4589	
	samillasin	31575	
	samirtrade	9310	
	samizere3131	32289	
	sammcl	10124	
	sammidges1983	33179	
	sammis0sa	10434	
	sammy23	26663	
	sammygarf	11388	
	sammyswift	10522	
	sampak	3231	
	samsara	7593	
	samson33	11536	
	samsuffy2b	30878	
	samsung300	16650	
	samsung789	4864	
	samsunggalaxys4	11605	
	samsungpowder	31451	
	samsungs5	12023	
	samswagger	9000	
	samtulp6	12671	
	samuel23	13170	
	samuelB	29325	
	samueldiribey	13749	
	samuraiblade	21520	
	samuraiprint	429	
	samus1	22421	
	samweis	4043	
	samwkd1	13244	
	samy06	19459	
	samyweb	36318	
	samz22	17915	
	sanatorium	20091	
	sanax	9262	
	sanction	5340	
	sandcastle	5128	
	sandcastled	13098	
	sanderson	6842	
	sandimas85	21343	
	sandindesert	24683	
	sandland	18793	
	sandman11	10784	
	sandmannx	2166	
	sandmetal	752	
	sandor_kolar	35939	
	sandradee	6194	
	sandrokan		35247
	sandycheeks	39834	
	sandzeens	20495	
	sanet	23080	
	sangoku11	9083	
	sanitor	28961	
	sanj5799	37270	
	sankar	6821	
	sankey1	10921	
	sanktum	33259	
	sanoramia	4529	
	sanrio	23674	
	sanssoleil	11186	
	santabanta4u	2970	
	santaclaus6	22221	
	santahoho	33428	
	santaklaus88	27990	
	santamaria	12947	
	santamonica77	36430	
	santiago2	6215	
	santiagogloria	23594	
	santiagotruman	5309	
	santiml15	6585	
	santo9	9180	
	sanya76	8875	
	sanyo		334080
	saoirse200	23832	
	saphire	9299	
	sapsucker	26251	
	sarahlee	1438	
	saraswati	23210	
	sarmalute	22040	
	saro	6958	
	sasha84	10507	
	sasharing	3121	
	sashathecat	9082	
	sasquash	10937	
	sassle	20264	
	sassquez	27770	
	sassycat22	18778	
	sasukkiasfintere	20531	
	satan005883	12614	
	satandelivers	13076	
	satans666	10545	
	satch4321	32737	
	sathan888	24883	
	satman	3654	
	satmanuk	3005	
	satoshi	595	
	satoshitwice	12960	
	satrapa	7877	
	saturn		156786
	saubeidl	25000	
	sauber24	13767	
	saubermark	25079	
	saucealger	28087	
	saucepacket	9930	
	saucyentree	9518	
	saulavvo	1823	
	sauroman345	4737	
	sausageparty	33483	
	sausages	4623	
	savagebasher	6753	
	savelibero-evo	11087	
	savemore233	31255	
	savetheday031	36003	
	saveyourbreath	27071	
	savinggrace	25898	
	savino001	20890	
	savleee	32110	
	sawilliams	7475	
	saxasalt	17997	
	sayheoo9	4102	
	sayyywhat	38319	
	sazon	27003	
	sb23	1491	
	sbaker	7178	
	sbao	14204	
	sbdmsc	35612	
	sbk420	3946	
	sblefgo	36184	
	sbubu	39531	
	sc0n	4786	
	sc485	639	
	scamexposer	24549	
	scammerpolice	29499	
	scanertctc	10685	
	scanertctc1982	2447	
	scannerdark	9478	
	scarco	37972	
	scarecrows	29860	
	scarface3	2997	
	scarfaced1122	4290	
	scarfacee	5449	
	scarlett1		307994
	scarletwinter	875	
	scatter	9260	
	scatterbrains	11770	
	scatterheid	30942	
	scatyoulater	1937	
	scazorla	10717	
	scene	16923	
	schafer	2054	
	schetser007	10863	
	scheva85	9366	
	schmell_gude	855	
	schmohawk	32985	
	schmurda	11303	
	schnappi1958	23155	
	schnipples	36074	
	schnitzel_karl	12560	
	schoolboyr	24774	
	schpritnutz	6177	
	schwartzer		25584
	schwarzenegger	2279	
	schwarzer	3758	
	schwarzy54526	34177	
	schweinsteiger	19236	
	schwug	1637	
	scon	9144	
	scooby69	34252	
	scoobydoo0789	37274	
	scoobydoobydoob	27555	
	scoobydude	13590	
	scoop08	32336	
	scoots	8519	
	scootscoot	24450	
	scopoline	14630	
	scopqa	30637	
	scorch	4861	
	scorcher5000	4617	
	scorpiatje12	11525	
	scorpio54	5876	
	scorpions69	78	
	scotchtapenapalm	21336	
	scotchy_dwarf	7881	
	scotgaz	24559	
	scoti1200	16925	
	scotman2020	28230	
	scotnova	1813	
	scotsman	30774	
	scotsman93	38715	
	scott805	29669	
	scott_b	21847	
	scottishcunt	32021	
	scottmescudi123	8659	
	scottmke	23799	
	scottsal	27798	
	scottsmcm	12906	
	scotty1278	16635	
	scouseboy	24437	
	scouser79	6410	
	scraggle000	24650	
	scragglenet	18073	
	scramblecrossing	33652	
	scrapbookbill	30352	
	scrappy123	4644	
	scrappycoco	8552	
	scrappyd1	3228	
	scratchpad	30142	
	scream26	26853	
	screamy	7838	
	screen_fiend	22502	
	screwlife	27517	
	screwsloose01	14972	
	scribles	8724	
	script0r	3954	
	scriptinator29	33755	
	scriptkidy	6794	
	scruffbagcoco	19601	
	scrufffe	7411	
	scruffle	21792	
	scrunchy	18215	
	scscsc	21688	
	scsheavysmoker	12725	
	scsscs	14155	
	scumbagsteve	35710	
	scurred	20386	
	scuvycat	3085	
	scyn	34909	
	scythe	22	
	sd1904	20919	
	sdFizz	1055	
	sdfkjh54	5443	
	sdgiughu	26648	
	sdk123	38499	
	sdk_mai	7805	
	sdoods	18389	
	sdsdisf98	8405	
	sdwxewxfxfrfr	31225	
	se5vvc22	9665	
	seabass1022	38325	
	seadawg	19508	
	seadragon	10530	
	seagates	7776	
	seamaster	848	
	sean2991	19057	
	seancarder2014	28037	
	seandonovan	20770	
	seanjean3	14921	
	seanperry78	5616	
	seanpower	8337	
	seany145	9133	
	seaotter	32938	
	searchingbtc	34561	
	seastar	19520	
	seatbeltman1	30073	
	sebastian01	35400	
	sebastien1957	37795	
	seciIon		3540
	secilon-lokstarr		7414
	secoat	36059	
	secondCHANCE	16437	
	secondlife	18184	
	secondstorywidow	12775	
	secret_shopper	4204	
	secretjohn27	16692	
	secretsoc1	22334	
	secretsquirell	6889	
	secretstag	16956	
	secretwork	22479	
	secti0n	25089	
	security007	2939	
	securq	10632	
	sedtrfyg	8087	
	see1111	10146	
	seebum	582	
	seedsoflove	39061	
	seedsundsteckl	33606	
	seekingasylum	7694	
	seekingcasper	37619	
	seeme1239	21631	
	seether	1299	
	seeya	7138	
	seeyouentea	9329	
	sefar31	13912	
	sefayalcin	1337	
	seffbkt	29912	
	sefiro19	29167	
	segasega	29893	
	segvec1	628	
	segy	5628	
	seisportres	3431	
	seizethemoment	18833	
	seizthemoment	32247	
	sekte09	34161	
	selaone	6567	
	selenagomez	18525	
	selene_styx	7943	
	seleniumbusiness		157138
	selfmedicator	6895	
	selfraising	39476	
	sellmedrugs	33864	
	sellmegoodweed	36235	
	sellmestuff	8351	
	sellsmaster		14918
	sellywan	35450	
	selotape	8150	
	selter	10263	
	semanticG	7674	
	semaphoreAU	21583	
	sempak96	29250	
	sempiternalvibe	35392	
	sendam	4019	
	sendmedeadflower	35333	
	sendzz	9963	
	senecaid	3277	
	senile	395	
	senjougahara	31819	
	sensaiy36	6232	
	sensak	28166	
	sensations	39789	
	sense0matic	5024	
	sensi8	8163	
	sensiaddict	14279	
	sensistar	39155	
	sentaway123456	33034	
	sentient	289	
	sentientmcrib	9844	
	seoguerra	8527	
	seppl4x	1588	
	sepponi	21194	
	seppu	10050	
	sepsis	32792	
	septone	6952	
	ser1337	16290	
	serbianballack	31569	
	seren	6478	
	serenity25	31580	
	serge6647	12552	
	sergei1	13461	
	sergeois	30555	
	sergeyvitaly	13926	
	sergueiserguei	14742	
	seriousmatters	20026	
	seriousred	15135	
	seriousteam		14287
	seriousworker	14060	
	serotoninsyndrom	33514	
	serv_worm	38947	
	servadio	33210	
	serviceyescards	37267	
	seth1	6022	
	seth14	12360	
	sethzielinski	24144	
	setrix	11715	
	settladue	23909	
	seusssox	4664	
	sevenson13	38264	
	sevensoul	24529	
	seventhheaven77	11624	
	severall90	5184	
	severegdd	21871	
	severin		31285
	severnaya	8433	
	sexcroute	37769	
	sexonfire	12959	
	sexperience	4407	
	sexyirishgirl	22833	
	sexypanda		36829
	sexysmacker	5745	
	sexyufo	10653	
	sf49	18510	
	sfqd4z	24247	
	sgtblackbuzz	36575	
	sgtreznov	6322	
	sguardian	2031	
	sguys	10749	
	sh-tee	1895	
	sh00sh	4131	
	sh3llsh0ck	1168	
	sh8252	25609	
	sha257	9833	
	shacklez	33245	
	shadoWZ	11249	
	shadow101	7088	
	shadow239		2672
	shadowdoxy	4487	
	shadowfeind	53	
	shadowfist	39142	
	shadowmaster	19922	
	shadownin	1563	
	shadowwalker	1499	
	shadowy	11478	
	shadybob	18450	
	shadyfoxyx	33955	
	shadygrower	35996	
	shagggy	27443	
	shaggy777	23526	
	shaggyy	4237	
	shagmaster69	10482	
	shagstar	28646	
	shah	24706	
	shaihulud	13377	
	shaireurs	31927	
	shak6pak	7648	
	shakeNbake987	19063	
	shakedownstreet	18068	
	shakeitmonkey	2478	
	shaker	20409	
	shakespeare	20569	
	shaktimap	11233	
	shamadhi	16556	
	shaman23	26276	
	shamanblue	25628	
	shamaniccolonic	12656	
	shambala	2861	
	shamic83150	35763	
	shamomo	1690	
	shanecooler	26698	
	shangkhang	28693	
	shankfreesome	7337	
	shaolinmasteral	24320	
	shar41be	31533	
	sharded	20972	
	sharealot	106	
	shared	2943	
	sharingsekhar		170573
	shark	257	
	sharkbeans	23135	
	sharkhaze	15734	
	sharky786	24682	
	sharpasfuk	34830	
	sharpfish0	31427	
	sharuken	9462	
	shashimartell	19452	
	shawngarant	20251	
	shayz45	6743	
	shbresgh43y43	21240	
	shedow-shedow	6269	
	shedrik	5577	
	sheepleswag	28571	
	sheetrock777	32228	
	shega11	26076	
	sheila789	5884	
	shelbypurple	26291	
	sheldon90	9021	
	shelob	35382	
	sheman14	4824	
	sheraz2	10156	
	sherydan	10356	
	sheshowedmemy	23734	
	shhhh_evo		12747
	shiftctrl	14069	
	shiftyeyes	3416	
	shikamaru	31394	
	shillll1995	37054	
	shilllll1995	37148	
	shimomura	15808	
	shinealight	27977	
	shingekiaot	25182	
	shingleshark	2865	
	shini	10612	
	shininglotus	8988	
	shinjuku	30700	
	shino582	11413	
	shiny	11341	
	shinyus	36296	
	shiroikuma	18765	
	shishkabobie	3179	
	shishkeb	26029	
	shit890	3792	
	shitbird	10030	
	shitcandle	14332	
	shitheads	10789	
	shitscrayyo	6551	
	shitsipper2013	3685	
	shittyfattits	9701	
	shiv	7306	
	shiva051	22882	
	shiva123456	23459	
	shivaji	34405	
	shivas123	31715	
	shivashiva	6578	
	shivavishnou	12680	
	shiy977	6190	
	shiz	16444	
	shizbe	12133	
	shjksdf	11058	
	shjshj	23916	
	shlz	29080	
	shmoneyman	14604	
	shmooker	17431	
	sho1	10845	
	shock	24904	
	shockinglycrisp	6762	
	shockwaves	13330	
	shogun0	975	
	shogun98	10774	
	shojon	10324	
	shooter27	17394	
	shopIIgo		382800
	shopaholic	8043	
	shopper1888	7971	
	shopperman	36715	
	shopsmart	35739	
	shortcut123	35322	
	shortieinc	27480	
	shortjosh	39021	
	shortland	9314	
	shortlandstr33t	9312	
	shortlandstreet	9309	
	shortstack	12668	
	shosh11	5508	
	shotek	2112	
	shotti161	18054	
	showme	2863	
	shponglefalls	37342	
	shreddit	7859	
	shreddit5	2438	
	shredme	39203	
	shrek	2040	
	shrimpnfries		368889
	shrinktubee	30569	
	shroomatic	20319	
	shroomduck88	10258	
	shroomhunter718	9129	
	shroomies	15228	
	shroomlandman	20935	
	shrouded	33256	
	shshl6al90h	36186	
	shuga419	21047	
	shuglinking	11434	
	shuhel8	4572	
	shuriken	36349	
	shutdown40	28130	
	shylock	866	
	shylock_11	18706	
	shytown7886	27153	
	siamesecat	20906	
	sicccuia	27775	
	sick-boi	962	
	sickcarthy	19655	
	sickestsquad	32728	
	sickrev	29967	
	sicksosick	5345	
	siddhartha	38099	
	sidewinder303	38583	
	sier		17517
	sierra11	6366	
	sigfig		375384
	sigisservices	6626	
	sigmaphi	4717	
	signerbrother	31823	
	signurinu	8888	
	sikgeek	13914	
	sikora	5686	
	sikunt007	35560	
	sil3nt88	10502	
	silent080808	32016	
	silent395	10581	
	silentbang	1461	
	silentium	2038	
	silentpartner	29219	
	silhouette	19221	
	silke	22897	
	silkgirl	32810	
	silkiro	25527	
	silkroad	13498	
	silkroadisdead	21517	
	silkroadreload	30747	
	silky1901	7929	
	silkymrsilk	3593	
	silkysmoove	35878	
	sillyclockface	13633	
	sillyrabbit77	3860	
	sillysally	30654	
	sillystringsam	11126	
	sillysusie	32058	
	silv3surfer	28967	
	silverapples-SR		24809
	silverbirch1	23758	
	silverfox1945	11099	
	silvergold23	29039	
	silverhaze	8654	
	silverliquid	17536	
	silverwrx	28208	
	silvi0berlusc0ni	6708	
	silvioberlusconi	12688	
	simonboal	28819	
	simonbonjour	10154	
	simone84	26992	
	simonlabond		5808
	simonn27	5055	
	simonsaysso	15155	
	simotor	4472	
	simpledude1		161085
	simplefuck	5870	
	simplicity	5198	
	simps0n	5531	
	sims1	16207	
	simulacrum	10636	
	simurgh		156826
	sinax	4994	
	sincityghost	4704	
	sinclair	24422	
	sineculpa	24296	
	sinesine	27061	
	sinful_peace	3232	
	singh	24051	
	singular	1380	
	sinisa	20391	
	sinister93	13913	
	sinmantky	20861	
	sinne	8115	
	sinner	12487	
	sinnersoul	14368	
	sinordos	302	
	sinple	14364	
	sinsauce		32694
	sinsofa	31602	
	sintyworld		34628
	sinz	268	
	sirakus	37365	
	sirchade	32867	
	sirdexalot	13068	
	sirerich	7609	
	sirgambino	6305	
	sirgus12	20730	
	sirnoble		37395
	sirpatstew	9650	
	sirpigglystern	25179	
	sirpiggysternIII	28276	
	sirrabocse	37633	
	sirron58	33346	
	sirsirius	2402	
	siseller	2574	
	sisingstar	18409	
	sisme	29279	
	sistersaysh111	24803	
	sisyphus	5832	
	siteman70	13541	
	sitra11ahra	4418	
	sixbutton	14340	
	sixhundredth	39609	
	sixteen_chars	28749	
	sizzler	23851	
	sjdankr	8026	
	sjj842	3599	
	sjk1	10770	
	sjmmc4132	4808	
	sjulio	2849	
	sk09814	2252	
	sk3959	11809	
	sk3lt3r	10826	
	sk8er	7495	
	sk8erdude	18224	
	skaface	15074	
	skandalouz	4722	
	skankinpickle101	6677	
	skarheavy	7844	
	skaterboy2423	28516	
	skbdl	22181	
	skcnt	28503	
	skeeter17	23353	
	skeletormx	9688	
	skepta786	24134	
	sketchywatson	28209	
	skewed	29882	
	skibum	6392	
	skidz0rz	35189	
	skifsboogie	20376	
	skiing	26120	
	skilah	7087	
	skim_milk	929	
	skinnyElephant	36116	
	skinny_a	8615	
	skinnyniggas	378	
	skintman	1524	
	skipper-a	26804	
	skipscup	3140	
	skipstaa	1599	
	skiptomylou	24137	
	skism	8620	
	skittles	15368	
	skles	4447	
	skmkak	15558	
	sknik	15757	
	sknott	35159	
	skol	12419	
	skoobydew	39830	
	skosh	34146	
	skozzy	16884	
	skratchmaster	5488	
	skrill	2772	
	skrill66	11619	
	skrillet	6014	
	skruf97	26402	
	skruuf772	24802	
	skull1	11432	
	skunk	14780	
	skunkrecords	18088	
	skunky1982	37609	
	skunkystuff	30635	
	skuz	5748	
	sky12	1416	
	sky2199	14091	
	sky573	4742	
	sky88	1575	
	skybri	793	
	skyevo	23254	
	skyfall	11887	
	skyhigh	2129	
	skyline88	9253	
	skynet7	2419	
	skynet97	4031	
	skyrim2014	20394	
	skyscrape	34622	
	skyshitter	14290	
	skysports	9300	
	skytrainwand	30191	
	sl4ught3rclown	3845	
	slackline	3914	
	slamdunk	15631	
	slamm	30714	
	slampigking	15297	
	slanted	8943	
	slapDick	4341	
	slappy	10866	
	slappyjoe	12572	
	slapshot	2227	
	slapstick84	9179	
	slash02	7626	
	slash3r	12433	
	slavemastadoc	388	
	slayer1969	30344	
	slayer_202020	13493	
	sleazy	22823	
	sledgehammeratm	1127	
	slee	9275	
	sleekit	12182	
	sleepadelic	8094	
	sleeptight	19163	
	sleepwalker	7401	
	sleerk	24554	
	sleetywarrior	17966	
	sliceofpie125	2941	
	slickdude101	19179	
	slicksps	38722	
	slickyjoules	33607	
	slide567	8929	
	slightlystoopid	32649	
	slimecado	717	
	slimfrog	19769	
	slimmmm	34564	
	slimmyding	24810	
	slimshady187	33555	
	slimshadylp		4057
	slipknot666	39017	
	slipperyiam	12569	
	slipperyseal	4064	
	slipperysid77	19635	
	slippyd	35978	
	slirp	2805	
	slis	29193	
	slither	9728	
	slkhkk		17290
	sloanespaul	33075	
	sloath	5693	
	sloshit69	17669	
	sloth74	5169	
	slots	1515	
	slowbiznobiz	15695	
	slowcured	38867	
	slowdave	6028	
	slowdave2	11810	
	slowdave3	17582	
	slowdeath666	2455	
	slr222222	23127	
	slugger1234	30158	
	slugpocket	19416	
	slummin	11793	
	slupillar	4368	
	slx33	8342	
	slyares	13302	
	slybootz	7277	
	slydude123	31603	
	slyguy5	25949	
	slypo	7581	
	slyrossi1919	11043	
	sm0ker1	20743	
	sm0ki3th3dr0	38053	
	sm4shed	3791	
	smackalicious	32760	
	smackem	27428	
	smacklawd	22134	
	smacksalad	12617	
	smacksales	29045	
	smallAmountsOnly	25414	
	smallcat	16694	
	smallchange	14611	
	smallfry	31388	
	smallmouse	29868	
	smalls126	14970	
	smallvilleboy	11969	
	smart1es	15282	
	smartMan		187024
	smartic	10251	
	smartlads	17160	
	smartmadness	7195	
	smarty82	30086	
	smashmachine	21983	
	smashy	3392	
	smaugthedragon	28148	
	smear	1215	
	smeh3	38695	
	smellingeggs	5858	
	smellmyfinger	5854	
	smellyearwax	37653	
	smellyermaw	15903	
	smexpert		26933
	smidgedab	23673	
	smiler	27902	
	smiles101strong	13176	
	smilesallround		108264
	smilingsunshine	10873	
	sminter	2850	
	smirn0ff	12678	
	smith2357	601	
	smithkline	17308	
	smithpea	10180	
	smithwick	21325	
	smitty55	32117	
	smkweedeverday	24078	
	smocker66	837	
	smok3r	28342	
	smoke147	12773	
	smokealote	28929	
	smokeandrive	6851	
	smokejumper	7150	
	smokepot	29584	
	smokespot	1167	
	smokethatbud12	36440	
	smokey2k8	21890	
	smokey4355	18715	
	smokey8	37546	
	smokeydnb	6620	
	smokeyeskimo	1753	
	smokeygreen	25316	
	smokeymart		19261
	smokingchilli	24293	
	smokingking	13112	
	smoky	18317	
	smoocho1000	19263	
	smoothdawg	13671	
	smootheope8ter	11208	
	smoothness	8117	
	smoothparchment	13715	
	smozmo	10555	
	smsng88	10927	
	smuckss	5991	
	smuggling	32600	
	smuk	28035	
	smukke		622
	smurfbomb87	14267	
	smwexpert	13279	
	sn3akyp3t3	13770	
	snackjaw	12841	
	snacksonsnacks	15960	
	snafu	9266	
	snag	34131	
	snakepliskin81	10204	
	snakes	23665	
	snakey666	10698	
	snakeyez	20300	
	snapcracklepop		305548
	snaphack77	20749	
	snapps	23711	
	snarf	5175	
	snarf20	16489	
	snark	17110	
	snaxe	38440	
	snbvod	4517	
	sndcae	8126	
	sneakybugger	23106	
	sneakymate4870	9007	
	sneedum	11404	
	sneekybuyer	5098	
	sneider91	3570	
	snepek	3571	
	snetrfi	8863	
	snewt30	11152	
	snhlc	10936	
	snickerdoodle	23624	
	snicksnack	39266	
	sniffco	11150	
	sniffdoper4	31770	
	sniffpodSR		243730
	sniper2a	1075	
	snipman		305768
	snipsnap	12941	
	snitchkiller	6522	
	snitteren	9929	
	snmbuyer32	38988	
	snolex	13888	
	snookerman	19202	
	snoopdizzle2000	5934	
	snoopez	394	
	snoopturtle	34446	
	snoopy666	761	
	snoopy77	27690	
	snoopyblog	6139	
	snoopydog	25444	
	snooze	6808	
	snoppiklon	10537	
	snor1110	33339	
	snore810	37364	
	snoskiret	15030	
	snotaapii	34301	
	snow_white_agora		92185
	snowada		161697
	snowandcash	7134	
	snowblack	25502	
	snowblindwizard	5004	
	snowdevil299	38181	
	snowed_in	10570	
	snowflake12	26839	
	snowglobe	11565	
	snowguys12	10051	
	snowman1988	39396	
	snowmine	15796	
	snozzcumber	10064	
	snubnose430	32080	
	snugzr	36101	
	snx1	27492	
	snydermark	39703	
	soashman	13171	
	sobol		25311
	socalocal	15520	
	soccerbox4	14220	
	soccerkid2014	32286	
	social14	17937	
	social15	35470	
	socialbutterfly	30313	
	socialparana	5201	
	sockhead	28675	
	socony91	29641	
	socrate	7276	
	socrate30	21620	
	socrates395	25680	
	soda1	29902	
	soda3000	30192	
	sodguy13	7628	
	sodoux	23595	
	soft123	38801	
	softbank	7510	
	soggyfatchicks	12472	
	soja	10432	
	sokido		37974
	solantana	31368	
	solarquest	7451	
	soldatweed	37394	
	soldiviola2	3102	
	solearth	19365	
	solid999	35294	
	solidblack	12228	
	solidsnake	28394	
	solidus	9983	
	solidwater	9213	
	solight321	6082	
	sollaris	36596	
	solly3670	8851	
	sololol	36043	
	soloman	10825	
	solonav	5907	
	soloneli	23942	
	soloone	14210	
	somathey	13889	
	sombretoile	19874	
	someanyguy	31221	
	somebodyperfect	26272	
	somedude	17055	
	somedude123	36439	
	somedude29	16380	
	someguy	486	
	someguy007	12973	
	someguy9191		7399
	somenigger	5239	
	someone2	4608	
	someonerandom	547	
	somep1ace	24692	
	somethingforthew	2467	
	somethingstupid	14280	
	somethingweall	12890	
	somewhat89	5148	
	somiador	11453	
	somsta	18342	
	sonax30	5797	
	songoi	33376	
	songoku007	28945	
	sonic1	6468	
	sonic94	17555	
	sonicoo	1080	
	sonik4	13638	
	sonix1221	5048	
	sonnenkind23	39087	
	sonny101	30901	
	sonnyjim	5614	
	sonnymacaw	25364	
	sonnyvalenti	3261	
	sonofel	6161	
	sonofgloin	9204	
	sonofodin	5312	
	sonsofchemistry	29906	
	sopher	10741	
	soprano12	29573	
	sorasgaze	11975	
	sornostos	112	
	sorobrad187	5427	
	sosa		42567
	sosa187	1244	
	sosick	8039	
	soulblade	28880	
	souless	2369	
	soulgirl22	11151	
	soulrebel77	30108	
	soulscreame	11730	
	soultrader	4801	
	sound	33156	
	soundman	38697	
	soupnazi	2410	
	soupyonion1		15350
	souris	4178	
	southern		101122
	soxhlet	26392	
	soxxy	29791	
	soyme24	6770	
	sp0ngeb0b	528	
	sp1r1t69	13964	
	sp1ritual	18790	
	sp25	28644	
	spMrkX0	32774	
	spa2014	33794	
	space		80784
	spaceapache	6949	
	spacecookie	14093	
	spacecreature	3794	
	spacekid24	30625	
	spaceman2	26481	
	spaceman3	19301	
	spacemanstu	1114	
	spaceraccoon	33848	
	spaceranger11	10880	
	spaceshit	30131	
	spacevoyager	29678	
	spaceworx	16031	
	spaceycrazy	24965	
	spaciba	19674	
	spacke2	38632	
	spade24	5731	
	spain1936	10068	
	spainship	34050	
	spaltar	9113	
	spamering	2511	
	spamforspam	555	
	spammerhelp	36237	
	spamneggs	5241	
	spamuser	14199	
	span	37768	
	spangreen66	10874	
	spanishjose	10006	
	sparadra		38846
	sparciati6	25379	
	sparklingwhite	5330	
	sparkoid	13567	
	sparks	11307	
	spartacus82	9389	
	spartanlabsoz		106082
	sparty3133	5643	
	spauracchio	19680	
	spazbot	9334	
	spbbig	37259	
	speakerwire	23671	
	spearman45	12690	
	special	3303	
	special00	12434	
	specnaz	20505	
	spectator5	4646	
	spectraldream	17354	
	spectroscopy9	31873	
	speed12	13083	
	speed1505	30490	
	speedfreak15	3482	
	speedmeister	7164	
	speedpleez	10001	
	speedstacks99	31486	
	speedy69	35323	
	speedygonzales	950	
	speedysc	8294	
	speiu18	7251	
	spencerhill		8081
	spengle	28607	
	spexy	19627	
	sph3x	960	
	sphaboon	18978	
	sphex_123	39003	
	sphinx369	14082	
	spideresearch2	26611	
	spidergalaxy	19025	
	spiderjslym	16958	
	spiderman123456	32146	
	spidersmurf	34892	
	spideypants	8557	
	spike	4108	
	spilihp	8499	
	spillcarriagexx	13991	
	spinachandfeta	3789	
	spinachman	1472	
	spindoc	13197	
	spindoctor	33029	
	spingebab	11200	
	spinky11	27206	
	spinningdisc	24791	
	spiralstring	9428	
	spirax	8272	
	spirit123	3388	
	spiritanimal	3800	
	spirt123	1938	
	spitta31	26007	
	spiztk	17127	
	splang	21154	
	splash128	4052	
	splashanddash	31192	
	splinter7	3049	
	spn89	39208	
	spoan	27717	
	spondooli	33727	
	spongebob200	10340	
	spongebober	4919	
	spoodaman	27819	
	spooder	25973	
	spoodle	1546	
	spookywhistle	25240	
	spool	34628	
	spoonsfordays	25276	
	sporkman	14222	
	sporty75	34712	
	spotsanddots	13066	
	spratt	12431	
	spreadforbooey	12322	
	sprkvx	12712	
	sprodo99	24080	
	spromulo	21287	
	spudzu	6651	
	sputnik88	33157	
	spyder	8959	
	spyker	23178	
	spyker786	5501	
	sqlcraftaccount	4793	
	sqoatzlol	19391	
	squaregrouper	26997	
	squarepants	25341	
	squarepeg	11957	
	squareymcpaper	5176	
	squid267	2101	
	squid998	23682	
	squidly	10576	
	squilnox	8636	
	squirrelpoop	13916	
	squirts	16883	
	squishypig	8746	
	sqwikix	4045	
	sr-drugs	5878	
	sr_doug	34598	
	sramos	8775	
	srgr		41404
	sriracha	14776	
	sroundcardiorain	7234	
	srvman	11065	
	ssach	8299	
	ssamssam04	8931	
	sscarf	1027	
	ssenuy	19825	
	ssfatal	33754	
	ssjgoku4	20382	
	ssm22	14506	
	ssoup	26121	
	sspri2015	7441	
	ssss	2200	
	ssteve631		3345
	sstormz	10492	
	st0n3d	9576	
	st0rm	14468	
	st1f0rx	17787	
	stackon	15381	
	stackoverflow	39211	
	stacksonstacks	8200	
	staex	20822	
	staggerstan	24984	
	stahwmax	14913	
	stainlesssteel	1177	
	stairs	10748	
	stalinpub	6813	
	stalker1	4217	
	stalkerx	4211	
	stamer1	35136	
	stamppotomas	11783	
	stan3lyst3am3rs	35790	
	stanbic	28657	
	standardmedical	27017	
	standardprotocol	20608	
	stanjones	8936	
	stankyassmofo	6783	
	stanmck	34065	
	stanning2014	13564	
	stannis	36218	
	stanroose	39110	
	stapledrop	1392	
	star888	26196	
	starbucksguy	16949	
	starcalled	2935	
	stardust39		156034
	starduster	34636	
	starface	6704	
	starfight	9648	
	stari77	23484	
	starik123	16483	
	starohout	37563	
	starrystairs1970	22486	
	starsamongus	24586	
	starscream	10731	
	start2014	6239	
	starter	6531	
	startsomewhere	7237	
	starved4dss	4060	
	starwhal	3334	
	static14	9955	
	statoka	6212	
	statoun	8174	
	statusskater	9914	
	stay	6818	
	stealth2015	37740	
	stealth38	781	
	stealth562	780	
	stealthavenger	23439	
	stealthbomberUSA	36374	
	steam1	19837	
	steamore		151519
	steavv105	16498	
	steavvv105	16477	
	steeeve123	26519	
	steelseries2014	1734	
	steelseries46	24475	
	stefand		35402
	stefano2003	28217	
	steff82	8018	
	steffig	10648	
	steinberg123	12881	
	steinbokzep20	4672	
	stella2014	22528	
	stellaartois	2427	
	stempack6	6650	
	step5stick	18287	
	stephenyo	2185	
	steppenpup	11373	
	steroidswest		159222
	steue	36988	
	steve123456789	11279	
	steve787	3825	
	steveOlowe	7182	
	stevefrench	12771	
	steveisloco	12268	
	steven256	2966	
	stevenschreiber	18496	
	stevensonam	7848	
	stevensweet	28317	
	stevesteve999	13999	
	stevewebbcoin	13550	
	stevo12	9147	
	stevo123	30582	
	stgear	9473	
	stiIIinvein	26188	
	stichguy	5425	
	stickybit	35923	
	stickyfruit	6428	
	stickygr33ng4nj4	20815	
	stickyrib	26941	
	stics	11752	
	stiffdick	6066	
	stiffler	24566	
	stift	1836	
	stiggystaggs	13604	
	stillcountinn	7945	
	stillhur	16515	
	stillinvein	21304	
	stillkikinit	20070	
	stillscottish	22950	
	stillsnoopy	39783	
	stimpy	8798	
	stimpyfro22	10449	
	stimpypow	31487	
	stinger007	39725	
	stingray	2839	
	stinkfinger	8682	
	stinkyflaps	31051	
	stinkymonkey	24786	
	stlogitech	14398	
	stlomasse	21861	
	stmichael		19108
	stockydog	26385	
	stoemp	8415	
	stoemp2	10938	
	stoffit	2516	
	stoggafu	27518	
	stojkovic		24862
	stokk	26930	
	stol84	10059	
	stonebug	9909	
	stoned2dbone	37165	
	stoned4dayz	18528	
	stoned67	5342	
	stonedmind	9533	
	stonedraider	17613	
	stonedrose	28028	
	stoner004	1178	
	stoner678	9354	
	stonerGreenFish	38834	
	stoneraider	11993	
	stoneroYo	5028	
	stoney517	20909	
	stopebola	31315	
	stoptom	14352	
	storeabde	8866	
	storia4	38465	
	storm	1998	
	storm3253	2915	
	stormlanz	7912	
	stormy	38221	
	stp3125	3691	
	stpo	29695	
	stprice12	6728	
	str33tl3v3l	17829	
	strace	776	
	strader	10474	
	straightshooter	11256	
	strangeplace	879	
	strangepurple	923	
	stranger	3359	
	strangetamer	13363	
	strangeways	14103	
	stratom	18242	
	strawberry123	35498	
	strawberrymousse		302342
	strawkiwi	10095	
	stray	6810	
	straye	35313	
	strbrst	19390	
	street1	16757	
	streetmeat	10686	
	streetshine	34708	
	streetsmart	9432	
	streetsmarter	24231	
	streetz2610	3963	
	stretch7	36555	
	stretchbook	23788	
	strik3r	11417	
	strika1	11477	
	strike007	16485	
	striker06	27018	
	stripes65	15997	
	strongbow	15250	
	strongdogz	12104	
	strontiumdog	8984	
	strov3	31615	
	struggle50	7025	
	stryers2003	37598	
	strykn	6769	
	stuartlitl	13399	
	studiouspanda	28106	
	studlygf	38851	
	stueycal	23166	
	stuggi_to	665	
	stunn3r	11112	
	stunning	3385	
	stunter	30277	
	stunza	31914	
	stunzap	32113	
	stupid123	1374	
	stupidgirl	4054	
	stupidmofo83	8369	
	stupidsorn	5075	
	sturdyoldman	10415	
	stusders	17007	
	stussta	34782	
	stwil	7308	
	stwnfc	4416	
	styla03xx	1901	
	stylking	12783	
	sub5t4nce	10923	
	sub7	19306	
	subcard1141	11864	
	subidubi	3291	
	sublimeguy	5407	
	subpsyde	4471	
	subrosa	5223	
	subs4daze		171023
	substanceD	14600	
	substandard	19024	
	substyle	11317	
	subtotal	34581	
	subtract	18732	
	subtropik	12024	
	subway	9115	
	subzeroxd	30913	
	succaxxer	10184	
	suchachore	125	
	suckmydick	10407	
	sufficient	2345	
	sufuzky9	10054	
	sugaree23	10149	
	suggestedcontent	11101	
	sugipwla	28048	
	suicidalsid	21677	
	suicidewin	12529	
	suitofsilver	20622	
	suits	3872	
	sukavlad	31090	
	sukram	13248	
	sulton1997	9138	
	sum89	10357	
	sumano	5631	
	summac0	5417	
	summer1723	22930	
	summer69	30948	
	summerlove	10443	
	summersnow	9693	
	sump00pgui	11201	
	sun-tsu	26340	
	sunaven	19402	
	sunbeam45	29701	
	sunbeamjolt	34455	
	sunblocker		185276
	sunder92	33927	
	sungsam	18547	
	sunless	7046	
	sunn_o	19468	
	sunn_ra	20392	
	sunniesideup	29034	
	sunny99	23623	
	sunnycoastsurfer	12161	
	sunnymac	38393	
	sunnysidedown54	15262	
	sunshine1717	12232	
	sunshine2	11431	
	sunshinestate	20417	
	sunsunmoonmoon	11370	
	sunuk	13450	
	sunwualt	6054	
	suosorsa	38875	
	sup3rnova	228	
	supMD	19645	
	supaclay	30201	
	supadank	10076	
	supahman	3144	
	supatroopa	9054	
	super420	4219	
	super433	2775	
	superAktive	28800	
	super_fly1	13165	
	supera	9164	
	superbanker		35621
	superbeast	16685	
	superbeat		32550
	superbeat2	6566	
	superbowlxlix2	32040	
	superbtcx1	16530	
	supercat	5950	
	superchargers	26238	
	supercooler	24608	
	superdot	30471	
	superdrugz		196399
	superfantastic	28235	
	superkitchen	35597	
	superle	224	
	superman5000	27112	
	superman901	36920	
	supermaniac	28009	
	supermanjina	5582	
	supermanspider	30261	
	supermegaultra	12427	
	supermen	20101	
	supermontaro	34172	
	superninja	4153	
	supernova	789	
	supernova008	10587	
	superorange	30133	
	supershred	25798	
	supersmall	8168	
	supersmiley	36119	
	supersmoker	24617	
	supersonic836	27757	
	supersonichronic	30155	
	superstoner	16399	
	superstructure	15404	
	supersupersuper	10341	
	supert	26336	
	supertommy	1665	
	supertor	8336	
	supertrooper420	16299	
	supertrooper8385	6509	
	superuser	6415	
	superzoker57	13484	
	supial	917	
	supplier	7907	
	suprastatic	31911	
	supree1	27686	
	supremebeing	20231	
	supremeox	33835	
	supremesmoke	5615	
	supremestacks	20045	
	supsupsup	20486	
	suren5555	10639	
	sureshot1212	27963	
	surething	1342	
	surface123	13754	
	surferdude	6279	
	surfmen1982	19009	
	surfrider	22577	
	surfsup	33695	
	surnese	35235	
	survival	38079	
	susan79	27633	
	susansurandon90	11309	
	susples		4154
	suwhoopb	5856	
	suzy	5635	
	svage1	14206	
	svajunas87	6461	
	svein78	34626	
	sveva	8757	
	svis	988	
	sw33tp3a	16307	
	swadger	20738	
	swag-yolo-420	2062	
	swag1	13457	
	swag2k14	24276	
	swag2p	4523	
	swagdaddywhores	23668	
	swagg2000	12805	
	swaggMasta4	13276	
	swaghorn	32616	
	swagman	6894	
	swahtzamish	20260	
	swampboy	19753	
	swangdaddy	17251	
	swanroach	11251	
	swanze	25210	
	swarmer	24819	
	swarthetart		4205
	swazidoctor888		9876
	swe223	21260	
	sweaterswg1	16995	
	swedemuscle	9498	
	sweet450	17382	
	sweeteasymface	18596	
	sweetgreendeluxe	12183	
	sweetjesus	5045	
	sweetlabel	13318	
	sweetnstoned		358886
	sweetpoison	11460	
	sweetpotatoes	36592	
	sweetpuff2k13	21827	
	sweettganjababe		206050
	swepost		252294
	sweps	30866	
	sweshroom		14289
	swesupplier		248792
	swetantgron	29184	
	swiftd	20586	
	swiftone	9719	
	swimm19974	26319	
	swimmar	33996	
	swingonme13	37021	
	swiper69	25633	
	swiperMTL	24850	
	swishswashjo	16834	
	swiss		38043
	swissweed12		150640
	swizzzz	25103	
	swogglesmandible	9559	
	swoller	36275	
	sword43	854	
	swordfish1	5579	
	swordfishlyfe	1767	
	sxuikat	6801	
	syNcr0	13918	
	sydneyjames	12140	
	syenit	25649	
	sygma	1466	
	syilus	29177	
	sylvania3953	11924	
	symbicort	4573	
	sympaju	14624	
	synapse	10468	
	synapster	11326	
	synergy	23057	
	synsilliloquy	19595	
	syntheticsol		228071
	sysco	28191	
	szabojason	36155	
	szadpl	23982	
	szaduk	1590	
	szpeco1234	8353	
	t0mk33n	7858	
	t0pnotch	34321	
	t0raddy86	36719	
	t0ursene	517	
	t0x1c	25183	
	t0xicp0ison	7834	
	t0xicspy		9012
	t1t2	86	
	t20k4	10948	
	t35711	13024	
	t3chniq	14097	
	t3mbey	10188	
	t7e4l51q	38163	
	t8HFKRXvkpVd2xAZ	10096	
	t8eMw65BHf	7109	
	tHai213z5	21463	
	tHerEdPilL	27356	
	tTGsU18352	14519	
	tab380uk	9892	
	tabletop	7318	
	tabuy	5587	
	tacogrande69	27869	
	tacohead		73551
	tacoman04	29640	
	tacoman420	35179	
	taekasid	27344	
	tafsdgvhanhscv	27939	
	taft	295	
	tah0e23sl0pe	6316	
	tailsbaby	37183	
	takananshi	10232	
	takehome	3044	
	takeone	14680	
	takezo		13199
	tala110	18330	
	talisker	1971	
	talkless	38400	
	talktalkuk	9119	
	talktoreese	13594	
	tallec	16563	
	tallfantastic	36112	
	talltree	3268	
	talobin	14323	
	taloss	5384	
	talowa	37854	
	talvosilen	14151	
	tamaki	29461	
	tamassri	8625	
	tammytan	24435	
	tampabay12345	33389	
	tamtatodua	10321	
	tamtihaeh333	11871	
	tamtoum	4658	
	tanakawax	7964	
	tangbanger	21962	
	tango1	23643	
	tanizaki	414	
	tankoni	22616	
	tannka	8153	
	tantalise	3209	
	tantalus	11987	
	tantrikom		370392
	tanved	90	
	tapigris	26625	
	tapped	10819	
	tarantoo	17275	
	tarde4323	6093	
	targanos	9435	
	taronga	28704	
	tarotintable	33181	
	tarquin	19042	
	tartan0000	26391	
	tartarus	964	
	tartouille13	37895	
	tarzan3	35896	
	taskforcelou	22750	
	taskmaster	12093	
	tasse	5062	
	tata6689	37181	
	tatanka1	9405	
	tatanka2	11880	
	tatar4ik	934	
	tatman_baracus	37845	
	tato2207	6536	
	tatty	21112	
	tatu	10559	
	tauno	20220	
	tavsanayagi	38726	
	tawan	17566	
	taxiwaydelta	38600	
	taylored	15061	
	tayoli	45	
	taz2014	17717	
	taz25	27483	
	taz451	5438	
	tazarian69	19557	
	tazosek	7376	
	tazzky	14315	
	tbergeron420	14337	
	tbiz	4477	
	tbon225	16000	
	tbone007	32121	
	tbopbam	10282	
	tboxes	20798	
	tboy99	7818	
	tccb	12523	
	tcf01	642	
	tcmcard	5861	
	tcrews	13369	
	tcxtc	29746	
	td37	12705	
	tdjntrdjntre	27987	
	tdtthm	7705	
	teamjoffrey	7785	
	tearju	35253	
	tecateman	10129	
	tecc	3642	
	techn9nes	37961	
	technician	14689	
	technoking	23630	
	techshaman	23740	
	techy200	34094	
	ted7y	17067	
	teddi86	12186	
	teddy01	21926	
	teddyjrspinz	24620	
	teddykennedy64	25788	
	teds68	36953	
	teejayblock12	31685	
	teepee1121	36548	
	teets	33650	
	teh_flipside	31359	
	tehexiled	28163	
	tehgreenmun0909	2358	
	tehjollyroger	22277	
	tehlulz	6905	
	tehwalker	38876	
	teito2	20403	
	tek25	25225	
	teknivor17	28240	
	teknopunk	31043	
	teknoshit	9029	
	tekrus	4216	
	telcom	36364	
	telefonos	30795	
	teliko	11739	
	telnet	2843	
	telthebuyer	15393	
	temesta10	31377	
	temp590ah	23236	
	temp967	33275	
	tempLSD	4082	
	tempac	36027	
	tempaccount1	13144	
	tempacct0214	38469	
	tempbaker	19525	
	templar	12171	
	templemac	21521	
	templenetcover35	4809	
	templer	10791	
	tempolution	28949	
	temptempster	31808	
	tempuser1941	36068	
	tempxtra	10413	
	tenchsk	12745	
	tender	881	
	tengland	6173	
	tenmenz	33967	
	tenzosan69	6134	
	teokey87	6007	
	teonacatl	3821	
	teqno	8487	
	tera	3918	
	terabyteanon	12496	
	teramelos	10528	
	terranova	2998	
	terrapin2	20345	
	terribleone	6693	
	terrin_silver	27544	
	terryclotharms	27836	
	terrytasticular	13211	
	terrywaite		205338
	teseah4	22525	
	tesla121	8774	
	tesla1221		5735
	tesla3	538	
	teslatje	32646	
	teslavolt	2339	
	test01r	56	
	test12341234	2283	
	test12345	172	
	test12345	1468	
	test1test1test1		124185
	test2test	9148	
	test5000	24676	
	test6676	15610	
	test777	6862	
	test778	834	
	test88898	5540	
	test97531	16971	
	test_user_1234	33388	
	testabcdef	2747	
	testasdf	1754	
	testcpro	8663	
	testdrive123	4813	
	testdw	8011	
	tester1	4140	
	tester19	7586	
	tester2	13216	
	testerguy101	9172	
	testios46	7159	
	testiukko	673	
	testman2015	8318	
	testmann123	8338	
	testor	2911	
	testtest0202	27325	
	testtesttest	3913	
	testusr111	89	
	testy12345	39336	
	testying123	28015	
	tet0xin		22288
	teta44	3716	
	tetedemort666	37041	
	tetra45	32061	
	teufel	6611	
	texasinstrument	5885	
	texm00	32786	
	textmaniac	32860	
	tez-star	13521	
	th0rmund	35047	
	th30n3	13542	
	th3AFKAbby	815	
	th3beast	6378	
	th3com3dian		39245
	th3darksoul	8317	
	th3gat3keep3r	15048	
	th3gr0uch	21949	
	th3gr1mreaper	31144	
	th3tawav3	30336	
	th3z0Up-TH3g00p	16253	
	tha-kronik	11990	
	tha_torch	36598	
	thabart	28461	
	thacasher	587	
	thaddeusyoung	11498	
	thagoods		30256
	thagym	13416	
	thaiicc	5236	
	thaistar1982	35689	
	thanks	5891	
	thankyou	26819	
	tharsis	17029	
	that1feller	37458	
	thatblokethere	15324	
	thatguyh	31519	
	thathighdude	20046	
	thatisgr8	20488	
	thatkidstar	12296	
	thatman5	25370	
	thatnastyguy	12676	
	thatoneguy4001	5650	
	thatsme125	20892	
	thatwasrude	6115	
	thaymus	25231	
	thc11	8719	
	thc420	24546	
	thc_fiend	25808	
	thcure123	21457	
	the-egg-man	3674	
	the-reaper89	24480	
	the258		182131
	the3msoflife	26124	
	theJuneMan	33085	
	theMUSHBUD	3462	
	theMellow	25732	
	thePharmacy		25165
	theRoadLessToxic		226482
	the_bishop	9336	
	the_cornichon	37298	
	the_drop_48	9800	
	the_dudeinator	38693	
	the_family		15685
	the_funk	6418	
	the_grinch	20503	
	the_intranet	3721	
	the_intranet	6498	
	the_kiwi	8551	
	the_raw	30995	
	the_source	3554	
	the_sponge		3768
	the_zaly	9371	
	theamazingbee85	13128	
	theanonymous3	26470	
	thearc	471	
	theater	13199	
	theaussieking	31801	
	theaxis	13414	
	theazazel	21608	
	thebadguys	13665	
	thebaine	10475	
	thebank	38958	
	thebat1980	7052	
	thebeast	4229	
	thebends	4845	
	thebest	4024	
	thebestjacke	6431	
	thebig431	6884	
	thebigapple313	20989	
	thebigbang	22450	
	thebigboy989	10137	
	thebigdude	3341	
	thebigman	16007	
	theblackmaddemon	4164	
	theblob2	22562	
	thebomber	6634	
	theboo72	25648	
	theboss123	12532	
	theboy	1306	
	theboycustomer	2523	
	thebrain2014	10865	
	thebrotherhood		152537
	thecandymen		399047
	thecarder	15790	
	thecarman	7213	
	thecashman	39466	
	thecat	13292	
	thechainring	4855	
	thecheekygirls		92602
	thechemicalkid		22200
	thechemist	7870	
	thechemist2018	26927	
	thechick		4206
	thechoosen	5750	
	thecman		22806
	thecornershop		17526
	thecrackerman	29188	
	thecripple		18762
	thedaily4	21235	
	thedark1	17072	
	thedarkd3stroyer		17216
	thedarkhorse	6226	
	thedarkknight	7064	
	thedarksky	1869	
	thedata		40611
	thedeadend	16408	
	thedeal5000	17474	
	thedecks	21030	
	thedeuce	15794	
	thedifferentone	32677	
	thedoct	4099	
	thedogsbollix	17062	
	thedolphin0	11011	
	thedon007	7572	
	thedon1801	3823	
	thedondondon	29876	
	thedude0249	21494	
	thedude93	8492	
	thedude99	11811	
	thedudeiest	8093	
	thedue1	29694	
	thefallout70	1085	
	thefinder		181593
	thefktighuf	16322	
	thefokused1	29837	
	thefonz	38301	
	thefraudster	31353	
	thefuck1	5255	
	thegameoflife	35182	
	theganjadank	26077	
	thegeneral23	14047	
	thegermanhatter	3588	
	theghid	5642	
	theglade	30836	
	thegreatbro	13400	
	thegreatoneof19	9838	
	thegreatwhodini	22227	
	thegreenelf69	28575	
	thegreengiant101	8826	
	thegreenmachine	9438	
	thegreenshark144	8844	
	thegringo	494	
	theguides	8643	
	theguy0		367507
	theguy1	21495	
	theguyfawkes	28006	
	thehandyman	6807	
	thehappyroot	28380	
	thehappyrootguy	28815	
	thehaqzer		2804
	thehatguy	17338	
	theherbenator	8744	
	thehiddenleader	32944	
	thehonestdonmon	3110	
	thehorseisgay	7040	
	thehulk	5648	
	thehuntressuk	37448	
	thehype	18302	
	theimportant	1534	
	theinformant	11264	
	theitalianguy	11617	
	thejewp	19031	
	thejohnman	14043	
	thejoker	30722	
	thekashier	30185	
	thekeyingredient		40773
	thekiller666	10377	
	thekiwi	8842	
	thekonyak	12376	
	thekuruptking	11441	
	thelander	11301	
	thelastboss	9797	
	theleadingman	33501	
	thelightattheend	19086	
	thelittlebeet	36857	
	thelostsoul	30480	
	themack	266	
	themadcap	17858	
	themadscientist	16005	
	themagickingdom	6887	
	themagpies		23789
	theman22	18142	
	theman_1977	13721	
	themaskedonion	35990	
	thementorknows	18730	
	themethod	25011	
	themisterguide	13691	
	themisterguiden	13843	
	themisterguider	13583	
	themoneyguy		41435
	themoneyman47	17600	
	themonkeyman21	27677	
	themood420	29556	
	themove	21781	
	themrguider	13699	
	themuscle1116	14357	
	thenatureman234	7645	
	thenest	1953	
	thenetherwherld	26200	
	thenewday	6073	
	thenewgreek	15272	
	thenonforgotten	31881	
	thenorcoman	18819	
	thenotoriousMMA	31741	
	thenubbins	33686	
	theoldroad	28649	
	theoman	24760	
	theonejoker1	12555	
	theonlygemgem	5218	
	theonlysolution	10928	
	theoriginalwolf	10620	
	theoutfield	8495	
	theovdd	4697	
	theowalcott	4696	
	thepAncAke	12528	
	thepatriot	1587	
	thepeacegiver		338573
	thepentacodon	942	
	theperfectstorm	16085	
	thepharisee	17672	
	thephil88	3458	
	thepianist	9274	
	thepig33	1562	
	thepineyed	4252	
	thepineyed	12948	
	thepinkone	28189	
	thepirate	17247	
	theplug52	34839	
	thepope	2368	
	thepopeswilly	25066	
	thepreso	9889	
	thepro	10949	
	theprodigalson	29403	
	theqube	6569	
	therandomswede	4630	
	therapistvip88	34943	
	therealSNOOKED	4702	
	therealenoch	1745	
	therealerror404	12272	
	therealest1070	17634	
	therealkatebush	21989	
	therealllamaz	29326	
	therealme	3325	
	therealme1		24000
	therealpope	3412	
	therealpurest		41735
	therealsatoshi	10000	
	therealslimshadi	30679	
	therealtoyouteam	3846	
	therealutopic	4295	
	therebel	5915	
	theregular	10466	
	thereisnopseudo	35480	
	theresnoreason	16531	
	thermal	7564	
	thermionic	37280	
	therofltrain	365	
	theroyalmage	37554	
	therubberkestrel	10313	
	therudty	8142	
	theruiz	6699	
	theruss123	17650	
	thesaracen	8970	
	thescenario	9166	
	theshamandmt	12011	
	theshopper2013	21854	
	thesicilian	3808	
	theslipperyone	28528	
	thesourcerer	16088	
	thesovereign	27825	
	thespacecadet	18843	
	thespart	9492	
	thespine	23808	
	thestrangeguy	34482	
	thestunter	29126	
	thetaxman	12894	
	thetaxman21	4903	
	theteaser	8677	
	thetempest67	39478	
	thethreemonkey	24058	
	thetombomb		31139
	thetoyoucrew		30701
	thetrespasser	22803	
	thetruthboss	9783	
	theturningtides	32825	
	thetyga	5121	
	theunivers	26798	
	theupperfloor	19002	
	theupside	34513	
	thevendori		15459
	theveryhungry1	16357	
	theveteran99	20000	
	thevorlon	14609	
	theway	6083	
	theweeknd	23537	
	thewheeloftime	37765	
	thewhitewhale	38173	
	thewhiz	12254	
	thewhopper1	36511	
	thewillprice	28896	
	thewizardofoz	29010	
	theworldofthed		39510
	thexbongmasta	20224	
	thexecutioner	11455	
	theyearofcat	19599	
	theyellowpuma	20034	
	theyodamom	26288	
	thezabest05	8305	
	thhbe5w	12043	
	thickone2	33642	
	thierryhenry	38544	
	thinkingoutloud	26473	
	thinkpasr	22933	
	thirdeyechakra	5142	
	thirdeyewide17	4259	
	thirdtimelucky	17563	
	thisandthat123	3587	
	thisguyhere	6381	
	thisguylovesweed	7456	
	thisisgreat40	12438	
	thisisit14	22371	
	thisisme25	28600	
	thisisn0tme	15574	
	thisisnotadrill	17516	
	thisisseriousmum	11429	
	thisistheendd	38205	
	thisisthelife	688	
	thisoldman	20712	
	thiswillendwell	9219	
	thizzface	7995	
	thnksbodn	31000	
	thnnns	3979	
	thomas345	15742	
	thomasb	24395	
	thomasrr	6276	
	thomaswright	13146	
	thompson	9848	
	thompson57	33602	
	thore	8553	
	thoriq	33154	
	thoron	17129	
	thousand_hand	35185	
	thr0waway123	17707	
	thrall	18373	
	threeballpaul	4357	
	threwaway12345	38438	
	thrillcapsule	21986	
	thronemelon	15209	
	throughput	27811	
	throwaway001	22971	
	throwaway123	34124	
	throwaway12923	5375	
	throwaway22	20680	
	throwaway4forum	6368	
	throwaway9551	24653	
	throwawaybaby	21137	
	thualam	13455	
	thug7	7968	
	thugger	35933	
	thugy	11118	
	thumbme	33463	
	thunder212	188	
	thundercats	12134	
	thunderdome96	10859	
	thunderdrone	12942	
	thunderjew	37266	
	thunderjoe14	12876	
	thunderkiss	33115	
	thundy	4752	
	thwknor	7014	
	tiago0102	10165	
	tibit	9886	
	tibo	22894	
	ticklemeemo	4581	
	ticklerx	17795	
	ticolis	3879	
	tictact	2413	
	tictoctic	17486	
	tidyclio	27486	
	tidytim	27360	
	tiemhike	34949	
	tiffany	8498	
	tig3rh4ck		16906
	tig44	8651	
	tiger	6206	
	tiger4life	7993	
	tigerman99	31098	
	tigermulla	5483	
	tigerrush		29505
	tigerwood		219361
	tihulu	28259	
	tikicup	33995	
	tikk	9030	
	tiktaktok	32534	
	tilas31	1620	
	tilelloost	31661	
	tilibra	31166	
	tilidin	19348	
	tilika	11243	
	tilplane	6528	
	tilted	8691	
	tim313	19935	
	tim4fun6	10877	
	tim_daly	1908	
	timbenzadrine	20918	
	timberland	5341	
	timboslice	34521	
	time4atrainride	32754	
	time_traveler	34988	
	timeandtimeagain	32172	
	timefast	27921	
	timelessvibes	5452	
	timeprime		32187
	timer1	11289	
	timeschange	9446	
	timetoparty	23626	
	timetrippin	21774	
	timford	25596	
	timlok	30087	
	timmbo	7099	
	timmi2V6	33411	
	timmy1	5428	
	timmycat	31142	
	timmychan	2395	
	timmytom	29955	
	timshel	23323	
	timsix	29432	
	timtom49	27390	
	timtucker	13743	
	tincan63	33432	
	tingting007	13044	
	tingtingtong	25330	
	tinkpon	9681	
	tinksy	6460	
	tinktink	26529	
	tintinmae	8045	
	tintintin12	24403	
	tintolerndi	30034	
	tiny_heraldo	37809	
	tinyblue	7309	
	tinyprince	37228	
	tipiring	5507	
	tiptophats	31660	
	tirasgo	4820	
	tiscar1888	23055	
	titanlux2015	17270	
	titeuf123	5804	
	titi_85	3023	
	titicacanari	25222	
	titiofmars	24487	
	tito970	930	
	titodoe	11418	
	titoneet	31857	
	titotito	3007	
	titotor	9548	
	titovilanova		35860
	tittytwister	10185	
	titus	168	
	titus11	14426	
	tiv44	3637	
	tixxta	24721	
	tizzface	6836	
	tjdutch	8942	
	tjnrdjn544j	13397	
	tjrsjtrdjtr	13882	
	tk3g	17304	
	tk421	13105	
	tkgbg	5503	
	tkid	38967	
	tking	14261	
	tlrgh5f6	31763	
	tmatmp	11881	
	tmkitfb	26544	
	tmmario	11149	
	tmtmoney01	39097	
	tmtmtm2002	10406	
	tn420	11947	
	tnb318	22651	
	tngrngpmp	5283	
	to_to_ro1	25516	
	toadrider	9496	
	toaok	28636	
	toastedjelly	21081	
	toasty	3286	
	tobasco	18139	
	tobe55	4959	
	tobeornottobe	29761	
	toby81	39542	
	tocoolforschool		60980
	toddtiddleston	36926	
	toffeepoppet	37894	
	toffle	16763	
	tofuti1	30519	
	togobox	10681	
	toker93	36980	
	toker_daily	11625	
	tokester83	10091	
	tokey	1408	
	tokiedokie89	7381	
	tokinwithjesus	20631	
	toktzjad	27194	
	tolerant	6145	
	tolex	14736	
	tolkien	38080	
	tolo	12416	
	tolosan760	8941	
	tolotos	25324	
	tolston	27158	
	tom446652	22762	
	tomace336	9934	
	tomaco	12624	
	tomat121	10495	
	tomato	9958	
	tomatoechef	37425	
	tomatoxxxx	24237	
	tombirchy	33783	
	tombo1	20533	
	tombrady18	15120	
	tomchong		40666
	tomcruisea	6685	
	tomestel	21543	
	tomforddd	12968	
	tomj1225	23375	
	tomjeff	21932	
	tomkestrel	10118	
	tommford		321068
	tommy123456789	13160	
	tommyboy123	15760	
	tommyjp	4246	
	tommytickle	2431	
	tomorrowman		9950
	tomot	22403	
	tomswe	18441	
	tomthumb	9927	
	tomtom510	17216	
	tomtom8223	3457	
	tomtomtom	2853	
	tomwolfe	14134	
	tonenglish	25486	
	tonicwater44	17181	
	tonim13	34715	
	tonino220171	7958	
	tonkhony	4093	
	tonnes	5187	
	tonnybrain	20384	
	tono21	9209	
	tonoffun444	2654	
	tonsilthumper	19444	
	tony	621	
	tony0007	4834	
	tony25r	18345	
	tony2k36	10133	
	tonybig1	22885	
	tonybiz	4906	
	tonybone	21406	
	tonycarder33	10956	
	tonymontana8553	32282	
	tonysmontana	7528	
	tonysnow254	8522	
	tonyteabags	35418	
	tonytehtiger	32340	
	tonythedon	38734	
	tonytiger	3226	
	too_generic	9745	
	toobig	16754	
	toodeeptoodeep	38710	
	toogoodtoo	32395	
	toohuman	38454	
	toolchain	4754	
	toolman2415	3456	
	toorum	39290	
	toosea	34876	
	topaz11111	11274	
	topbottomspin	23503	
	topcat21	15360	
	topcat87	15821	
	topchoice55th	29510	
	tophat	8385	
	topher1669	7895	
	topi94	8938	
	topjosh123	20829	
	topkat	14007	
	toplal	28920	
	toplessmind	39149	
	toplevel	9812	
	topman	24913	
	topofthemorning	37910	
	topperz	8177	
	toppp	8950	
	topprize	31589	
	toproller	5429	
	topshelfkek	35452	
	topshop		97895
	topshot	14616	
	topsite	4534	
	tor31358	31418	
	tor404	3629	
	tor666	1476	
	toradm12	11222	
	torak	4794	
	torandro	17814	
	torbaby	27956	
	torboy2014	1959	
	torcaine	14328	
	tordoctor		35673
	tordog93	19878	
	tordragon	5067	
	tordude13	9178	
	torfawkes	5412	
	torghost	11499	
	torinator	10509	
	toriukas	17047	
	torllyn	33090	
	torman21	6175	
	torman666	6714	
	tornado888		193956
	tornaido	9401	
	toroloco	213	
	torontian	7063	
	toronto	1262	
	torpal		36308
	torredtheworld	9132	
	torrentalfa	11187	
	torrentsmd	26753	
	torrican	76	
	torrowser	12935	
	torrunner	1218	
	torspark	9619	
	tortarus	8154	
	tortillainbasket	5133	
	tortor2	16479	
	tortugon	7825	
	toruser6969	37408	
	torzest	12821	
	tosh18	19316	
	toshiba9999	9210	
	tosser500	2373	
	tostig	590	
	tostitos	9269	
	totalkaos	26908	
	totalunlock	30740	
	tote32	21098	
	totenkopff	7595	
	toth666	25794	
	tothehead		25858
	totheworld	2109	
	totobaba	32341	
	totoro18	10066	
	totothedog84	17608	
	totsmagoat1	2519	
	tottem	34579	
	tottle	20179	
	tottoroo	31196	
	toughguy678	18015	
	touristprocurist	15856	
	towboat	30958	
	towelsoave	2264	
	towman	11564	
	toxic	18740	
	toxicghost	29295	
	toxikk	37568	
	toxit	6883	
	toyouteam		14884
	tphilips42	5654	
	tppw	37926	
	tr0g	29067	
	tr0llfusion		904
	tr0llfusionbuys	1385	
	tr1000	3676	
	tr1x	18059	
	tr412	5314	
	tr4vesty	9422	
	traack	26989	
	tracemi	37126	
	trackandmouse	19569	
	trackin1	973	
	trader27456	6404	
	tradgardsmastare		225763
	traduc	20213	
	trafalgarden	23908	
	trainingdaze	34645	
	trainwreck00	36036	
	trajano	31551	
	trampoline	8196	
	tramquility	19018	
	tramticket	3148	
	tramtorsk	37863	
	transferman	10704	
	transi3ntMul3	33852	
	transittransit	6178	
	translate	33771	
	transltr001	11949	
	transplant	11742	
	transplant573	19158	
	transpo12	3056	
	transporter	6791	
	trapanese	16035	
	trapdabbin3722	29844	
	trapezoid123	38939	
	traphyios	29484	
	traplanta	29166	
	trapstar	17809	
	trapstartoxic	12919	
	traptmind	24523	
	trasher2k2	33496	
	trattmanretar	10526	
	trava	19682	
	travel871	24458	
	traveler	37918	
	traveller	19757	
	travischinaski	27948	
	travisrichardson	20151	
	trawoj	711	
	traxor	4001	
	trckno	23124	
	trdjntrdjtr	13861	
	treacles	28382	
	treadstone	6940	
	trebuddha	25031	
	treebark	26040	
	treebean	21471	
	treebuddha	20535	
	treehaters	30567	
	treehugger	34737	
	treehunter81	25819	
	trefoils	3274	
	tremagnet	5106	
	trenchknight	26517	
	trendaphone	10071	
	tretheman12	15585	
	treves	19105	
	trevinhio	25158	
	trex001	23679	
	trey	29895	
	triathlon	2713	
	tribalchicken	9191	
	tribalmaster	1260	
	tribecapoop	39236	
	tricitycocaine	39639	
	tricky10101	6001	
	trickyricky	22939	
	trickz	10963	
	tridione	38649	
	triggerthehound	37144	
	trikom	15232	
	trillixer		233778
	trillnigga	8365	
	trilluminati	8309	
	trinit	2053	
	trinit1	4735	
	trinium	31339	
	tripdawg420	10839	
	tripitaka		193771
	tripkings	20856	
	triple7		16114
	triple777	13184	
	triplec	627	
	tripledip		94921
	tripnticks	12105	
	tripos	13528	
	trippen	7047	
	trippin42	3969	
	trippinballs	37688	
	trippleg	18440	
	trippymane14	22077	
	trippyrooster	5256	
	tripsev	10435	
	trisk23412	12975	
	tristan26	35315	
	tritialin	6799	
	tritone	3497	
	trixdeep	1469	
	trixie1	38923	
	trofast	30385	
	troispistoles	7004	
	trojanbeetimer	2272	
	troll_lol1023	465	
	trollik	1571	
	trollman	3352	
	trollw12		313571
	trololo159951	23074	
	tromboner	37687	
	tronix	7056	
	tronix87uk	37773	
	tropicaljesus	13015	
	tropicana13	2588	
	tropicsms	9790	
	trout42	3250	
	troy342	18910	
	troywest	11191	
	trpdrg	11050	
	trpp99	675	
	trueblood1975	1290	
	trueliketysplit	7812	
	truem	37229	
	trueperception12	9088	
	truetrue	13337	
	trugoy	11634	
	trumpet	14209	
	trumpettoucher	7753	
	trumsy	23153	
	trunner	37097	
	trussinex	4512	
	trust	2004	
	trustar14	37670	
	trustdoctors	20563	
	trustfire99	8806	
	truth15601	17748	
	truthbetold	3098	
	truthsayer	10940	
	truthspeaker	19854	
	trvpbooomin	17666	
	trw123	19154	
	trxfer	6160	
	try_everything	27918	
	tryimme	34878	
	tryingitout2015	14063	
	tryitagain	7496	
	tryitout	31671	
	trynagetit23	24466	
	trytobeme	17587	
	tsabath	11916	
	tschuuh	32601	
	tseirpaknuf	25540	
	tsfci	22912	
	tsimfm	10691	
	tsotsobe	1558	
	tsscgrdscbfewcpd	7827	
	tsterz	39780	
	tstevens46	6186	
	tstewartg	22043	
	tsxxx89	9569	
	tt283	24588	
	ttk1415	24557	
	ttsp5415	9806	
	ttt5000	27023	
	ttullama117	29840	
	ttvevno	21874	
	ttyduke	22013	
	tu_pac	9079	
	tuatara	13941	
	tubbymora	2989	
	tubes	8486	
	tuckherin343	15872	
	tueezee	12205	
	tuewvov2	33849	
	tuffy	21928	
	tuibo	12755	
	tulikas	14119	
	tulipanonero	22472	
	tulpe123	24550	
	tulpen		317987
	tumare	8016	
	tumbledoubleside	24433	
	tummasuomi	11089	
	tuned4street	26449	
	tuneindropout	12646	
	tunk	20973	
	tunnelrat	35558	
	tupiaryfoxx	13881	
	turb0	13230	
	turbo10	22407	
	turboklizma	470	
	turcus2	33822	
	turdfner	20596	
	turidouk	14507	
	turken88	22842	
	turkey	27137	
	turkey20	10777	
	turkeybaster	7116	
	turkeytrot		12520
	turkish_delight	38545	
	turky310	22581	
	turnaroundtime	25571	
	turnedup2014	7723	
	turnedupsos	14874	
	turntup420	3193	
	turtle2013	24394	
	turtlef1sh	16056	
	turtlegod	11035	
	turtlenaps	18756	
	turtleneck	645	
	turtul28	36664	
	tuscansimon	24037	
	tussionex	31959	
	tutoFrPrixJustes		371719
	tuts_n_temps		14232
	tuviejah69	2688	
	tuwnuw1	10973	
	tuwtuwtuw	10630	
	tuxedopenguin	5820	
	tvorak	5560	
	tvoyu	27673	
	tvve1313	9292	
	tw0st	151	
	twatWaffle	2671	
	twatter73	16446	
	tweakmagento	31759	
	tweakyy	9311	
	tweed	22009	
	tweet23	17550	
	tweeter8413	20785	
	tweety	12398	
	twendlandt	34999	
	twenty6dollars	32098	
	twerklord69	36405	
	twety	7692	
	twinkymongoose	4012	
	twisR33	22115	
	twistedrootz	24500	
	twister	24034	
	twisterargentina	35812	
	twizz		151546
	twoked	29889	
	twoonezero	1333	
	twoscoop	28543	
	twozzzter	7865	
	tx650w	34225	
	tyguy920	14272	
	tyler77	6328	
	tylerdimer777	28594	
	tylerdown	20592	
	tylerdurden01	20953	
	tylerdurden1943	12825	
	tylerdurdon	12970	
	tymP23	17113	
	tymall	25234	
	tymoney26	39794	
	typennington2014	10696	
	typhoid	10935	
	typhoon06	15934	
	tyrandax	26749	
	tyrion14	8824	
	tyrone1337	10292	
	tyrone33	24574	
	tyroneslothrop	36527	
	tyson128	32451	
	tyson8	10265	
	tyson_brawler	9593	
	tytan	19338	
	tyui	36936	
	tyuiop32	25823	
	tzimtzum1	29856	
	tzporn	9992	
	u00002		128490
	u4e0xh	24373	
	uberjahiem	447	
	ubermilk	18486	
	ucrasion	21453	
	ucriminal	24155	
	udklol	33888	
	udok	2312	
	udontneedmyname	2948	
	uehnakrusope	29725	
	ufclife	29422	
	ufdKs2cFWh	14080	
	ufoseer	14457	
	ufrans	800	
	ughfug	11486	
	ugluk	31842	
	uglygit2004	4835	
	uglypapersbox	13220	
	ugotcoodies	12730	
	ugsmister	3443	
	uh-non-uh-muhs	11332	
	ujtrdjnhtr4e54	30349	
	uk247		37216
	uk420		24975
	uk_prescriptions		14347
	ukandeuro	6919	
	ukash	20296	
	ukcannabis		222733
	ukcarder1	29368	
	ukcharlie	28508	
	ukfullzbuyer1	7413	
	ukganja		16205
	ukguide	23232	
	ukhittaz	25463	
	ukhypnothc	10347	
	ukmnjzukm	2631	
	ukmonkeyweed	6765	
	uknow1is3	15240	
	uknumber1	23137	
	ukranium108	15584	
	ukresearch	1245	
	uksamurai1	17718	
	uksmokeshop	8836	
	uksubs		23683
	uladejauik	31874	
	uladejauk	22588	
	ulder	14379	
	ulleskelf	19047	
	ulma	34731	
	uloi	12459	
	ulther	4152	
	ultimaonline	25675	
	ultimate123	7594	
	ultimateteam6	2005	
	ultraglop	21090	
	ultraswayze	35472	
	ultraviolence33	23601	
	ultroping2435	23541	
	um-ak-tyg-cuts-o	22137	
	umak122	20792	
	umarmita	35910	
	umass2002	21948	
	umek	4286	
	umek	14746	
	unahmed	24254	
	unawisersheep	15801	
	unbekannt53	30778	
	unbetween	19385	
	uncetylene	18279	
	uncl3bobz	19699	
	unclebill	23527	
	unclebuck1970	30797	
	unclechop	19087	
	unclefester	4533	
	unclehank	9392	
	unclejulio	22836	
	uncleleo	4161	
	unclesyd2	33550	
	unclewilly1969	19936	
	uncooked	1817	
	uncouth2	20238	
	uncreative123	28318	
	undallesindfroh	6070	
	undead-dog	18490	
	under7	4952	
	underboss77	14550	
	underbubb15	22287	
	undercoverLE	32607	
	undercovercasio	11180	
	undercracker	14584	
	underdaradar	29503	
	underdaradar321	9418	
	undergroundhouse	27009	
	undergroundjedi	12509	
	underguy666	9637	
	underhill	7449	
	underman666	36035	
	understated	10248	
	undertaker57	26613	
	underworld	6880	
	undieexpert	18065	
	undyingzombie	29182	
	unfish	12763	
	unforgiven	20837	
	unholy_pony	19341	
	unicorn00	38258	
	unicorned	25892	
	unicornkilla	19927	
	unicornslayer43	15770	
	uniqueaccountnam	17022	
	uniquelog	31435	
	unisi		13911
	unit52	31096	
	uniteddudes	32305	
	universalcode	1957	
	unixeagle	26483	
	uniz	10286	
	unkenny1	30046	
	unkn0w3n	15038	
	unkn0wn23	33104	
	unknow123	5482	
	unknown0828	7737	
	unknown56	3031	
	unknown7	755	
	unknown79	11952	
	unknownbanker	2692	
	unknowndude	20411	
	unknownmember	9770	
	unknownsoldier	3475	
	unknownuser5542	30110	
	unknxwn	13410	
	unko2014	1223	
	unkut	28573	
	unmacked	3158	
	unmodjo	741	
	unohdettu	31389	
	unow84	8391	
	unown		39977
	unpauvretype2	16453	
	unsichbar	28206	
	untirek	22200	
	ununseptiumveg	38405	
	unwellgetwell2	21769	
	unwritten	7384	
	uolsneaky	38539	
	up4asmoke	7203	
	upallnight	15714	
	upaupa	13565	
	updog	33045	
	updown	25522	
	upgradedvision	6164	
	upinsmoke	13538	
	upinsmoke17	34872	
	upinthewoods	14922	
	upinyourcomp	15021	
	upsidedownride	30997	
	upstate	9630	
	uptheira	14734	
	urfuxinfather	17766	
	urgeekguru	18666	
	uri812	26069	
	urkillinmesmalls	7555	
	urpe12	7026	
	usaAzz	418	
	usagearplug	11545	
	usagitherabbit	17313	
	usb321	12346	
	useful	36713	
	user-998765	19704	
	user009	22381	
	user03579510	25369	
	user0447	15645	
	user10768	33036	
	user111	39051	
	user11223344	33148	
	user112334	10912	
	user1411	25956	
	user1936	22307	
	user1986	19232	
	user2000	16986	
	user22022	31195	
	user29	27549	
	user3001	8797	
	user45	23268	
	user4571	8201	
	user5	14440	
	user5535	30870	
	user5579866	38489	
	user57942	39726	
	user6690	19671	
	user683	4037	
	user7619	23319	
	user79465	20447	
	user898	34419	
	user90002	23924	
	user9472	22399	
	user_one_two_nin	24792	
	userblamer	22854	
	userdelan		18064
	usermyname	21809	
	username09302	23592	
	username11	17636	
	username19735	33886	
	username31	35982	
	username34	11920	
	username501	27966	
	usernamealready	37056	
	usernotfound111	23014	
	usernut	15007	
	userpassword	11261	
	usersaccount	16162	
	userx135	8160	
	userz622	10404	
	ushbt77	33111	
	ushuaia	15046	
	usieo	33657	
	usnavi	19715	
	usrxxx	15181	
	ustechnic	14156	
	ustilago	27832	
	usub99	14690	
	utahanon	27538	
	utility	35354	
	utio	11701	
	utopiik	22178	
	uuBaep7o	26490	
	uughtz33	22028	
	uuno	29985	
	uut89	19046	
	uvavu	9995	
	uw0tm8	24862	
	uysadg1	8197	
	uz3r	7185	
	uzerneims	787	
	uzushu	19085	
	uzylost	14859	
	v-mellow	23366	
	v0ltage	19667	
	v1v1d	10723	
	v23n	22345	
	v2ntm2nt	17495	
	v3ctorman2	17292	
	v4cable	779	
	v4cableshtf		7257
	v4n1	11142	
	v4vendetta6789	16792	
	v8gurl	26815	
	v8k7c1	8248	
	v8supercars	21999	
	vVvoyager	19629	
	v_barrett	5173	
	va11	3662	
	vabrida	31402	
	vacheron		21230
	vacuum	26432	
	vadaim	32889	
	vademecum	1012	
	vaderrises5150	19994	
	vaef2kiu	9223	
	vaga	11029	
	vaginasmith	10892	
	vagoober	25320	
	vajaok	10057	
	valarensharaia	10787	
	valarmorghulis	9579	
	valderrama	32448	
	valenciiano	6347	
	valentine28	5930	
	valeor	25394	
	valera	2721	
	valiumsen	14397	
	vallojafunk	14754	
	vallum2	6999	
	valodia	2522	
	valpen	39799	
	valxal	26576	
	vamo1000	35352	
	vamo836	6188	
	vamoshuamoss	25466	
	vandolini	33274	
	vanessaparadis	11800	
	vanillakilla69	15220	
	vanille	33333	
	vap0rware1	33223	
	vapemagician23	23088	
	vapeme17	13371	
	vaperman	11238	
	vapor13	585	
	vapor_pens		349659
	vaporcoils	12476	
	varevare99	3018	
	various	23571	
	varrin	5362	
	vasenka	32135	
	vasile991	2230	
	vasilij48	36701	
	vasilvas	1172	
	vastengas	14718	
	vatevo99	9076	
	vatikz	4441	
	vaultvan	7897	
	vaxavaxa	931	
	vayaowned	4021	
	vcris	16233	
	vdeck	28539	
	veasvaerwvgewa	29601	
	vedavyas	10306	
	vedorn	9355	
	veer610	4731	
	veinrunner	4285	
	velaskyalf	36723	
	velera	5213	
	veletta	23256	
	velkoz	28974	
	vell_cordon	17688	
	velmutin	35850	
	veloc	2357	
	velociraptor	24716	
	vend0r	14708	
	vendetta85	14336	
	vendettatn	13746	
	vendoor	7982	
	vendortest123		13779
	venger421	6751	
	venjacob	37639	
	venom1852	1017	
	venomtyr	19114	
	venturebro	15303	
	venturous	8431	
	venum	36140	
	verdain	3742	
	verdant	6676	
	verde	18982	
	verdimatical	12485	
	verf	10828	
	veritasssmile	17898	
	verkefniphantom	14955	
	verkoperac	22511	
	vernissage	22350	
	vernonchronbags	23341	
	very_spooky	11685	
	verygoods	8000	
	verysafeninja	9658	
	ves7ige	10116	
	vesmasnomiras	37625	
	vesuviuskiller	1721	
	vettriano	8951	
	vexed13	20715	
	vfreelance	10224	
	vg12vg12	22592	
	vgenov	10304	
	vgnexus	12823	
	vh96	15466	
	vi333	35369	
	vi8haeJe	35249	
	viagradirect		32083
	viagramate	16398	
	vibox	11980	
	vic2410	26164	
	vicelordkillah	5021	
	vicids	12751	
	viciousbinge	23487	
	viciousdelici0us	18067	
	vickcious82	24750	
	vickkyhelen	15758	
	vickkyhelen1	21560	
	vicoz	21439	
	vicpak	28352	
	vicpak74	34381	
	victor23	4276	
	victorbp	8479	
	victornc	22967	
	victoryao27	33	
	videx	12236	
	vieovis	7350	
	vietnam123	13969	
	view	2746	
	vijaay2305	1378	
	vikingfighter123	22413	
	viktorll	4300	
	vilhemvid	16826	
	villageparty	1535	
	villalobos99	39565	
	vin_diesel	1220	
	vinbullet	17291	
	vincent31	25608	
	vincenttt	1249	
	vincentvega1133	29313	
	vincewicks	2981	
	vine	5722	
	vingel54	10806	
	vinlo	34017	
	vinniepaz	4104	
	vinnygorgeous	35422	
	vinnyjones	30723	
	vintagefakecoins		10292
	vinumseeker	24552	
	vinyl	10667	
	violent_fullz	1632	
	violet-the-cat	6971	
	violet_cerise	18658	
	violetpeach	35538	
	viollet4u	19217	
	vip1983	6257	
	vip72	15241	
	viper247	20172	
	viper2k	19906	
	viprite	36094	
	vipsmoke		91620
	vircs	31584	
	vires	30518	
	virgilcain	33340	
	virgilwest	415	
	virgin444	31449	
	virtermine666	36281	
	virtualmontana72	20467	
	virtualsalmon	19215	
	virtuoso	35128	
	virus1	19318	
	virusdevil	26370	
	visalo	10	
	vishuddha	35162	
	visinebugatti	6037	
	vision	2023	
	visionary92	14244	
	visiontrip	24607	
	visitingearth	9998	
	vismut	32428	
	visum	17095	
	vitaSmita	36240	
	vitalik1104	3675	
	vitalitasia33	25169	
	vitalydumwi	16578	
	vitamin-a	5346	
	vitamindmilk	12392	
	vitaminen	38828	
	vitamink23	28079	
	vitathebest	14631	
	vitodon23	6873	
	vitoo	27765	
	vittorio89	7729	
	vivalabam	20532	
	vivalalife	3696	
	vivalapure	26906	
	vivalavida	34415	
	vivanueva	32740	
	vivc	7145	
	vivecs	16355	
	viveladrogue	16975	
	vivid	25257	
	vivo82	23675	
	vize425	229	
	vizio	7649	
	vizz	17204	
	vizz13	23999	
	vkbkbk	24354	
	vkkk	23261	
	vladimirdzeko	25393	
	vladimirpoutine	30100	
	vladimpaler	36201	
	vladpazonki	14773	
	vladputin	9839	
	vladsmith	9928	
	vline	30849	
	vmware12345	24419	
	vnbuddy2014	15230	
	vocteam	5596	
	vodkaMaster	10440	
	vodkaflo	523	
	vodkalol	27753	
	vodkamitch	10463	
	voghurst	704	
	vogonpoet	7156	
	voidreaver	997	
	volbeaten	13335	
	voldemorpheus34	11964	
	voleevol	3892	
	vollbluthuzzler		135267
	volnost	19397	
	volta	19005	
	volumatic	18710	
	volumo	25512	
	vonvon	13023	
	voodoo69	19669	
	voodoochild1	34258	
	voodoostar13	12257	
	voodoowoolf	28126	
	voogure	8862	
	vor_v_zakon	28199	
	vortechs	5019	
	vostent	4714	
	vostent1	6074	
	voxvox666	29495	
	voyager	2777	
	voyager28	4578	
	vpaulo0180	10678	
	vpnbook	9748	
	vpnn	20518	
	vr2212	25209	
	vrc5	36946	
	vrs45	11174	
	vsQGVapHGz	20491	
	vsimain	36714	
	vtbn23	8982	
	vtecyo	33108	
	vtempest	9403	
	vtsoi	17512	
	vulgarium	36606	
	vulkanizer	28271	
	vulpe	9244	
	vurezo	22504	
	vuurvos	7715	
	vvTTvv	17074	
	vvihm	5715	
	vvoidovic	30212	
	vvv34	29506	
	vvveru383	1508	
	vvvnnn	35926	
	vxer	17082	
	vyvansesupply	38059	
	vyvansetrance	10766	
	vzsr	31503	
	w-MrJ19p	13905	
	w-n-rumfoord	29450	
	w00d	11503	
	w00k1e360	7691	
	w00t	31570	
	w01v3s	8928	
	w0lf-gang	24761	
	w0rmLite	16567	
	w1066500	6616	
	w1lbur	3147	
	w1nd0w_lIckr	21552	
	w1nn	32804	
	w1zard7	38262	
	w33dthrowaway	31691	
	w3lshc4ke	32482	
	w3sternsky	1531	
	w43l	15454	
	w4rpiz	31853	
	w4sp	31607	
	w6K0Cvwl3C	13620	
	w8173	27013	
	w8kiu78h	14622	
	wIjAxks	10302	
	wMkldFv9iDdwM0f	7798	
	wX2ktauwDUEGq25	22376	
	waazaapp	33338	
	wackahack	9636	
	wackmanblu	28542	
	wacoms	11733	
	wadd	19712	
	wadey1457	8217	
	wadtorevo	3377	
	waffles77	5732	
	wafflesiniron	28082	
	wafro	30591	
	wagamuffinmama	25289	
	wagner212	37351	
	wahidbin		21567
	wait_for_it	8300	
	waiteranonx	8683	
	wajda	2033	
	wakaflaka	10829	
	wakanai	16395	
	wakawakala9	29703	
	wakawee	11533	
	wakdolittle	17223	
	walalalahaha	14556	
	walckot1945	16105	
	waldoemerson	14459	
	wale	9811	
	wale1927	35585	
	waleedko	31999	
	walkingin	11657	
	walkingpotion	10512	
	walkris	39151	
	walletbtc	20274	
	wallstreet	636	
	wallstreetwolf	3556	
	walltheoff	12424	
	wallworm	34727	
	wally831	1371	
	wallydrag	727	
	walogeda7656	20352	
	walp-8	36361	
	walstiborly	14136	
	walter14	1112	
	walter_ross	23853	
	walterberg	20887	
	walterjunior	10810	
	walther85408	17946	
	wanawana	15357	
	wandalpx	13005	
	wang9000	37318	
	wanker	7325	
	wanksta11	6286	
	wanlymarrin	19958	
	wanme	15603	
	wannabe	9920	
	wannabejdm	24830	
	wannabrollin	34495	
	wantsomeX	6264	
	wanttosee	10573	
	warbeast2012	31274	
	warconman	5700	
	warewolf	14572	
	warfts	31813	
	warlockofmagic	37816	
	warmothtele	38569	
	warmwind	8355	
	warnabrother	22597	
	warnerbros-uk	36906	
	warningboy	37368	
	warpaint	2236	
	warpwise	30687	
	warriorpope	11147	
	warung	17448	
	warvet	9711	
	wasabi123	39091	
	washeska	37341	
	washthatblanket	9863	
	wasitme01	9549	
	wassabi	22453	
	wasser	15288	
	wassup	25928	
	wastedyouth27	10534	
	wastelandpanda	37400	
	wasteman	1278	
	watan	32631	
	wataname	14896	
	watchamate	13734	
	watchdog69	29890	
	waterbongs	9642	
	watercolor	1169	
	watercolored	27912	
	waterhose70	35932	
	watermellondude	36314	
	watersocket	17026	
	wato	22461	
	watson420	12306	
	watt	16417	
	watt425	8760	
	wattco	8660	
	watz124	13344	
	watzkee	2228	
	wave5	659	
	wavekid	34249	
	waveygeneral	39572	
	wavves420	30301	
	wavyness	22045	
	wawaawaw	8024	
	wawahood	28071	
	wawavava	18701	
	waxo	31295	
	waxthtazz		162454
	waxyman2	31772	
	way2000	26014	
	waylon_burns	16247	
	wayne85wayne	16990	
	wayneruth123	30784	
	wayoflight1461	940	
	waytoofar2	33248	
	waytoogross	11494	
	wazada	12016	
	wazza10	9561	
	wazza8689	21648	
	wb_brenner	6466	
	wbvm69	19204	
	wcguy	8383	
	wcm2014	4640	
	wcollarstoner	17401	
	wd40	7463	
	wdajr0401	33307	
	wdhelper		15379
	we3e3ed	37361	
	we_are_anonymous	39296	
	wealthy24	33563	
	wearedead	18562	
	weasel447	8632	
	weaselbuster	31745	
	weasley	23122	
	weatherman77	10725	
	weavonlair	3040	
	webbdeering	29043	
	webfaqtory	21638	
	webmaster	26434	
	webnet	32167	
	wedabest	29691	
	wednesdaynight	190	
	weecheeks3	24440	
	weed1	3510	
	weed4all	32378	
	weed4fun	32681	
	weedan2412	35296	
	weedbuyer2014	12103	
	weedconnoisseur	5604	
	weeddude2	15565	
	weedfrag	31022	
	weedgirlz		68523
	weedies	32296	
	weedismyneed	12518	
	weedlover1	7480	
	weedlover88	16595	
	weedman	2297	
	weedman101	24886	
	weedmanuk	13266	
	weedme	26876	
	weedos1984	9471	
	weedouk420	4691	
	weedpriest	27767	
	weedstar9090	34860	
	weeduk		156107
	weedz99	23813	
	weefinance	8293	
	weepingwillow	10503	
	weesel	221	
	weetabix	22908	
	weetbixkid	33632	
	weezy616	9769	
	weiderman	1617	
	weightedb	2086	
	weightedbb		25249
	weilin	3397	
	weird26	1739	
	weirdnessss	9689	
	wejmfoi2348is3s	11897	
	weldam	12582	
	welder	20144	
	wellsurrr3	19494	
	wellwkd	20929	
	weloverussia	38841	
	welp	4279	
	wendu89	35209	
	wendy69	14599	
	weneedWATER	34086	
	weneedyounow	6608	
	wenglex	39119	
	wennie	15604	
	werchange321	24884	
	werewolf6606	19247	
	werner-steel	39492	
	wernerml	16028	
	wertu		29077
	weshalltry	27487	
	wesley91	3843	
	west	11749	
	westcapo	14492	
	westcobbler362	11714	
	westeurope	16728	
	westhebeast	30703	
	westminster23892	12843	
	wetdebt73	5630	
	wethepeople1234	9016	
	wetlotion	22711	
	wetmore81	11072	
	wewantitnow2014	5273	
	wezleysnipezz	15305	
	wezzz	26808	
	wflash	15248	
	wh0les0me0ne	37072	
	wh0re69	12744	
	wh1t3b04rd87	127	
	wh1tehat	38538	
	whacker1957	21921	
	whadafu	9590	
	whalenuts	24488	
	whaletime10	33983	
	whalewatcher69	16670	
	wharold3636	38674	
	whatareyoudoing	26243	
	whatevs	15079	
	whathepuck	28783	
	whatineedtodo	29750	
	whatisit	37714	
	whatisthis1	33966	
	whatitis1	10467	
	whatkindofdrugs	38713	
	whatman123	21635	
	whatmeworry	29662	
	whatmynameis	20351	
	whatnow	6968	
	whatsausername	29713	
	whatscooking		220466
	whatsgood	19261	
	whatsgucci	14032	
	whatsit2ya	11673	
	whatsthestory	2953	
	whatsthestory2	4314	
	whatsthis	364	
	whatswhat	10456	
	whatthefaux		28930
	whatthefuck42	21087	
	whatthefuck420	33728	
	whatwasit	11086	
	whatwillitbe	31490	
	whatzit213	34204	
	wheelz1985	7605	
	wheetdog0707	36413	
	whereaminow20013	18225	
	whereismylife	21454	
	whereismymind	21794	
	whereismytowel	22778	
	whereisraisinboy	10131	
	whereru	1903	
	wheresmyshit	15644	
	whet1	8761	
	whickwhick22	34408	
	whilst	7074	
	whimperingdog	2407	
	whiskey	19697	
	whiskeypapa	18318	
	whiskywils	18505	
	whisperv3	31423	
	white90422	37367	
	whiteR4bbit	10543	
	whitealien	38351	
	whitebikerguy1	29220	
	whiteboy512	19509	
	whiteboy91	29192	
	whitebrown	29805	
	whitechristmas	31756	
	whitecollar	10316	
	whitedan	7571	
	whitedefcon	19801	
	whitedog99	14205	
	whiteflakes		398753
	whitehart	19425	
	whitehart512	22915	
	whitehat	4931	
	whitekeychain	22659	
	whitelight1	21658	
	whitelineshop	6079	
	whitelotus	2063	
	whitemamba1309	7769	
	whitemarth	24725	
	whitemolly		7871
	whitenigger	31241	
	whiteowl1		203813
	whitepaint7564	11792	
	whiterabbit	17023	
	whiterabbit123	21322	
	whiterussian	8412	
	whites0ul	8993	
	whitesoul	6869	
	whitestoli		51132
	whiteswan	17351	
	whitetee03	20054	
	whitewall	1247	
	whitewalls	13862	
	whitewidow012	8541	
	whitewing	24917	
	whizzardX	9010	
	whk9krc	19233	
	whmcpanel	13020	
	who507	10991	
	whoareyou	2936	
	whocares	2959	
	whodatwhodatwhoo	32858	
	whodewho	32982	
	whogivesadamn	6900	
	whogoesthere	34323	
	whoisbane	7580	
	whoknows	2194	
	whonow	10496	
	whorificcunts	28446	
	whoru007	10673	
	whosaidhesaid74	7085	
	whosthatgirl	19379	
	whosyours	39045	
	whoweare	15771	
	whowhatwhere187	28524	
	whoyoufronting	19786	
	whyalwaysme	15829	
	whyarent	11425	
	whycorruptworld	1096	
	whydididothat	38021	
	whynotworking	16187	
	whythehell	17533	
	whyusheep	1595	
	whyusheep2	1663	
	whyusheep3	1667	
	whywasibanned	1297	
	whywilly	7289	
	wiazvan	1996	
	wibblewobble	35949	
	wicd-man	14783	
	wick	17925	
	wickedface	17542	
	wickedr	14938	
	wickedtuna	36226	
	widda	3248	
	widdz	1872	
	wideawake	4141	
	wideboy	2394	
	wietparkiet	38192	
	wifeissick	35849	
	wifey1	27448	
	wifi4ever	21345	
	wifica	24651	
	wifihotspot144	16080	
	wifihotspot1444	16152	
	wifiname	36412	
	wiggitywhat56	22796	
	wiggleking808	7878	
	wigglewobble	31023	
	wikipedia	6787	
	wilburkiller	6896	
	wildape	39022	
	wildchild123	20368	
	wildchild89	36080	
	wildenstein	25631	
	wilderone	26608	
	wildgrotto	33302	
	wildguypete	23745	
	wildhunter4u	8089	
	wildkard	35274	
	wildsbok	9722	
	wildslip	20366	
	wilkiee	16319	
	will1474		7200
	will2468-2	835	
	will7am888	26643	
	willamluv	7630	
	willbarrow	3227	
	willbok	22057	
	willemde	19536	
	willemj	22923	
	william1990	18075	
	williamBurrows	31723	
	williamfaulkner	30419	
	williamlan	17810	
	williamoster777	17098	
	williamsii25	21821	
	williamwallace1	10169	
	williansmills	36238	
	willingtolearn	7189	
	williss11	22627	
	willk0101	14313	
	willpartridge	33820	
	willstdumitmir	26088	
	willy-cocks	10556	
	willy-wanka	36497	
	willy79	22416	
	willyanpit	897	
	willycl0ck	3109	
	willyclock	166	
	willyclock1	1099	
	willyclock3	1194	
	willyclock4	2597	
	willyclock5	10517	
	willywangles	21659	
	willywonka1510	18170	
	wilmaster001	17014	
	wilson1	32067	
	wilycoyote3	30020	
	wimmies	8137	
	windowslat	17197	
	windstar	31707	
	winegum	25326	
	winfarm	32290	
	winforlife	30955	
	wingdingftpsni	24460	
	wingmaster424	10451	
	wingnuttt	10830	
	winkwinkwinkwink	19314	
	winmix	38576	
	winnetou	5215	
	winnifitz	35527	
	winningforfun	1224	
	winnnn	3503	
	wins68	16353	
	winter	15125	
	winter93	26589	
	wintermute	5394	
	wintermute34	31677	
	wipeout90	33077	
	wired28	22931	
	wired90	31091	
	wiredog52	21469	
	wirenfeldt	39488	
	wirre1	22626	
	wiseolman	31351	
	wister4790	15907	
	wisteria	7104	
	witchdoctor	7808	
	witchhazel	20425	
	witey	38505	
	withstyle	9705	
	wittekees82	26615	
	wittypuppetier	12442	
	wiuwa	2490	
	wizaalm	28887	
	wizard101	16888	
	wizard107	4743	
	wizard22	19429	
	wizardfarts	25214	
	wizardnigel	36327	
	wizardofleov	13232	
	wizot	17862	
	wizz187	14561	
	wizzad	17521	
	wizzla		378922
	wizzx	26564	
	wknbake	3129	
	wkrbbk	26661	
	wlseeds	6333	
	wlth	23619	
	wmbwmilcsrtl	36829	
	wnow	5627	
	wo84seirr43	25968	
	woManwo	37145	
	wobblyjordan	29953	
	woco	11976	
	woeie	37358	
	wogbones	17114	
	woker	6644	
	woksta10	22799	
	wola3	36014	
	wolandd	21756	
	wolf950	38517	
	wolffglade	10580	
	wolfganga	36157	
	wolfhat110	8915	
	wolfier	5364	
	wolfman05	7235	
	wolfod		7522
	wolverine1928	22355	
	wolvesreign	17906	
	womanilluminati	15052	
	wombat	13251	
	wombat11	26854	
	wombatrat	32187	
	wombatways	13662	
	wombocombo	16901	
	wommytomble	24584	
	wonder401	18397	
	wonderd	8136	
	wonderfluff	5943	
	wonderkid	7434	
	wonderlamb1995	3616	
	wonderman187	17140	
	wonderrous	33762	
	wonderwall	12122	
	wonkeydonkey	21476	
	wood	11505	
	woodchuck81	5008	
	woodcock	22600	
	woodendicks	23321	
	woodpeckerUTH	38131	
	woodpeckerftpsni	19008	
	woodwakp	11280	
	woodycharles	6351	
	woogie1987	36086	
	woogieboogie	34491	
	woohoo44	4230	
	wookar	31458	
	wookit	30463	
	wookito	20833	
	woolf	27641	
	woolls88	7607	
	woot	1943	
	wootme	1605	
	wooty	2765	
	woowey	17077	
	woowoo	30367	
	wordage	19098	
	workaholic	62	
	workpan	4872	
	worksmartnothard	17334	
	workwang	4856	
	world_travel	26443	
	worldboss2015	34938	
	worldfarmers	30137	
	worldfullznow	17981	
	worldpeace	18881	
	worldview0	1861	
	worldwary	36996	
	worldwide11221	17201	
	worldy12	16500	
	wormdevil	34334	
	wormhole14	31032	
	woteva	18137	
	wotiz123113	37749	
	wotsit1	28952	
	wow666wow	24826	
	wowa123	29580	
	wowdoge	26791	
	wowmoney	2977	
	wpww	34641	
	wr4zer	32338	
	wraithe	26102	
	wrambord	19709	
	wrathofwalrus123	12887	
	wrdstsmthng	23285	
	wreckingball	39624	
	wreker1r	10511	
	wrekker	2047	
	wreku	23337	
	wres	18939	
	wrestler04	20111	
	wretchedearth	12568	
	wrinkled4skin	13578	
	writer	19388	
	writespite	15110	
	wrongwaydeep	17867	
	wrongwaydriver	16173	
	wrxplaya11	31907	
	wryyrw	31075	
	wsmooth	2284	
	wstevie	24866	
	wt4qiu49	9440	
	wtfbrblol	15883	
	wtfdude	14489	
	wtfh0ax	26031	
	wtfha	14374	
	wtfloaf	39001	
	wtforce	583	
	wtfwtf111	11873	
	wtfwtf112	27245	
	wtfwtfwtf	3401	
	wttp3	4676	
	wuinty		162145
	wulliecee	12701	
	wunderland287	33503	
	wurlboss35	6815	
	wurtxz	8426	
	wustudent	23609	
	wutang	591	
	wutangforever	30106	
	wuxia888	15780	
	wuzey	39499	
	wvwnl	32569	
	ww79	29631	
	wwcd	26489	
	wwhite019	37451	
	wwiillyyoo	26374	
	wwwBill	28584	
	wwwhateverrr	16980	
	wyatt-crackson		10041
	wyattt	13401	
	wyb666	15629	
	wychers1	7966	
	wyrdjoy	13198	
	x-X-x	2809	
	x-z3r0	34707	
	x0000x	9228	
	x0001100011	29574	
	x0192837465x	21247	
	x0fgoods	22488	
	x0mbie	12900	
	x0xszpk3rx0x	36408	
	x12345	17712	
	x1hmrbf	10069	
	x3hno	17528	
	x3msmoke		178476
	x4LL7yr4t99jp	34103	
	x4er	12493	
	x543x	21892	
	x55xx77	36456	
	x5t0rMx	276	
	x6077x	29804	
	x6t4	32469	
	x76brfg2	17294	
	x7rocks	19076	
	x9876	13974	
	xAtomic	23003	
	xBay	4029	
	xClouder	2674	
	xDepot	24150	
	xFrancis	7279	
	xHydra	37991	
	xNeo	8986	
	xOverlordx	36319	
	xPanzerfahrerx	36745	
	xRayy		25697
	xShield	38167	
	xTheNamelessx	30151	
	xVeros	33626	
	xXShadowXx25	22360	
	xXSingularityXx	25012	
	xXsilentzahusXx	1885	
	xXxIR0NWiLLxXx	25582	
	xZ2938iief	17942	
	x__x	17165	
	xad1	8375	
	xahrx420	26813	
	xaix	12326	
	xak9	4334	
	xakarovisk	29223	
	xale	18898	
	xamas	4998	
	xan4dan	35095	
	xanadou		26645
	xanaxbarzzz	25747	
	xanaxking		22898
	xanaxman	20660	
	xanga_17	37867	
	xannylover	21891	
	xanthium	8692	
	xavier	2847	
	xavierkent	29438	
	xaxax	5094	
	xaxera	36379	
	xaxex	8629	
	xbdjdkd	13532	
	xbito	14975	
	xbn77	25201	
	xbox300	25767	
	xbyqzz	28094	
	xcWbtSFG	20900	
	xcactuz	27897	
	xcaliber	11189	
	xcessive78	17746	
	xcntrc	26680	
	xcode111	27501	
	xcrdr1	21793	
	xcrdr101	35607	
	xcrise1	6494	
	xcvbnm	2209	
	xdark	19208	
	xdaznx	1910	
	xdcx	23209	
	xderpderpx	21227	
	xdoc		19308
	xdrpx	24610	
	xeev876	29782	
	xeira	10329	
	xelas9882	6403	
	xell	38478	
	xen0n	17703	
	xenox2	26493	
	xeonflux	16637	
	xeos	2152	
	xer541	1517	
	xerakai	31961	
	xerivar666	18211	
	xerzes	21445	
	xese89	3811	
	xethed	27203	
	xfreestar2	14939	
	xfy001	12797	
	xgmx11	2822	
	xgmx11gl	2823	
	xgroove	30822	
	xhThug23	9709	
	xhazex	12345	
	xiaonewdabee5	28557	
	xileddreamz	2224	
	xjam127	22055	
	xjdt-2gbFe	8546	
	xjjjrvm0615	17400	
	xju87x	37797	
	xklite	19482	
	xkoderc	34260	
	xlcodylx	25879	
	xlioness	33010	
	xlove	2452	
	xloveralot	34354	
	xlurd	254	
	xlzipz	32518	
	xmacious	31420	
	xman3	2852	
	xmanx	28470	
	xmark	2661	
	xmarkosmithx	36915	
	xmass	29987	
	xmc217	13499	
	xmcraml85	18519	
	xmen1000	3453	
	xmerage	35120	
	xmjm924x	28283	
	xmr01	31900	
	xmrxmrx	29664	
	xncsux10	7484	
	xndsx	13286	
	xneoxcarding	21887	
	xnx2312	37013	
	xochipilli44	14090	
	xocolatx	23910	
	xoiurp	21527	
	xollero	30015	
	xolom	11283	
	xombor	9506	
	xone22	11735	
	xonk	2930	
	xonr8	8156	
	xoot1c	24120	
	xoox	8894	
	xorcas	3038	
	xoro	12202	
	xoton	20408	
	xouxou5050	16325	
	xoxo	7676	
	xoxox	8343	
	xpandawareness	21482	
	xpearjuicex	28814	
	xpie	16857	
	xpkpkz	5879	
	xplode11	37334	
	xpq2	19029	
	xqwztis	19174	
	xr-m25	23513	
	xrated	29517	
	xray99	15989	
	xraymirror	17288	
	xrayvilla02575	18581	
	xre1dx3	9288	
	xreepsy	39399	
	xreole	491	
	xsane	18629	
	xsdfgh12	14017	
	xshadowx	35807	
	xskitx		27223
	xstarxxx	1389	
	xstudent	27193	
	xswokn222	14301	
	xtastic	32405	
	xtcfrance		223778
	xtchappyqq	37977	
	xtcjunkie	33293	
	xterraordinaire	18611	
	xtrahigh	771	
	xtralovin	20301	
	xtreme18	14798	
	xtreme23	15162	
	xuser776	31783	
	xuserblack	23469	
	xuserx	7552	
	xvectory	17384	
	xvpmoK579	21046	
	xwhyzee5	29338	
	xwing525	10776	
	xxAK47xx	15440	
	xxcdrwxx	8070	
	xxerse	27481	
	xxinvaderxx	1601	
	xxjatoxx	24867	
	xxobombermanoxx	20926	
	xxoojiejiejie	20471	
	xxpey	23669	
	xxplosive	35004	
	xxpreaditorxx	39529	
	xxproviderxx	33385	
	xxrascal23	23105	
	xxrokchikxx	35343	
	xxselassiexx	37154	
	xxsnuggyxx	24527	
	xxthe	4635	
	xxthekidxx	12573	
	xxwarghentxx	14613	
	xxx2222xxx	27540	
	xxx987	25994	
	xxxTrippyxxx	17745	
	xxxconnectxxx	24232	
	xxxevouserxxx	14542	
	xxxfunnybone	33544	
	xxxlll	24939	
	xxxredvelvetxxx	21987	
	xxxvitamin	6512	
	xxxxl	11360	
	xxxyyy	11888	
	xxyyzz77	30680	
	xyborg	26311	
	xygega31	31973	
	xyz75	39338	
	xyz99	27418	
	xyz_	29134	
	xyzzy	2488	
	xz8c9129109z	15921	
	xzde	6462	
	xzibitbr	742	
	xzzzzx2	12534	
	y0fl0w	6723	
	y0kush	23130	
	y0zenn	22286	
	y134w	25909	
	y2000k	30643	
	y2j24	35800	
	y6o6d6a	27422	
	y9KbLoplX0XQ	5655	
	yUroD	23377	
	yackattack27	18125	
	yaddy12	8158	
	yagsitibbarc	22256	
	yamacasi	24118	
	yamaha21	8420	
	yamcrown	28348	
	yamp	15589	
	yamum	22169	
	yanethyaneth	33596	
	yankee	5347	
	yankiefeat3	24389	
	yannick225	11290	
	yannii	20948	
	yanzi	8397	
	yarakkafali	26594	
	yarkay	8227	
	yarrpotato	26209	
	yarus	13854	
	yaska	28039	
	yason_darulo	31441	
	yassinnn	26143	
	yasuospoop	9404	
	yasuz	15655	
	yaya91	35976	
	yayodude	15671	
	yayodude1	15403	
	yayonono	8050	
	yaziri	987	
	yazoopolisher	34981	
	yazzy123	31419	
	ybmadd	19418	
	yc2015	23316	
	ycsai	22023	
	ycv18	10524	
	yd2axt6sgoac	11132	
	yeastydolphin	32942	
	yeasutokugawa	9109	
	yedinya		31092
	yeezus	1906	
	yeezy	3643	
	yehias	11138	
	yellfire95	958	
	yellow2020	30599	
	yellowball1	21233	
	yellowbird	5164	
	yelloweye	4130	
	yellowfever	25726	
	yellowfrog24	30568	
	yellowjacket	4659	
	yellowphone1	23875	
	yellowyellow	13762	
	yelneb7	7699	
	yeloanaconda	19522	
	yen3ufhm	33925	
	yepman	18564	
	yerabc	35443	
	yeslolyes	25925	
	yesman11	23803	
	yesnoyesno	31194	
	yesplz001	33310	
	yessir11	21497	
	yessir989	9287	
	yestak11	12340	
	yesteryears9	36539	
	yeswings	20817	
	yezzir	1852	
	yflhfnpfblaf23	13719	
	ygalanas	14749	
	ygdrasils	36463	
	yggdrasil57	15767	
	ygt4fd32	20558	
	yh3ma9pzy7qjz67	12056	
	yhchan	39496	
	yhdfjhne54huj5	14055	
	yhparg	14066	
	yhstlom	2682	
	yhyhyhyh	36731	
	yify	31331	
	yinnome	12304	
	yinyang260	25166	
	yiper8459	22662	
	yipyap	36122	
	yipyipyipyipyip	9873	
	yiquiyaca	4988	
	yjmtdje54ujh54	30180	
	yllen	35779	
	ymck420	37937	
	ynotxxking	8807	
	yo666	26776	
	yoba	10239	
	yobagu	27780	
	yocinam	10807	
	yodaone902	14588	
	yoggydoggyevo	26404	
	yogi14	20873	
	yogi15	31976	
	yohack	16039	
	yohann64	37662	
	yoink777	37063	
	yoitsdan	30081	
	yojustfuckit	27066	
	yokes	27788	
	yokoloko	36770	
	yokozuna	26008	
	yokuza78	24220	
	yokyoknew	1323	
	yolkypalky	13506	
	yollo	5365	
	yolo4ever	25779	
	yolodecepticon	27472	
	yolodrug	21294	
	yolohorse69	26622	
	yolomcswagswag	1877	
	yolomofo	11114	
	yolonl	23233	
	yoloswagga12	11167	
	yoloswekk	28086	
	yoman	6440	
	yomapen	21019	
	yomexro	24827	
	yondery	31483	
	yonig	30880	
	yoniponi	38771	
	yonk	19178	
	yonkou01	3142	
	yoob	1870	
	yookeroo	4395	
	yopbobi	23728	
	yopley1384	155	
	yopyop	9084	
	yorkman66	11358	
	yorkshiredave	22236	
	yorosweg	32292	
	yosakura	20685	
	yosert39	27981	
	yoshie36	20514	
	yostring	6603	
	you12345	31509	
	you2374	22816	
	youandme33	7374	
	youarescammers12	7720	
	yougottafight	3531	
	youknowus	10363	
	youlikebarney	30148	
	youmai	29289	
	youmammoth88	20859	
	youneedusnow	21216	
	younes75000	33620	
	young-black-male	22268	
	young12	30173	
	youngeagleseaa	509	
	younggorilla	35062	
	younghefe	21405	
	younghippy	22429	
	youngloco1	36404	
	youngmoola	10267	
	youngpound	17017	
	youngreem777	8613	
	youngrich23	22204	
	youngscooter	38320	
	youngstarr	314	
	youngsterling14	5598	
	youngstunnah7482	16362	
	youngvisionary	33942	
	younits	12361	
	your23	37376	
	yourDearMother	27381	
	youraveragejoe77	14563	
	yourbestfriend	4760	
	yourdeadmonster	28474	
	yourhelp	18367	
	yourmama93	12019	
	yourmghq	2975	
	yourmomsocat	32243	
	yourmum	6373	
	yourpity	15450	
	yoursupply		19780
	youseed2014	27277	
	youthinrevolt	37719	
	yova07	6987	
	yovoyporti	15986	
	yoweed	8189	
	yowhallzer	3320	
	yoyo31	26355	
	yoyo55555	4312	
	yoyoguy	32348	
	yoyolasershow	17443	
	yoyomama	10472	
	yoyoyo1234	2715	
	yoyoyowtf	14057	
	ypcx	25764	
	yrneh	28413	
	ytdjk65du54	29070	
	ytrewqthebrave	34345	
	yuanzhe9108	31710	
	yudi	20332	
	yugiohbamer	14761	
	yuichi	16887	
	yukki123	32034	
	yukkuyukku	16396	
	yukyupyum	27169	
	yulquen	10218	
	yumedreamer	13118	
	yummydumpz	1511	
	yumpy	22430	
	yumyumyola	12115	
	yungagro	17902	
	yungscooter	36633	
	yungtoto	15199	
	yunkie1234	30064	
	yuschu	10719	
	yuskeamoss	23599	
	yustmebeingme	6149	
	yutiro1234	35263	
	yuuji	4624	
	yvesl	16788	
	yxcv1234	19461	
	yyms	30044	
	yyy6	29535	
	yz5a	20703	
	yzarc	29642	
	yÜlanda	2316	
	z00m	4771	
	z0mbie666	19585	
	z0mbiebaby	7901	
	z0rr0	2896	
	z3n1thp3ak	5041	
	z3nhvw	1516	
	z401xe	23946	
	z4ppo	27653	
	zaaaaz	1312	
	zabymes	330	
	zackattack27	22370	
	zader	27618	
	zadox	7550	
	zaech	32354	
	zagor30	31480	
	zaheer	28638	
	zahid27	8195	
	zaichik83	9823	
	zajaczek	20723	
	zak111	2864	
	zak65	13471	
	zakalipo	34220	
	zakari	2163	
	zakazoff	26437	
	zakid	3578	
	zakone	18273	
	zalandoUK	14841	
	zalatwiacz1	5645	
	zaleks	24956	
	zalim210	22146	
	zalla	2838	
	zalupa	28421	
	zalvin		16510
	zaman		1922
	zamaoqwere	12329	
	zambonitene	15122	
	zamnesia	3684	
	zamora	3755	
	zamulacz	29786	
	zan786	4057	
	zan786786	4700	
	zancle	26609	
	zanda	24377	
	zandorix1	13061	
	zandox	16678	
	zangarmarsh	1006	
	zango1000	12901	
	zanni	3427	
	zannzenn	23801	
	zantus	2811	
	zanulcamatar	6686	
	zanwan01	31581	
	zanwidlean	20478	
	zanzibar10276	9264	
	zanzibarfields	32244	
	zaowan	13937	
	zapoleon	13588	
	zapp670	30684	
	zapp_brannigan		29084
	zapperSF	15971	
	zappfe	32267	
	zappit	14369	
	zaq1xsw2cde3vfr4	18877	
	zaqwes	23028	
	zaqwsxc	14676	
	zaqwsxcderfv	27404	
	zarabuda	17412	
	zarachbaaltaragh	24616	
	zarathustra_46	18162	
	zarbarf	31638	
	zarcas	6041	
	zarcher	27439	
	zarf	29307	
	zargadab	20258	
	zarkof	2548	
	zatan	20466	
	zatox87	29532	
	zauber	10490	
	zaure	16144	
	zavexis	2397	
	zavvi	32477	
	zawadzki	1722	
	zaxarich	20036	
	zayedfarouk	23546	
	zaytoven	29471	
	zaza9	473	
	zazaza13	38487	
	zbb7	38748	
	zblah	1497	
	zbox89	10651	
	zbtaldo	2655	
	zbtaldo1	7262	
	zbx4h2	6891	
	zcaregistr	30556	
	zcaverz	4193	
	zdead085	18114	
	zdenek_smetana	7452	
	zealstar	30542	
	zebbafuckindee	7236	
	zebbie	363	
	zebedee	25740	
	zebedeu	6903	
	zebo1	21468	
	zebra56	27744	
	zebracash	7340	
	zebracross	37321	
	zebulon33	5551	
	zebulon331	6593	
	zecaucisse	28510	
	zech	27246	
	zecquh	15190	
	zect05	35055	
	zed009	18554	
	zedlks	24295	
	zedospeed	7030	
	zedpemca11	6840	
	zedsdread	37085	
	zeek01	8722	
	zeekthefreak	2698	
	zeewa	31824	
	zeffertcf	3521	
	zefii	17335	
	zehuze	16904	
	zekky01	30375	
	zeko21	9939	
	zekwe-riina	32260	
	zelda101	370	
	zelly12345	6722	
	zelouco4	20565	
	zemtard	39483	
	zen33	28306	
	zenana511	6454	
	zenbonzakura	29578	
	zencandy	22781	
	zenek	27888	
	zenitaga	24942	
	zenium	5547	
	zenmasterking	10424	
	zenos	22254	
	zentic	9942	
	zeolan	17321	
	zeon	31518	
	zeonflux	14438	
	zepabh	3709	
	zephyr1122	36438	
	zeppme	2093	
	zer0mass	8438	
	zer0xh	34868	
	zer0zerru	25792	
	zerator	28944	
	zerberster	38250	
	zeriko	18203	
	zerilous	9110	
	zerkmate	9057	
	zero	580	
	zero23	36159	
	zero420	1216	
	zeroDARKse7en	14169	
	zeroSally	13948	
	zerocache	36948	
	zerochance	26585	
	zerochop	9328	
	zeroduty2	1098	
	zeroket	33278	
	zerom	4934	
	zerorain1540	38571	
	zerotolerance	22619	
	zeroz	17815	
	zert29	20170	
	zerus	15234	
	zestia	17945	
	zestytestys	37427	
	zetabuyer	32972	
	zetazeta1	5536	
	zetsubou	8389	
	zeusnova	35886	
	zeze1415	14106	
	zfighter	25305	
	zfrg26	39287	
	zgLvKGJvdt	19503	
	zgLvKGJvdtCLONE	6857	
	zgzko	12179	
	zhabaJoe	32801	
	zhd19900309	16814	
	zhengxiuchu	9284	
	zhong696969	12173	
	zhulka	6981	
	zia49	25573	
	zickzack	21717	
	zicman	11433	
	zid166	17662	
	zidane922	5248	
	zifin	26553	
	zigamiga	15909	
	zignis	11734	
	zigzaghomie117	17846	
	zikla45	10186	
	zikomantis	16999	
	zill	34836	
	zillers	34926	
	zimazoum	14930	
	zimmer11	21003	
	zimurgh	36755	
	zinc	27019	
	zinegama	20934	
	zinkodump	11773	
	zinxen	32926	
	zinyak	5405	
	zionlionking	35468	
	zionsgs	443	
	zipdude778	14695	
	zippajo	13053	
	zipper	2906	
	zippo	3575	
	zippo3000	29012	
	zippy213	4274	
	zipso7	25739	
	zipstyle	36794	
	ziptoman	13273	
	zize	122	
	zizou10	25800	
	zizzy	27850	
	zjahn	15077	
	zjciprazz	30395	
	zknu7	12612	
	zkyusi	20857	
	zlNl1	20994	
	zlaty	15396	
	zlazla	26823	
	zldsglvs	17820	
	zlo9114	38035	
	zlobnijg	387	
	zluiz		8360
	zman	3366	
	zman16	34388	
	zmkfdn3242	35446	
	znolat	17203	
	znss	17359	
	zobz	28285	
	zoeboy401	34037	
	zoelife	15628	
	zogZoomerman838	17993	
	zogbar	16351	
	zogg	25911	
	zohar		20411
	zoidberg333	26881	
	zokas	6833	
	zokoni	30906	
	zoltargirl	27584	
	zombieface	6614	
	zombies36	21002	
	zombieslayer9099	19687	
	zombiezappa	3594	
	zomghai	8109	
	zonanorte	24441	
	zonda	29944	
	zonkbro	11844	
	zonts	6606	
	zoobdo	10198	
	zoological	13865	
	zoomchick	25005	
	zoommoom1	18500	
	zoomoo	18504	
	zoothornrollo	33979	
	zopharma	32628	
	zor0m3n	4962	
	zoraki	35413	
	zorrohamster	6838	
	zoul007	16411	
	zozja	205	
	zpalqm	25345	
	zpqzpq	37304	
	zqsd32	10114	
	zrapon	22145	
	zsakutca	35289	
	zsexdr	39095	
	ztaN	38521	
	ztcurles	36467	
	zthermal	11245	
	ztorkattila	26801	
	zubama	39512	
	zucker_schnecke		386364
	zuirisevo	26750	
	zukazazo	36256	
	zulo	29849	
	zulu10	2409	
	zulualpha	321	
	zuma	22591	
	zummit	24206	
	zumol	27128	
	zumzum	10494	
	zunderhack	17861	
	zunezune178	38390	
	zunidog	32723	
	zuperbman	35444	
	zuttlah	36927	
	zuxpux	28794	
	zuza	2768	
	zv3r3ch3k	23111	
	zvaigzne	27452	
	zvmsx	34310	
	zw619	31294	
	zwaan	13690	
	zwaki	24772	
	zwakoono	27703	
	zwickl	27264	
	zwuz	11896	
	zx112	3795	
	zx73659hd	23961	
	zx999au	14320	
	zxc8520	30115	
	zxcv123	4463	
	zxcvb	11331	
	zxcvbnm1	24985	
	zxcvbnm11	23218	
	zxcvbnm321	15493	
	zxcvbvcxz	20197	
	zxcy	26013	
	zxczxczxc	12390	
	zxtop	6019	
	zycoon	11576	
	zygui	23326	
	zyko662dam	23590	
	zylixr	19756	
	zypr3x	24980	
	zysr46	15130	
	zyteog	8035	
	zyzz00	12184	
	zyzzrefferal	35363	
	zz0000	830	
	zz31bob	25417	
	zz_moneyx	13124	
	zzbbt	24976	
	zzlarker	30699	
	zzyzzxx	29225	
	zzz111	30179	
	zzzabc	6402	
	ÏgAlæs	2399	
	свинец	1793	
